npm warn Unknown env config "devdir". This will stop working in the next major version of npm. See `npm help npmrc` for supported config options.

> @skillonx/survey-api@1.0.0 test
> node --import tsx --test --test-concurrency=1 $(find src -name '*.test.ts')

▶ publicWriteKey (classroom-safe rate limiting)
  ✔ gives 100 different students on the SAME IP their own buckets (0.50125ms)
  ✔ buckets the same identity together regardless of USN formatting (0.047333ms)
  ✔ separates the same identity across different surveys (0.047458ms)
  ✔ keys /submit by submission id when no USN is present (0.039125ms)
  ✔ keys quiz writes by attempt token so a classroom NAT is not one bucket (0.056208ms)
✔ publicWriteKey (classroom-safe rate limiting) (1.231708ms)
▶ class administration access
  ✔ does not let every subject lecturer approve students (0.354791ms)
  ✔ lets the class coordinator approve once for the whole class (0.043917ms)
  ✔ lets college admin manage class LMS links and approvals (0.034292ms)
✔ class administration access (0.899042ms)
▶ class enrollment eligibility
  ✔ allows a matching CSE 3A registration (0.412708ms)
  ✔ rejects a different section without altering the student profile (0.123333ms)
  ✔ rejects a different branch (0.067125ms)
  ✔ treats missing optional scheme as compatible (0.03975ms)
  ✔ describes the class in student-facing copy (0.032292ms)
  ✔ maps a semester registration row onto the eligibility snapshot (0.529584ms)
✔ class enrollment eligibility (1.707667ms)
▶ academic class format
  ✔ builds the student-facing class title (0.358958ms)
  ✔ builds a stable class code (0.103333ms)
  ✔ maps elective course types without treating them as core (0.046708ms)
  ✔ formats the public join URL (0.047875ms)
  ✔ uses roman numerals for semester titles (0.033625ms)
✔ academic class format (1.118ms)
[env] loaded /Users/nithinkswamy/Documents/GitHub/skillonx-erp/skillonx-erp/.env
▶ student LMS class access invariants
  ✔ never treats electives as automatic class subjects (0.348791ms)
  ✔ does not award progress for an empty open (0.082708ms)
  ✔ keeps enrollment class-based in the live schema when tables exist (41.349791ms)
  ✔ does not create a student-course enrollment table (7.124458ms)
  ✔ stores student LMS side-effects without duplicating lecturer content (5.635417ms)
✔ student LMS class access invariants (55.092375ms)
[env] loaded /Users/nithinkswamy/Documents/GitHub/skillonx-erp/skillonx-erp/.env
▶ student progress engine
  ✔ weights real activity completion, not page opens (0.360041ms)
  ✔ redistributes weights when a category has no work (0.041625ms)
  ✔ returns zero when nothing is configured (0.03775ms)
✔ student progress engine (0.865959ms)
▶ student-facing CO bands
  ✔ maps percentages to learning feedback without exposing thresholds as admin tools (0.048583ms)
✔ student-facing CO bands (0.081208ms)
▶ assignment and assessment statuses
  ✔ does not expose marks before release (0.58325ms)
  ✔ maps internal assessment release states (0.052292ms)
✔ assignment and assessment statuses (0.685958ms)
▶ class subject access kinds
  ✔ treats core, lab, and AEC as class-derived subjects (0.05775ms)
  ✔ labels course types for student cards (0.039125ms)
✔ class subject access kinds (0.164333ms)
[env] loaded /Users/nithinkswamy/Documents/GitHub/skillonx-erp/skillonx-erp/.env
▶ academic leadership HOD + Principal E2E
  ✔ 1 faculty retains faculty capabilities without leadership assignment (5784.484792ms)
  ✔ 2 HOD assignment keeps faculty role and faculty capabilities (5527.916083ms)
  ✔ 3 ending HOD assignment does not remove faculty identity (5714.361875ms)
  ✔ 4-9 HOD can view own department academic data and cannot access another department (5866.120917ms)
  ✔ 10-15 faculty leave routes to department HOD then HR; wrong HOD denied; HOD approval is not final (14901.708083ms)
  ✔ 14 HOD reject does not proceed to HR (5361.857083ms)
  ✔ 16-21 HOD leave goes to Principal then HR; self-approval denied (12577.898042ms)
  ✔ 20 Principal reject does not proceed (5753.573292ms)
  ✔ 22-24 Principal views multiple departments and cannot access another college (5967.692667ms)
  ✔ 25-27 effective dating changeover routes new approvals to the new HOD (5653.474375ms)
  ✔ 28-30 direct API cross-department, cross-college, and self-approval are denied (5675.530834ms)
  ✔ overlapping HOD assignments are rejected (5827.451042ms)
  ✔ overlapping Principal assignments are rejected (5814.198541ms)
  ✔ QA leadership seeder isolates when active HOD/Principal fixtures already own the requested college (5874.3365ms)
  ✔ Principal HOD list capability allows only active Principal institution scope (5552.072083ms)
  ✔ audit records leadership assignment (5972.9805ms)
✔ academic leadership HOD + Principal E2E (107831.89125ms)
▶ academic master lookup
  ✔ normalizes and expands course codes (1.101917ms)
  ✔ overlays college-specific extras but prefers global rows on the same natural key (0.081041ms)
  ✔ builds faculty-facing diagnostics without a contact-admin-only message (0.057ms)
✔ academic master lookup (1.718208ms)
[env] loaded /Users/nithinkswamy/Documents/GitHub/skillonx-erp/skillonx-erp/.env
▶ Admissions final closure E2E
  ✔ 1. enquiry creation (8.326833ms)
  ✔ 2. enquiry to applicant (69.663333ms)
  ✔ 3. Applicant login (44.646ms)
  ✔ 4. application draft (54.064083ms)
  ✔ 5. save/reload draft (79.523875ms)
  ✔ 6. submit application (8201.7385ms)
  ✔ 7. application number (0.445917ms)
  ✔ 8. upload document (8.114458ms)
  ✔ 9. Applicant isolation (1.170792ms)
  ✔ 10. Admissions Officer login identity exists (0.104833ms)
  ✔ 11. dashboard (19.558375ms)
  ✔ 12. application review (17.381333ms)
  ✔ 13. verify document (12.153958ms)
  ✔ 14. reject document (7183.778917ms)
  ✔ 15. Applicant resubmission (5.805834ms)
  ✔ 16. eligibility calculation (14.015709ms)
  ✔ 17. eligibility explanation (0.593ms)
  ✔ 18. unauthorized eligibility override denied (0.231083ms)
  ✔ 19. authorized override audited (19.672417ms)
  ✔ 20. selection (12.526583ms)
  ✔ 21. waitlist (7222.319917ms)
  ✔ 22. intake count (1.041125ms)
  ✔ 23. seat availability (18.228209ms)
  ✔ 24. over-admission prevention (14486.766125ms)
  ✔ 25. Finance demand integration (7228.146791ms)
  ✔ 26. payment status from Finance (38.695167ms)
  ✔ 27. Accountant Finance ownership (0.307ms)
  ✔ 28. Admissions cannot forge settled payment (0.444542ms)
  ✔ 29. admission confirmation gate (9.392667ms)
  ✔ 30. missing requirement blocks confirmation (7240.85975ms)
  ✔ 31. successful confirmation (7478.672458ms)
  ✔ 32. Student conversion (0.109625ms)
  ✔ 33. conversion idempotency (7.147ms)
  ✔ 34. duplicate Student prevention (7067.451333ms)
  ✔ 35. academic mapping (0.143916ms)
  ✔ 36. Student account activation (71.030583ms)
  ✔ 37. Student LMS access after conversion (95.941417ms)
  ✔ 38. document carry-forward (0.426ms)
  ✔ 39. Finance carry-forward (0.440167ms)
  ✔ 40. cancellation (58.050458ms)
  ✔ 41. post-conversion withdrawal does not delete Student (1.031958ms)
  ✔ 42. HOD scope (1.953625ms)
  ✔ 43. Principal oversight (7.107166ms)
  ✔ 44. Management aggregate (5.048209ms)
  ✔ 45. COE denied mutation (6.628ms)
  ✔ 46. Faculty denied general Admissions (2.210625ms)
  ✔ 47. cross-college isolation (0.3865ms)
  ✔ 48. audit evidence (17.027083ms)
  ✔ 49. direct-load/reload (5.241542ms)
  ✔ 50. responsive authenticated workflow backend data exists (7.126625ms)
✔ Admissions final closure E2E (66903.651708ms)
▶ Admissions closure concurrency E2E
  ✔ 1. same Applicant converted concurrently (7355.301042ms)
  ✔ 2. last remaining seat claimed concurrently (14466.701458ms)
  ✔ 3. same Finance demand created concurrently (59.655417ms)
✔ Admissions closure concurrency E2E (21881.813584ms)
▶ Admissions RBAC isolation matrix
  ✔ APPLICANT role category has explicit admissions boundary (0.89275ms)
  ✔ STUDENT role category has explicit admissions boundary (5.298292ms)
  ✔ ADMISSIONS_OFFICER role category has explicit admissions boundary (1.99825ms)
  ✔ ADMISSIONS_MANAGER role category has explicit admissions boundary (2.506166ms)
  ✔ FACULTY role category has explicit admissions boundary (2.11675ms)
  ✔ HOD role category has explicit admissions boundary (1.856ms)
  ✔ PRINCIPAL role category has explicit admissions boundary (1.684584ms)
  ✔ MANAGEMENT role category has explicit admissions boundary (1.749708ms)
  ✔ ACCOUNTANT role category has explicit admissions boundary (1.976625ms)
  ✔ COE role category has explicit admissions boundary (1.710959ms)
  ✔ LAB_ASSISTANT role category has explicit admissions boundary (1.604083ms)
  ✔ MAINTENANCE_STAFF role category has explicit admissions boundary (1.70825ms)
  ✔ LIBRARIAN role category has explicit admissions boundary (1.687375ms)
  ✔ WARDEN role category has explicit admissions boundary (1.879375ms)
  ✔ TRANSPORT role category has explicit admissions boundary (1.889375ms)
  ✔ TNP role category has explicit admissions boundary (1.608583ms)
  ✔ SUPER_ADMIN role category has explicit admissions boundary (1.628625ms)
✔ Admissions RBAC isolation matrix (34.027792ms)
▶ Admissions notifications E2E
  ✔ applicant receives the full admissions lifecycle notification trail (correct type/tenant/entity) (7213.197958ms)
  ✔ document rejection notifies the applicant without leaking document contents (7016.792083ms)
  ✔ waitlist decision notifies the applicant (7081.121209ms)
  ✔ cancellation notifies the applicant (77.202292ms)
  ✔ submission notifies admissions review staff via the shared employee channel (7945.479125ms)
  ✔ applicant A cannot read applicant B notifications (14409.110958ms)
  ✔ cross-college notification access is impossible (7372.984333ms)
  ✔ idempotent admission confirmation does not duplicate the confirmed notification (7205.535292ms)
  ✔ Finance remains canonical for receipts — admissions emits only admissions-domain payment events (7281.571958ms)
✔ Admissions notifications E2E (65603.523958ms)
[env] loaded /Users/nithinkswamy/Documents/GitHub/skillonx-erp/skillonx-erp/.env
▶ Admissions guardian/parent provisioning
  ✔ 1. confirmAdmission with complete guardian provisions a verified parent account and link (7619.849792ms)
  ✔ 2. retrying confirmAdmission on an already-converted applicant does not duplicate parent rows (7546.47475ms)
  ✔ 3. second applicant at the same college with the same guardian email reuses the parent row (14337.903792ms)
  ✔ 4. guardian email belonging to a different college does not block conversion and logs a conflict (7374.048417ms)
  ✔ 5. applicant with no guardian data converts successfully with no parent side effects (7292.184959ms)
  ✔ 6. concurrent confirmAdmission for two applicants sharing a guardian email creates exactly one parent row (14007.691417ms)
  ✔ 7. PATCH guardian succeeds for ADMISSIONS_MANAGER and updates guardian_json (53.813917ms)
  ✔ 8. PATCH guardian is denied for an unrelated FACULTY role (48.519084ms)
  ✔ 9. PATCH guardian enforces tenant isolation for a cross-college applicant id (0.501666ms)
✔ Admissions guardian/parent provisioning (58343.109125ms)
[env] loaded /Users/nithinkswamy/Documents/GitHub/skillonx-erp/skillonx-erp/.env
▶ Alumni Management focused backend
  ✔ authenticates verified alumni and blocks pending alumni (282.813167ms)
  ✔ transitions one student to one alumni profile and verifies through admin (68.908084ms)
  ✔ enforces directory privacy and IDOR ownership for profile extensions (119.661875ms)
  ✔ prevents cross-college alumni and admin leakage (101.642042ms)
  ✔ denies generic faculty alumni administration (46.39675ms)
  ✔ keeps event registration idempotent and capacity-bound (127.703875ms)
  ✔ handles opportunities and contribution idempotency without duplicating Finance (70.6725ms)
  ✔ rejects alumni mass-assignment of protected profile fields (0.351791ms)
✔ Alumni Management focused backend (818.794ms)
[env] loaded /Users/nithinkswamy/Documents/GitHub/skillonx-erp/skillonx-erp/.env
▶ Alumni 360 foundation
  ✔ aggregates 360 for self without fabricating relationship counters (188.794125ms)
  ✔ blocks alumni from reading another department alumni 360 as faculty (99.092958ms)
  ✔ protects authoritative academic fields from alumni profile updates (51.426625ms)
  ✔ staff suggestion does not silently overwrite; accept applies with provenance (112.143917ms)
  ✔ never auto-merges ambiguous identities without confirmAmbiguous (111.1985ms)
  ✔ directory hides private contact and respects directory_visible (100.341959ms)
  ✔ computes section-based completeness and freshness states (58.336875ms)
  ✔ backfill produces statistics without inventing data (275.763833ms)
  ✔ blocks cross-college admin 360 access (94.805917ms)
  ✔ merge privilege is restricted (134.642334ms)
✔ Alumni 360 foundation (1253.71425ms)
[env] loaded /Users/nithinkswamy/Documents/GitHub/skillonx-erp/skillonx-erp/.env
▶ Alumni Assistant (C8)
  ✔ documents provider honesty, tool registry, and forbidden claims (0.462291ms)
  ✔ blocks prompt injection and high-risk autonomous requests (95.336042ms)
  ✔ answers impact questions from C7 metrics without inventing KPIs (223.3965ms)
  ✔ reports unavailable channels and unsupported enrichment honestly (884.187417ms)
  ✔ never invents alumni for nonexistent ids and respects tenant isolation (159.616291ms)
  ✔ department-scoped HOD cannot retrieve other-dept alumni via tools (93.947ms)
  ✔ rejects malformed tool arguments and unknown fields (44.425959ms)
  ✔ draft actions require confirm — show-me does not mutate (430.353334ms)
  ✔ workspace and provider endpoints expose honest status (48.955ms)
  ✔ accountant cannot access assistant (43.595417ms)
  ✔ structured search plan uses C3/C5 tools — not free-text invention (0.150291ms)
  ✔ profile text injection remains inert data when sanitised into context (0.048959ms)
✔ Alumni Assistant (C8) (2025.223167ms)
[env] loaded /Users/nithinkswamy/Documents/GitHub/skillonx-erp/skillonx-erp/.env
▶ Alumni Relationship CRM (C2)
  ✔ creates relationship, logs interaction, advances stage, projects timeline (200.29075ms)
  ✔ follow-ups, opportunities, outcomes, verification, ownership (128.825625ms)
  ✔ notes privacy: internal notes never appear in alumni self CRM (133.228208ms)
  ✔ duplicate-contact warning and RBAC / tenant isolation (227.151791ms)
  ✔ does not silently downgrade relationship stage (83.731834ms)
  ✔ CRM workspace and 360 admin section load (147.142875ms)
✔ Alumni Relationship CRM (C2) (921.031083ms)
[env] loaded /Users/nithinkswamy/Documents/GitHub/skillonx-erp/skillonx-erp/.env
▶ Alumni Engagement (C4)
  ✔ reports honest channel capabilities — no fake CONFIGURED providers (0.389625ms)
  ✔ runs program/campaign lifecycle with approval, audience eligibility, and manual execution → C2 (444.501833ms)
  ✔ enforces contact fatigue / suppression override audit and preference centre (210.201833ms)
  ✔ secures login-less tokens and applies responses to C1/C2/C3 (350.283666ms)
  ✔ isolates tenants / RBAC and serves workspace + calendar (213.236042ms)
  ✔ supports data-refresh program and recognition nomination handoff (201.0215ms)
✔ Alumni Engagement (C4) (1420.23675ms)
[env] loaded /Users/nithinkswamy/Documents/GitHub/skillonx-erp/skillonx-erp/.env
▶ Alumni Impact (C7)
  ✔ exposes source-of-truth matrix, forbids fabrication claims, documents limitations (0.438083ms)
  ✔ metric registry is versioned and central — every metric has definition (0.118625ms)
  ✔ period resolution prefers academic year and flags partial current year (25.2695ms)
  ✔ alumni health percentages expose numerator/denominator population (280.100292ms)
  ✔ does not count unverified outcomes as mentorship/recruitment impact (231.401625ms)
  ✔ unique beneficiary dedupe separates UNIQUE_STUDENTS from interactions (169.597834ms)
  ✔ recruitment terminology remains ALUMNI_SUPPORTED — not causal placement (0.605875ms)
  ✔ funnels expose engagement + need-to-impact stages without implying universal path (111.22925ms)
  ✔ evidence ledger sync projects C2 outcomes without inventing verification (294.502667ms)
  ✔ gap analysis reports OUTCOME_WITHOUT_EVIDENCE and METRIC_SOURCE_INCOMPLETE (94.350958ms)
  ✔ accreditation frameworks are configurable — empty until created; no hard-coded NBA/NAAC (62.959333ms)
  ✔ report snapshot is immutable and retains metric versions (143.219833ms)
  ✔ CSV export includes title, period, metric version, generated timestamp (93.262334ms)
  ✔ executive workspace sections A–G present; HOD is department-scoped (227.336375ms)
  ✔ IQAC view uses existing quality roles without inventing a portal (159.160708ms)
  ✔ tenant isolation: college B cannot read college A snapshot (138.946292ms)
  ✔ drill-down never returns email/phone; attribution levels stay explicit (93.531084ms)
  ✔ METRIC_REGISTRY covers required executive KPI keys (0.088917ms)
✔ Alumni Impact (C7) (2126.963792ms)
[env] loaded /Users/nithinkswamy/Documents/GitHub/skillonx-erp/skillonx-erp/.env
▶ Alumni Intelligence (C3)
  ✔ separates capability evidence from explicit willingness and explains why (158.036125ms)
  ✔ applies relationship readiness: recent contact, active opp, and decline (189.506875ms)
  ✔ flags stale employment evidence and dormant high-capability reactivation (1863.219583ms)
  ✔ saved segments store rules and evaluate dynamically; export is audited (1838.792458ms)
  ✔ enforces department scope, tenant isolation, privacy (no intelligence on self 360) (422.552916ms)
  ✔ workspace dimension views and matrix overview return explainable results (637.012041ms)
✔ Alumni Intelligence (C3) (5109.885709ms)
[env] loaded /Users/nithinkswamy/Documents/GitHub/skillonx-erp/skillonx-erp/.env
▶ Alumni Matching (C5)
  ✔ exposes source-of-truth matrix and forbids sensitive attributes (0.389292ms)
  ✔ creates need, evaluates explainable mentorship matches, shortlists, and never uses opaque scores (356.80375ms)
  ✔ hard-excludes DO_NOT_CONTACT / global opt-out and tenant mismatch (107.780833ms)
  ✔ supports recruitment and internship type-specific matching dimensions (144.649917ms)
  ✔ expert / research matching separates capability from willingness (128.467875ms)
  ✔ dismisses per-need only, hands off to C4 engagement and C2 opportunity, tracks multi-alumni fulfilment (389.41025ms)
  ✔ bulk need uses set-based pool mode (118.507458ms)
  ✔ workspace analytics, profile matches, Alumni 360 matching section, tenant isolation (247.753375ms)
  ✔ C4 suppression awareness surfaces on candidates without auto-contact (102.856709ms)
✔ Alumni Matching (C5) (1597.321167ms)
[env] loaded /Users/nithinkswamy/Documents/GitHub/skillonx-erp/skillonx-erp/.env
▶ Alumni Recognition (C6)
  ✔ exposes source-of-truth matrix and forbids popularity/wealth/donor scores (0.422708ms)
  ✔ program → nomination → evidence → review APPROVE does not issue until issueRecognition (182.777ms)
  ✔ issueRecognition creates record + issuance log + optional certificate without crypto claim (119.851083ms)
  ✔ C4 nominateRecognition → ingestC4Nomination marks RECORDED (110.638292ms)
  ✔ publication consent: publishSpotlight fails without consent and succeeds with consent (122.159916ms)
  ✔ value offering + participation never invents VIEWED (112.100459ms)
  ✔ reciprocity is factual lists with guardrail when contributions lack value; no score field (155.774875ms)
  ✔ contribution suggestion CONSIDER_FOR_RECOGNITION from verified CRM outcome (133.076166ms)
  ✔ community + membership requires explicit opt-in (99.218542ms)
  ✔ connection request privacy — no email before accept (105.310208ms)
  ✔ tenant isolation / IDOR basics (139.538333ms)
  ✔ C1 privacy: directory stays private; spotlight does not leak private fields (178.563459ms)
  ✔ recognition issuance does not invent C3 capability (140.056375ms)
  ✔ workspace analytics load for OVERVIEW and REVIEW_QUEUE (92.538375ms)
✔ Alumni Recognition (C6) (1692.851625ms)
[env] loaded /Users/nithinkswamy/Documents/GitHub/skillonx-erp/skillonx-erp/.env
▶ Campus OS Phase 0: shared Asset Management engine
  ✔ registers an asset with tenant/vendor/department/room validation and duplicate tag protection (86.432625ms)
  ✔ cross-college access is denied (IDOR protection) (20.335333ms)
  ✔ assign / transfer / return lifecycle is tracked in history (31.970583ms)
  ✔ retire/dispose are terminal and reject further lifecycle actions (22.062166ms)
  ✔ rejects an invalid, non-adjacent status transition (20.280334ms)
  ✔ concurrent status changes do not corrupt history (row-locked) (20.459625ms)
  ✔ list filters by category/status/department and stays tenant-scoped (18.728834ms)
✔ Campus OS Phase 0: shared Asset Management engine (220.932084ms)
[env] loaded /Users/nithinkswamy/Documents/GitHub/skillonx-erp/skillonx-erp/.env
▶ decideAssignmentAccess
  ✔ allows owning faculty (0.368375ms)
  ✔ forbids peer faculty (0.036583ms)
  ✔ allows college admin in same college (0.031167ms)
  ✔ hides cross-tenant as NOT_FOUND (0.035291ms)
  ✔ hides cross-college faculty as NOT_FOUND (never FORBIDDEN) (0.033333ms)
  ✔ allows super admin everywhere (0.030458ms)
✔ decideAssignmentAccess (1.020917ms)
▶ canManageAllAssignments ownership helpers
  ✔ is true only for admin roles (0.045375ms)
✔ canManageAllAssignments ownership helpers (0.101666ms)
▶ CO performance summary aggregation
  ✔ computes class average per CO without calling it attainment (0.394333ms)
✔ CO performance summary aggregation (0.81425ms)
▶ scheme-based evaluation
  ✔ awards sum of criteria within max (0.55425ms)
  ✔ accepts zero awarded marks (0.063292ms)
  ✔ rejects criterion above max (0.193792ms)
  ✔ rejects negative awards (0.062667ms)
  ✔ summarizes draft/finalize totals and pass (0.077291ms)
  ✔ works with type-default schemes (0.133583ms)
  ✔ scheme mode example totals 9/10 (0.065083ms)
✔ scheme-based evaluation (1.718458ms)
▶ parseSnapshotQuestions
  ✔ reads flat array snapshots used by submissions (0.077333ms)
  ✔ reads wrapped published snapshot shape (0.0445ms)
  ✔ parses JSON string arrays (0.068333ms)
✔ parseSnapshotQuestions (0.2665ms)
▶ evaluateSubmissionSchema
  ✔ rejects empty questions for finalize (0.519625ms)
  ✔ allows empty questions for release mode (0.065125ms)
  ✔ coerces string awarded marks and accepts 0 (0.399417ms)
✔ evaluateSubmissionSchema (1.0225ms)
▶ resolveSchemeFromSnapshotQuestion
  ✔ flags scheme total mismatch (0.138291ms)
  ✔ falls back to overall criterion when scheme missing (0.028458ms)
✔ resolveSchemeFromSnapshotQuestion (0.195666ms)
▶ assignment generator presets
  ✔ SHORT = 5, STANDARD = 8, DEEP_DIVE = 10 (0.359ms)
  ✔ CUSTOM requires at least one question (0.585834ms)
  ✔ selects STANDARD(8) with BALANCED distribution (0.427667ms)
  ✔ selects only from requested modules (0.124084ms)
✔ assignment generator presets (1.990917ms)
▶ parseAssignmentMarkdown
  ✔ parses extended metadata and model-answer alias (1.271209ms)
✔ parseAssignmentMarkdown (1.709417ms)
▶ assignment evaluation scheme helpers
  ✔ builds schemes whose criteria total equals marks (1.1635ms)
  ✔ rejects mismatched scheme totals (0.198375ms)
  ✔ requires a non-trivial model solution (0.040666ms)
  ✔ detects duplicate normalized question text (0.076166ms)
✔ assignment evaluation scheme helpers (1.997625ms)
▶ assignment answer leak guards
  ✔ lists the critical faculty-only keys (0.367083ms)
  ✔ strips solutions from public questions (0.1255ms)
  ✔ detects nested leaks in student payloads (0.629917ms)
✔ assignment answer leak guards (1.60575ms)
▶ end-to-end calculateRun
  ✔ produces CIE, paper-weighted SEE, direct 80/20 final, and PO roll-up (1.32975ms)
✔ end-to-end calculateRun (1.748583ms)
▶ SkillOnX Academic Standard v1.0 scale
  ✔ maps percents onto the 3-level scale (0.334375ms)
✔ SkillOnX Academic Standard v1.0 scale (0.736125ms)
▶ CIE / source CO attainment
  ✔ averages student 3-point levels per CO (0.359292ms)
  ✔ excludes absent students from the class average (0.094ms)
✔ CIE / source CO attainment (0.508375ms)
▶ SEE modes
  ✔ prefers actual question-wise marks (0.071541ms)
  ✔ uses paper-weighted estimate when only totals exist with a mapped paper (0.030417ms)
  ✔ falls back to equal-weight and labels it as estimated (0.396916ms)
  ✔ builds a CO exposure matrix from the SEE paper (4.832584ms)
  ✔ applies overall SEE percent uniformly in paper-weighted estimate (0.12775ms)
✔ SEE modes (5.574584ms)
▶ direct / indirect / final CO attainment
  ✔ combines CIE and SEE using the course structure weights (0.116ms)
  ✔ renormalizes when SEE is missing (0.559958ms)
  ✔ uses policy 80:20 rather than a hard-coded split (0.130166ms)
  ✔ falls back to 100% direct when indirect is missing (0.029458ms)
✔ direct / indirect / final CO attainment (0.89275ms)
▶ CO status engine
  ✔ marks below-target COs RED (0.041625ms)
  ✔ marks attained COs with a large weak cohort AMBER (0.018916ms)
  ✔ marks clean attainment GREEN (0.016542ms)
✔ CO status engine (0.10375ms)
▶ PO / PSO roll-up
  ✔ weights contributing COs by mapping strength (0.092875ms)
✔ PO / PSO roll-up (0.10675ms)
▶ improvement calculation
  ✔ computes revised minus previous and does not treat small gains as success (0.044625ms)
✔ improvement calculation (0.057167ms)
▶ course health
  ✔ scores green=1 amber=0.5 red=0 (0.03275ms)
✔ course health (0.044833ms)
▶ weightedAverage empty
  ✔ returns null rather than inventing a number (0.019166ms)
✔ weightedAverage empty (0.031083ms)
[env] loaded /Users/nithinkswamy/Documents/GitHub/skillonx-erp/skillonx-erp/.env
▶ continuous improvement state machine
  ✔ allows the documented happy path (0.350708ms)
  ✔ rejects faculty self-close and invalid jumps (0.067667ms)
  ✔ requires evidence completeness before reassessment (0.045917ms)
✔ continuous improvement state machine (0.91275ms)
▶ evidence completeness
  ✔ uses required items only (0.070291ms)
✔ evidence completeness (0.114ms)
▶ marks import integrity
  ✔ rejects marks above maximum, unknown USNs and total mismatches (0.261542ms)
  ✔ accepts absent tokens and valid totals (0.049292ms)
✔ marks import integrity (0.365958ms)
▶ scheme totals
  ✔ requires component sum to equal question marks (0.0735ms)
✔ scheme totals (0.119834ms)
▶ question paper quality gate
  ✔ blocks publish on critical failures and uses a versioned score (0.641791ms)
✔ question paper quality gate (0.675667ms)
▶ access isolation
  ✔ hides cross-institution records and forbids peer mutation (0.073167ms)
✔ access isolation (0.106042ms)
▶ historical policy snapshot
  ✔ keeps a frozen policy independent of later default edits (0.173583ms)
✔ historical policy snapshot (0.193708ms)
▶ resolveOrMarkEntry
  ✔ records the attempted alternative and marks the other NOT_ATTEMPTED_DUE_TO_OR (0.483625ms)
  ✔ accepts a student who selects A instead (0.061292ms)
  ✔ rejects marks entered for both alternatives (0.079208ms)
  ✔ rejects marks against the unselected alternative (0.060208ms)
  ✔ flags a slot with no attempt and no marks (0.054209ms)
  ✔ rejects marks above the maximum (0.053625ms)
  ✔ supports subquestion totals within an alternative (0.053208ms)
  ✔ marks every alternative ABSENT without requiring an attempt when the row is absent (0.054167ms)
✔ resolveOrMarkEntry (1.384167ms)
▶ buildMarkColumns
  ✔ emits Attempted + both alternative columns per OR slot (0.55725ms)
✔ buildMarkColumns (0.609875ms)
▶ CO attainment with OR alternatives
  ✔ credits only the attempted alternative CO and excludes the unchosen one (0.378917ms)
  ✔ aggregates a class where students split across OR alternatives (0.117125ms)
✔ CO attainment with OR alternatives (0.765ms)
[env] loaded /Users/nithinkswamy/Documents/GitHub/skillonx-erp/skillonx-erp/.env
▶ attendance class invariants
  ✔ loads the same approved class roll for every mapped subject (56.491875ms)
  ✔ keeps current and historical attendance on separate classes (5.639958ms)
  ✔ does not invent a blended grade from attendance percentage (0.099542ms)
✔ attendance class invariants (62.729583ms)
▶ attendance policy math
  ✔ counts late as present by default (0.358583ms)
  ✔ can exclude excused from denominator (0.043875ms)
  ✔ maps shortage bands using institution threshold (0.050084ms)
  ✔ summarizes statuses for student history cards (0.533458ms)
✔ attendance policy math (1.467292ms)
[env] loaded /Users/nithinkswamy/Documents/GitHub/skillonx-erp/skillonx-erp/.env
▶ Campus OS Phase 2: Canteen (Food Services) — menu, POS orders, settlement
  ✔ menu reuses the item master (no duplicate inventory engine) and RBAC-gates menu management (99.090958ms)
  ✔ creates an order with server-derived pricing (client price is never trusted) and pays it, posting stock consumption via the existing Procurement issue path (60.07125ms)
  ✔ rejects duplicate menu-item lines, unavailable items, and mismatched-tenant counters (31.85075ms)
  ✔ cancel only works on a PENDING order; a PAID order cannot be cancelled (47.030333ms)
  ✔ refund reverses stock through the existing return path and requires elevated (settlement) permission (55.515834ms)
  ✔ cross-college tenant isolation: cannot view, pay, or list another college's orders/counters (33.517584ms)
  ✔ a role without canteen.order.create is denied (25.700375ms)
  ✔ a Canteen Staff actor not assigned to a scoped counter is denied mutation on it (store scope) (50.081208ms)
  ✔ negative stock is prevented at the counter (server-authoritative, real DB concurrency) (47.268209ms)
  ✔ daily settlement handoff is idempotent per counter+date and aggregates paid orders by payment method (49.602875ms)
  ✔ concurrent settlement generation for the same counter+date is safe under real DB concurrency (43.85275ms)
  ✔ dashboard reports pending orders, today's sales, and available menu count, tenant-scoped (37.966041ms)
✔ Campus OS Phase 2: Canteen (Food Services) — menu, POS orders, settlement (582.44575ms)
[env] loaded /Users/nithinkswamy/Documents/GitHub/skillonx-erp/skillonx-erp/.env
▶ coEvaluation real db e2e
  ✔ imports idempotently and generates TOC evaluation with ownership isolation (4900.205667ms)
✔ coEvaluation real db e2e (4900.690125ms)
[env] loaded /Users/nithinkswamy/Documents/GitHub/skillonx-erp/skillonx-erp/.env
▶ coEvaluation access
  ✔ allows owning faculty (0.365042ms)
  ✔ forbids peer faculty (0.038083ms)
  ✔ hides cross-college as not found (0.031708ms)
  ✔ allows college admin mutate (0.043459ms)
  ✔ forbids HOD mutate of others (0.035375ms)
✔ coEvaluation access (0.975042ms)
▶ coEvaluation matrix validation
  ✔ accepts exact totals and 100% (0.246208ms)
  ✔ rejects over-allocation (0.091583ms)
  ✔ rejects under-allocation for finalize (0.067792ms)
  ✔ rejects eval percent under/over (0.086458ms)
  ✔ requires justification for modified cells (0.081166ms)
  ✔ computes marks distribution from cells (0.034ms)
  ✔ nearlyEqual tolerates decimals (0.025459ms)
✔ coEvaluation matrix validation (0.742791ms)
▶ coEvaluation workbook parser
  ✔ discovers academic master and parses CO evaluation sheets (3398.466291ms)
✔ coEvaluation workbook parser (3398.540583ms)
[env] loaded /Users/nithinkswamy/Documents/GitHub/skillonx-erp/skillonx-erp/.env
▶ CBS access
  ✔ allows owning faculty to read and mutate (0.473167ms)
  ✔ forbids peer faculty (0.046375ms)
  ✔ hides cross-college as NOT_FOUND (0.034958ms)
  ✔ allows college admin (0.031917ms)
✔ CBS access (1.102666ms)
▶ CBS workbook parser
  ✔ discovers master workbook with BEYOND_SYLLABUS_MASTER (3316.146833ms)
  ✔ parses stable CBS IDs and BIS701 enrichment quality (3304.748958ms)
✔ CBS workbook parser (6621.426583ms)
[env] loaded /Users/nithinkswamy/Documents/GitHub/skillonx-erp/skillonx-erp/.env
▶ academic mapping kinds
  ✔ supports PO, PSO, and SDG kinds (0.788875ms)
  ✔ maps kinds to target columns (0.044041ms)
  ✔ cycles correlation 1→2→3→null (0.037917ms)
✔ academic mapping kinds (1.318291ms)
▶ unified academic mapping types
  ✔ round-trips all six supported domain combinations (0.349708ms)
  ✔ disables every PSO combination when its master is missing (0.098833ms)
  ✔ only accepts strict domain supersets as upgrades (0.053375ms)
  ✔ recognizes only stable academic mapping type values (0.0435ms)
✔ unified academic mapping types (1.008708ms)
[env] loaded /Users/nithinkswamy/Documents/GitHub/skillonx-erp/skillonx-erp/.env
▶ CO–PO access
  ✔ restricts official master writes to college and platform admins (0.345708ms)
  ✔ lets HOD and NBA coordinators approve mappings (0.054958ms)
  ✔ lets faculty edit drafts only when assigned (0.042917ms)
  ✔ hides another college as not found (0.057125ms)
  ✔ lets assigned faculty read their mapping (0.041125ms)
✔ CO–PO access (1.027541ms)
▶ operational mapping ownership (Survey-aligned)
  ✔ lets Faculty A read their own operational mapping (0.076833ms)
  ✔ forbids Faculty B from Faculty A mapping in the same college (0.039791ms)
  ✔ does not grant access merely because Faculty B is assigned to the same subject (0.042292ms)
  ✔ lets college admin manage institution operational mappings (0.042833ms)
  ✔ hides cross-tenant operational mappings as NOT_FOUND (0.052416ms)
  ✔ lets super admin access across institutions (0.03575ms)
  ✔ retains HOD department review read access (0.027917ms)
✔ operational mapping ownership (Survey-aligned) (0.427708ms)
▶ combined academic mapping matrix
  ✔ CO–PO–PSO puts PO and PSO in the same ordered group list (0.448625ms)
  ✔ CO–PO–SDG puts PO and SDG in the same table groups (0.509917ms)
  ✔ CO–PO–PSO–SDG includes all three groups in one matrix (0.051667ms)
  ✔ uses dynamic PSO colspan for PSO1–PSO3 (0.040625ms)
  ✔ filters relevant SDGs by active relationships (0.05ms)
  ✔ show-all toggle returns full SDG set without inventing relationships (0.0395ms)
  ✔ single-domain types produce exactly one group (0.042708ms)
  ✔ does not fabricate empty groups (0.042542ms)
✔ combined academic mapping matrix (1.739084ms)
▶ operational print column resolution
  ✔ does not blank the SDG matrix when relevantSdgIds is empty (0.361375ms)
  ✔ uses relevant SDGs when present (0.534875ms)
  ✔ keeps PSO column count dynamic (2 or 3+) (0.039542ms)
✔ operational print column resolution (1.4025ms)
▶ faculty-owned duplicate identity
  ✔ treats creator as part of the uniqueness key conceptually (0.057875ms)
✔ faculty-owned duplicate identity (0.099208ms)
▶ CO–PO quality checks
  ✔ flags a CO with no PO correlation (0.444042ms)
  ✔ flags over-mapping when a CO maps to every PO (0.077791ms)
  ✔ counts mapped cells and missing justifications without treating blank as zero (0.056208ms)
✔ CO–PO quality checks (1.034417ms)
▶ PSO and SDG quality checks
  ✔ does not treat an unmapped CO as an SDG error (0.09925ms)
  ✔ flags every CO mapped to SDG4 as generic (0.044875ms)
  ✔ flags a CO mapped to every PSO (0.083542ms)
✔ PSO and SDG quality checks (0.293542ms)
▶ mapping helpers
  ✔ cycles blank → 1 → 2 → 3 → blank and never uses zero (0.066333ms)
  ✔ does not silently treat AI suggestions as approved mappings (0.188166ms)
  ✔ builds a justification draft that does not merely repeat official statements (0.077291ms)
✔ mapping helpers (0.407334ms)
▶ CO–PO subject reconciliation
  ✔ matches course code + scheme first (0.468291ms)
  ✔ matches exact course code (0.057833ms)
  ✔ matches chemistry via alias without overwriting the existing code (0.097791ms)
  ✔ reports scheme conflict for the same code on another scheme (0.040166ms)
  ✔ marks unknown subjects as NEW (0.046ms)
  ✔ marks ambiguous name matches (0.044583ms)
✔ CO–PO subject reconciliation (1.237334ms)
▶ CO–PO matrix shape
  ✔ renders 3, 5, and 6 course outcomes against PO1–PO12 (0.118959ms)
✔ CO–PO matrix shape (0.186042ms)
▶ SkillonX academic mapping workbook parser
  ✔ discovers the unified academic master and parses CO/PO/PSO/SDG sheets (2276.156833ms)
✔ SkillonX academic mapping workbook parser (2276.713834ms)
▶ facultyScopeFilter
  ✔ scopes faculty to their own created_by (0.780208ms)
  ✔ does not force createdBy for admin roles (0.04825ms)
✔ facultyScopeFilter (1.265875ms)
▶ assertFacultyIsolation
  ✔ passes when every resource belongs to the faculty (0.05775ms)
  ✔ fails when another faculty id appears (0.034459ms)
✔ assertFacultyIsolation (0.146875ms)
▶ mapMappingStatus
  ✔ maps finalized and draft states (0.05375ms)
✔ mapMappingStatus (0.083416ms)
▶ pendingEvaluationTotal
  ✔ sums actionable pending work (0.056416ms)
✔ pendingEvaluationTotal (0.113416ms)
▶ countReadyPlans
  ✔ caps ready counts by course count (0.066917ms)
✔ countReadyPlans (0.102209ms)
▶ resolveAcademicContext
  ✔ returns single context when faculty teaches one program/semester (0.093542ms)
  ✔ flags multi-context and clears singular fields (0.040458ms)
✔ resolveAcademicContext (0.184291ms)
▶ sortAttentionItems
  ✔ orders high severity first (0.08375ms)
✔ sortAttentionItems (0.106084ms)
▶ sortUpcomingItems
  ✔ sorts by date ascending and limits (0.457125ms)
✔ sortUpcomingItems (0.475334ms)
[env] loaded /Users/nithinkswamy/Documents/GitHub/skillonx-erp/skillonx-erp/.env
▶ Campus OS Phase 0: shared Document / Evidence storage engine
  ✔ accepts an allowed upload, computes checksum, and round-trips content + integrity (51.074083ms)
  ✔ rejects a disallowed MIME type (9.220208ms)
  ✔ rejects a file over the size limit (9.986667ms)
  ✔ rejects an empty file (6.563417ms)
  ✔ enforces tenant isolation on metadata, download, and listing (13.056084ms)
  ✔ denies download to a non-owner, non-admin within the same college (12.281ms)
  ✔ supersedes an old version when a new version is uploaded, and only owner/admin may version (22.788833ms)
  ✔ archives (soft-deletes) rather than destroying evidence (16.044208ms)
  ✔ requires document.upload permission and rejects unauthenticated-style low-privilege actors (8.658708ms)
✔ Campus OS Phase 0: shared Document / Evidence storage engine (150.432166ms)
[env] loaded /Users/nithinkswamy/Documents/GitHub/skillonx-erp/skillonx-erp/.env
▶ Campus OS Phase 11: Events, venue & resource booking
  ✔ runs the full lifecycle through HOD → Principal → Facilities and protects closed history (277.678625ms)
  ✔ blocks self-approval, wrong-department HOD review, and routes a HOD-organised department event past the HOD step (140.84725ms)
  ✔ same approval clicked concurrently transitions exactly once (97.914459ms)
  ✔ concurrent approvals of overlapping events for the same venue confirm exactly one (Example A for the rest) (235.481958ms)
  ✔ concurrent ad-hoc bookings of the same room and the same asset confirm exactly one each (82.361ms)
  ✔ back-to-back slots are allowed, overlaps are rejected, and configurable buffers extend the blocked window (93.704333ms)
  ✔ blocks a room occupied by the live academic timetable without writing timetable data (88.94225ms)
  ✔ asset and room status block booking; inactive resources are not bookable (125.958ms)
  ✔ capacity is server-authoritative; override needs permission, a reason and leaves an audit record (58.589583ms)
  ✔ the last registration slot goes to exactly one registrant and double registration is idempotent (239.115375ms)
  ✔ duplicate submissions create exactly one workflow instance (66.599542ms)
  ✔ concurrent reschedules into the same slot: exactly one wins; a conflicting reschedule leaves the original time (151.526125ms)
  ✔ cancel releases the venue in the same transaction so it can be rebooked; cancel is idempotent (187.736583ms)
  ✔ reservation retries with the same idempotency key never duplicate (Example B) (51.967792ms)
  ✔ approval-required ad-hoc requests stay non-blocking until decided; requester cannot decide their own request (47.11375ms)
[events] notification failed notification outage
[events] notification failed notification outage
  ✔ a failing notification never rolls back the booking state (Example C) (111.94125ms)
  ✔ tenant isolation: another college can neither read nor mutate (102.45275ms)
  ✔ same-tenant IDOR: other department and unrelated staff cannot read drafts, participants, or mutate (134.48425ms)
  ✔ public, student and calendar views never leak internal notes, budgets or participant data (213.957583ms)
  ✔ event documents cannot be read by guessing ids or through another event (50.856583ms)
✔ Campus OS Phase 11: Events, venue & resource booking (2560.366125ms)
[env] loaded /Users/nithinkswamy/Documents/GitHub/skillonx-erp/skillonx-erp/.env
▶ examination governance capabilities
  ✔ classifies result processing as institutional for autonomous colleges (56.869083ms)
  ✔ blocks institutional result processing for VTU-affiliated colleges (19.16775ms)
✔ examination governance capabilities (76.578209ms)
[env] loaded /Users/nithinkswamy/Documents/GitHub/skillonx-erp/skillonx-erp/.env
▶ answer-book movement + server reconciliation + variance (§18-20)
  ✔ recomputes aggregates server-side and computes authoritative variance (39.767208ms)
  ✔ denies movement writes to ordinary faculty (3.100958ms)
  ✔ blocks closure while variance is unresolved and allows close after resolution (19.230125ms)
✔ answer-book movement + server reconciliation + variance (§18-20) (80.643042ms)
▶ script transfer acknowledgement + variance resolution (§21-22)
  ✔ records sender expected, receiver actual, and preserves variance history (19.517042ms)
  ✔ resolution is rejected when there is no variance (10.501916ms)
✔ script transfer acknowledgement + variance resolution (§21-22) (30.138791ms)
▶ question-wise valuation validation + authoritative total + correction (§24-26)
  ✔ rejects marks outside the question maximum and computes the authoritative total (15.164166ms)
  ✔ governs post-lock correction, preserves history, and recomputes the total (16.618334ms)
✔ question-wise valuation validation + authoritative total + correction (§24-26) (31.919458ms)
▶ bulk registration decisions (§6)
  ✔ validates every record independently and returns per-record results (2.809709ms)
  ✔ denies bulk decisions without registration permission (0.128958ms)
✔ bulk registration decisions (§6) (3.046291ms)
[env] loaded /Users/nithinkswamy/Documents/GitHub/skillonx-erp/skillonx-erp/.env
▶ examination E2E
  ✔ eligible student passes eligibility check (14725.644334ms)
  ✔ low attendance student is not eligible (18.215083ms)
  ✔ condonation records audit (17.678125ms)
  ✔ hall ticket shows eligible subjects only (26.941958ms)
  ✔ marks lock prevents faculty edit without unlock (63.441459ms)
  ✔ published results visible to student only after publish (21.772208ms)
  ✔ exam-office mutations are owned by COE, not admin principal HOD or faculty fallbacks (17.11975ms)
  ✔ student cannot access another student result row (17.305875ms)
✔ examination E2E (14909.383541ms)
▶ examination grading
  ✔ assigns grade from percentage bands (0.33375ms)
  ✔ computes SGPA from passed subjects only (0.057ms)
  ✔ computes CGPA across semesters (0.061333ms)
  ✔ evaluates subject pass threshold (0.041542ms)
✔ examination grading (0.952792ms)
▶ examination VTU import parser
  ✔ normalizes CSV aliases, quoted values, and blank rows (1.473833ms)
  ✔ parses the first XLSX worksheet by header name (26.360125ms)
  ✔ rejects unsupported authoritative formats (0.224916ms)
✔ examination VTU import parser (28.839333ms)
[env] loaded /Users/nithinkswamy/Documents/GitHub/skillonx-erp/skillonx-erp/.env
▶ MPC lifecycle (§14) + governed result linkage (§17)
  ✔ enforces the state machine and records an append-only timeline (51.517833ms)
✔ MPC lifecycle (§14) + governed result linkage (§17) (77.410875ms)
▶ MPC evidence authorization (§15)
  ✔ authorizes before read: COE allow, committee member allow, unrelated deny, cross-tenant deny (26.455834ms)
✔ MPC evidence authorization (§15) (26.548875ms)
[env] loaded /Users/nithinkswamy/Documents/GitHub/skillonx-erp/skillonx-erp/.env
▶ examination operational closure
  ✔ denies custody mutation to ordinary faculty (0.510792ms)
  ✔ keeps custody events append-only (28.827708ms)
  ✔ blocks ordinary edits after Form-A freeze and records governed correction (29.008959ms)
  ✔ isolates examiner assignments and locks final submission (10.610209ms)
✔ examination operational closure (94.263542ms)
[env] loaded /Users/nithinkswamy/Documents/GitHub/skillonx-erp/skillonx-erp/.env
▶ examination results report (§47-48)
  ✔ report data matches authoritative published results (6.244708ms)
  ✔ generated workbook preserves USNs as text and neutralises formula injection (43.627584ms)
✔ examination results report (§47-48) (92.905666ms)
[env] loaded /Users/nithinkswamy/Documents/GitHub/skillonx-erp/skillonx-erp/.env
▶ versioned result correction (§28)
  ✔ creates V2, retains V1 as history, and recomputes grade/SGPA authoritatively (32.225083ms)
  ✔ refuses to correct an already-superseded version (no destructive overwrite) (1.677459ms)
✔ versioned result correction (§28) (73.10425ms)
[env] loaded /Users/nithinkswamy/Documents/GitHub/skillonx-erp/skillonx-erp/.env
▶ autonomous revaluation lifecycle (§29)
  ✔ drives apply -> review -> assign -> revaluate -> decision -> versioned consequence (48.821958ms)
✔ autonomous revaluation lifecycle (§29) (90.849125ms)
[env] loaded /Users/nithinkswamy/Documents/GitHub/skillonx-erp/skillonx-erp/.env
▶ authenticated VTU import lifecycle (§6-7)
  ✔ rejects VTU import on an AUTONOMOUS institution (authority boundary §8) (5.002709ms)
  ✔ commits V1 as NEW, dedups identical V1, and supersedes with changed V2 (44.223833ms)
✔ authenticated VTU import lifecycle (§6-7) (85.888708ms)
[env] loaded /Users/nithinkswamy/Documents/GitHub/skillonx-erp/skillonx-erp/.env
▶ Faculty Profile — leadership-model HOD (role=FACULTY + assignment)
  ✔ can view and verify a same-department colleague (0.427667ms)
  ✔ cannot verify another department (0.043ms)
  ✔ cannot verify another tenant (college) (0.038ms)
  ✔ cannot self-verify even as department HOD (0.039416ms)
  ✔ is scoped to its assigned department only (multi-dept HOD honored) (0.057125ms)
✔ Faculty Profile — leadership-model HOD (role=FACULTY + assignment) (1.071458ms)
▶ Faculty Profile — legacy role-based HOD still authorized (no enrichment)
  ✔ verifies same-department colleague via role fallback (0.047042ms)
  ✔ is denied outside its department (0.041042ms)
✔ Faculty Profile — legacy role-based HOD still authorized (no enrichment) (0.13675ms)
▶ Faculty Profile — non-verifiers denied
  ✔ plain faculty cannot verify or act as verifier (0.064583ms)
  ✔ SUPER_ADMIN is excluded from academic verification (0.038792ms)
  ✔ institution verifier (PRINCIPAL) retains college-wide authority (0.053209ms)
✔ Faculty Profile — non-verifiers denied (0.231084ms)
[env] loaded /Users/nithinkswamy/Documents/GitHub/skillonx-erp/skillonx-erp/.env
▶ Faculty Profile — Phase B functional E2E
  ✔ projects HRMS-authoritative core profile and stores faculty identifiers (67.936417ms)
  ✔ creates a publication and rejects a duplicate DOI on the same profile (26.777416ms)
  ✔ runs the full verification workflow with append-only history; owner cannot self-verify (32.778875ms)
  ✔ stores evidence with checksum and serves it only to authorized readers (19.181208ms)
  ✔ computes section-based completeness with actionable messages (16.503333ms)
  ✔ derives teaching/mentoring/coordination without duplicating them and builds an overview (34.703208ms)
  ✔ exposes a scoped verification inbox to authorized verifiers only (9.0375ms)
✔ Faculty Profile — Phase B functional E2E (207.620792ms)
▶ Faculty record — experience overlap calculation
  ✔ merges overlapping appointments so periods are not double-counted (0.406833ms)
  ✔ sums disjoint periods fully (0.055542ms)
  ✔ closes an open (current) period at asOf (0.041458ms)
  ✔ experienceTotals reports per-category and overlap-aware overall (0.085333ms)
✔ Faculty record — experience overlap calculation (1.072833ms)
▶ Faculty record — FDP duration
  ✔ counts inclusive days (0.071875ms)
  ✔ single date (no end) counts as one day (0.037458ms)
  ✔ rejects reversed ranges (0.029666ms)
✔ Faculty record — FDP duration (0.199292ms)
▶ Faculty record — certification expiry
  ✔ flags expired certifications (0.077083ms)
  ✔ current when not yet expired (0.033625ms)
  ✔ lifetime overrides expiry (0.055542ms)
✔ Faculty record — certification expiry (0.232541ms)
▶ Faculty record — academic-year boundary
  ✔ assigns July-start academic years deterministically (0.072375ms)
✔ Faculty record — academic-year boundary (0.105541ms)
▶ Faculty record — dedupe key normalization
  ✔ normalizes DOI variants to the same key (0.085584ms)
  ✔ returns null for empty (0.053666ms)
✔ Faculty record — dedupe key normalization (0.172959ms)
[env] loaded /Users/nithinkswamy/Documents/GitHub/skillonx-erp/skillonx-erp/.env
▶ Faculty Profile — security / IDOR / RBAC
  ✔ a non-authorized faculty cannot view another faculty profile (403) (57.775584ms)
  ✔ an HOD of another department cannot view or verify the owner (10.430542ms)
  ✔ faculty cannot self-verify their own submitted record (21.622042ms)
  ✔ record-id IDOR: fetching a record not owned by the target employee 404s (14.292417ms)
  ✔ evidence-id IDOR: another faculty cannot download the owner’s evidence (403) (16.286625ms)
  ✔ tenant isolation: an employee id from another college is not resolvable (404) (9.342167ms)
  ✔ SUPER_ADMIN is excluded from the academic verification workflow (8.648ms)
✔ Faculty Profile — security / IDOR / RBAC (139.068292ms)
[env] loaded /Users/nithinkswamy/Documents/GitHub/skillonx-erp/skillonx-erp/.env
▶ APPROVED cross-module: Examination remuneration -> Finance receiver (§11)
  ✔ valid handoff: calculate -> approve -> post -> readback (amount is server-authoritative) (48.630333ms)
  ✔ duplicate replay: posting the same obligation twice yields ONE obligation/posting (15.731ms)
  ✔ concurrent replay: parallel posts collapse to ONE posting (21.743708ms)
  ✔ different legitimate duties for the same beneficiary stay distinct (27.668667ms)
  ✔ same duty cannot create a duplicate obligation (4.269958ms)
  ✔ rejects an invalid beneficiary (0.417666ms)
  ✔ refuses to post an unapproved obligation (3.699666ms)
  ✔ denies posting to an actor without Finance permission (§10) (5.620833ms)
  ✔ denies cross-tenant posting (5.956167ms)
  ✔ governed reversal preserves history (never deletes) (17.825334ms)
✔ APPROVED cross-module: Examination remuneration -> Finance receiver (§11) (177.052625ms)
[env] loaded /Users/nithinkswamy/Documents/GitHub/skillonx-erp/skillonx-erp/.env
▶ finance E2E
  ✔ approved student has semester demand with partial payment (20.45825ms)
  ✔ bulk demand generation is idempotent (203.008584ms)
  ✔ manual payment creates receipt transactionally (48.323792ms)
  ✔ no-due shows finance clear after full payment (36.619ms)
  ✔ hasOutstandingDues returns false when paid (15.681292ms)
  ✔ financial clearance passes for cleared student (24.506167ms)
  ✔ scholarship sanction reduces demand per policy (31.109125ms)
  ✔ concession requires finance permission (30.42375ms)
  ✔ refund lifecycle completes (27.649917ms)
  ✔ tenant isolation — cross-college demand not found (13.77275ms)
  ✔ principal and college admin cannot perform accountant-only mutations (15.205875ms)
✔ finance E2E (552.798875ms)
[env] loaded /Users/nithinkswamy/Documents/GitHub/skillonx-erp/skillonx-erp/.env
▶ Campus OS Phase 10: scholarship application lifecycle
  ✔ runs the full DRAFT -> SUBMITTED -> UNDER_VERIFICATION -> VERIFIED -> APPROVED -> SANCTIONED/COMPLETED lifecycle with a real financial handoff (60.395625ms)
  ✔ rejects a duplicate active application for a scheme that disallows multiple applications (16.668ms)
  ✔ concurrent duplicate submissions: exactly one succeeds under real DB concurrency (18.872667ms)
  ✔ idempotent sanction: repeated/concurrent sanction calls create exactly one financial effect (35.524375ms)
  ✔ terminal-state protection: a REJECTED application cannot be verified, approved, or sanctioned (22.756167ms)
  ✔ student IDOR: student B cannot view or withdraw student A application (5.576542ms)
  ✔ tenant isolation: a staff actor from another college cannot view or act on this application (21.443458ms)
  ✔ document evidence: student-uploaded documents are visible to staff and not to a different student (14.023917ms)
✔ Campus OS Phase 10: scholarship application lifecycle (227.08275ms)
[env] loaded /Users/nithinkswamy/Documents/GitHub/skillonx-erp/skillonx-erp/.env
▶ gap analysis ownership
  ✔ allows owning faculty (0.362791ms)
  ✔ forbids same-college non-owner faculty (0.039416ms)
  ✔ returns not found for cross-tenant faculty (0.031416ms)
  ✔ allows college admin institution-wide (0.036417ms)
  ✔ allows super admin cross-institution (0.030792ms)
  ✔ allows HOD read in department, forbids mutate unless owner (0.043416ms)
✔ gap analysis ownership (1.020875ms)
▶ coverage satisfaction
  ✔ computes expected 3 / actual 2 = 66.7% (0.34025ms)
  ✔ caps expected 3 / actual 4 at 100% (0.039209ms)
  ✔ never divides by zero or returns NaN (0.035416ms)
  ✔ validates 0–4 scale (0.048625ms)
  ✔ aggregates applicable items only (0.056583ms)
✔ coverage satisfaction (0.997833ms)
[env] loaded /Users/nithinkswamy/Documents/GitHub/skillonx-erp/skillonx-erp/.env
▶ gap analysis validation schemas
  ✔ accepts coverage 0–4 (0.619333ms)
  ✔ requires reason for NOT_APPLICABLE at service layer via schema optionality (0.147958ms)
  ✔ accepts controlled action types (0.095541ms)
✔ gap analysis validation schemas (1.340333ms)
▶ gap master workbook parser
  ✔ discovers academic mapping master with GAP sheets (3396.956541ms)
  ✔ parses gap sheets with stable IDs and preserves verification (65.31225ms)
  ✔ does not invent verified source from academic analysis (42.115542ms)
✔ gap master workbook parser (3504.987667ms)
[env] loaded /Users/nithinkswamy/Documents/GitHub/skillonx-erp/skillonx-erp/.env
▶ hostel E2E
  ✔ Aarav is active resident with room allocation (34.67075ms)
  ✔ non-resident student has hidden or application visibility (21.330541ms)
  ✔ student A cannot access student B resident record (18.922875ms)
  ✔ capacity metrics are consistent (17.435083ms)
  ✔ bed A-101-A has exactly one active allocation (18.932292ms)
  ✔ central no-due includes HOSTEL domain (31.786083ms)
  ✔ active resident hostel clearance is NOT_APPLICABLE (18.23725ms)
  ✔ Aarav has approved outpass (15.858834ms)
  ✔ Aarav has open complaint (17.038834ms)
  ✔ application-only student has draft or submitted application (16.239ms)
  ✔ eligibility engine returns structured result (22.18225ms)
  ✔ admin, HOD, faculty, accountant do not inherit routine hostel operations (1.685334ms)
  ✔ warden scope is assignment based, while management oversight is aggregate read-only (17.326292ms)
  ✔ active allocation uniqueness hardening is present when migration has run (20.072709ms)
  ✔ Student login identity is seeded for Hostel closure (16.63775ms)
  ✔ Warden login identity is seeded and scoped (17.415541ms)
  ✔ Principal login identity has oversight but no allocation mutation (23.740792ms)
  ✔ Accountant login identity can mutate Finance but not Hostel operations (20.118ms)
  ✔ Student Hostel overview returns access, room, and dues shape (29.301834ms)
  ✔ Student tracks own Hostel request only (20.445083ms)
  ✔ Cross-college Hostel request is denied as not found (18.619083ms)
  ✔ Warden sees pending applications for assigned Hostel (21.022959ms)
  ✔ Warden approves eligible application and Finance demand is canonical/idempotent (69.897917ms)
  ✔ Warden rejects application with reason (33.273792ms)
  ✔ Waitlist placement and ordering are deterministic (37.468709ms)
  ✔ Hostel master, block, floor, room, and bed listings exist (27.552416ms)
  ✔ Occupancy and vacancy calculations reconcile with bed states (19.038083ms)
  ✔ Inactive bed allocation is denied (27.895334ms)
  ✔ Inactive room allocation is denied (38.288834ms)
  ✔ Full-room allocation is denied (40.393584ms)
  ✔ Student allocation and duplicate active allocation denial are enforced (52.023ms)
  ✔ Same-bed concurrent allocation protection allows one winner (47.36325ms)
  ✔ Allocation history and current room are visible to the owning student (26.248959ms)
  ✔ Transfer approval releases old bed and occupies new bed (50.909625ms)
  ✔ Warden cannot execute Finance payment, receipt, or refund permissions (21.346042ms)
  ✔ Student, Principal, and Management cannot mutate Hostel payments (28.953ms)
  ✔ Hostel reads authoritative Finance fee status (19.060834ms)
  ✔ Payment gate is enforced before allocation where policy requires it (35.727625ms)
  ✔ Checkout request, processing, and bed release are idempotent (66.911666ms)
  ✔ Hostel no-dues state is sourced through central clearance (45.131208ms)
  ✔ Maintenance-linked Hostel complaint exposes repair context only (24.723708ms)
  ✔ Complaint privacy denies Student A access to Student B Hostel narrative (21.426166ms)
  ✔ Restricted grievance narrative is not present in Hostel complaint payloads (18.410417ms)
  ✔ Mentoring/welfare confidential information is not exposed through Hostel views (28.469375ms)
  ✔ HOD and Faculty operational Hostel denial is enforced (20.077375ms)
  ✔ Principal oversight and Management aggregate analytics are read-only (23.82125ms)
  ✔ Warden-scope isolation covers applications, allocations, rooms, checkout, waitlist, and reports (33.046333ms)
  ✔ Resident directory paginates and filters within authorised Hostel scope (31.298459ms)
  ✔ Student A cannot access Student B allocation or resident record (28.065292ms)
  ✔ Management cannot retrieve private operational resident rows through resident workspace (15.807666ms)
  ✔ Full RBAC matrix uses actual canonical Hostel roles (1.998ms)
  ✔ Role permission catalog documents Warden and Hostel Officer equivalence by actual roles (1.600875ms)
  ✔ Faculty plus Warden assignment preserves Faculty role and exposes separate portal contexts (40.778959ms)
  ✔ Leave request, approval, rejection boundary, and list persistence work (19.057125ms)
  ✔ Outpass request, approval token, and return persistence work (31.17525ms)
  ✔ Notification delivery records Hostel related references (82.261917ms)
  ✔ Audit evidence records privileged Hostel action trail (20.139375ms)
  ✔ Hostel fee demand idempotency under concurrent retry creates one canonical Finance demand (33.765292ms)
  ✔ Concurrent checkout retries produce one logical checkout and one bed release (60.798292ms)
  ✔ Room occupancy direct-load/API persistence includes active resident metadata (28.032333ms)
  ✔ Management aggregate analytics suppress private resident identifiers (18.944917ms)
  ✔ SUPER_ADMIN remains configuration/read-only boundary, not routine Hostel staff (2.09925ms)
  ✔ GET /hostel/capacity requires hostel.view and scopes to the warden's assigned hostels (73.065917ms)
✔ hostel E2E (1821.601458ms)
▶ appraisalScore
  ✔ roundScore uses 2-decimal rounding (0.374333ms)
  ✔ validateTemplateWeights accepts balanced sections (0.1055ms)
  ✔ validateTemplateWeights rejects section sum mismatch (0.134042ms)
  ✔ validateTemplateWeights rejects criteria sum mismatch (0.048ms)
  ✔ validateTemplateWeights rejects duplicate codes (0.044125ms)
  ✔ computeWeightedScore normalizes by scaleMax and skips nulls (0.067583ms)
  ✔ computeWeightedScore returns null when nothing rated (0.028584ms)
  ✔ mapScoreToRating uses min/max bands including edges (0.089166ms)
  ✔ mapScoreToRating falls back to nearest discrete score without bands (0.05925ms)
✔ appraisalScore (1.478625ms)
[env] loaded /Users/nithinkswamy/Documents/GitHub/skillonx-erp/skillonx-erp/.env
▶ hr academic continuity closure E2E
  ✔ full substitute happy path — leave to override (2875.193958ms)
  ✔ substitute sees class in timetable with substitution badge (29.651042ms)
  ✔ substitute attendance records original and delivered faculty (70.990292ms)
  ✔ planned topic visible on coverage without copying data (51.919333ms)
  ✔ full class swap E2E (72.105916ms)
  ✔ swap conflict returns FACULTY_CONFLICT and creates no override (11.095792ms)
  ✔ reschedule makeup E2E with availability check (63.285417ms)
  ✔ reschedule conflict blocks override for each supported conflict type (45.809041ms)
  ✔ HOD arrangement full flow with assign and approve (46.817792ms)
  ✔ authorized cancellation requires reason and blocks lecturer (29.561292ms)
  ✔ emergency leave creates CRITICAL coverage and HOD notification (651.31275ms)
  ✔ cancellation reversal restores balance and cancels future override (2614.201834ms)
  ✔ historical reversal preserves conducted attendance (9.51025ms)
  ✔ student notification dedupe prevents duplicates (6.798709ms)
  ✔ finalize notifications twice does not duplicate student rows (2434.018083ms)
  ✔ employee notifications dedupe on retry (17.643209ms)
  ✔ eligible substitutes API returns availability flags (210.515709ms)
  ✔ cross-college manager cannot access coverage detail (9.942875ms)
  ✔ tenant isolation — substitute lookup excludes other college (198.798125ms)
  ✔ lecturer cannot accept another lecturers coverage request (8.831166ms)
  ✔ lecturer cannot verify HOD-only coverage action (9.4375ms)
  ✔ substitute consent policy column is present and deterministic (41.952334ms)
  ✔ duplicate leave approval is idempotent (16.647208ms)
  ✔ concurrent duplicate leave approval keeps single override set (2293.012166ms)
  ✔ concurrent cancel vs approve yields one consistent leave state (68.734042ms)
  ✔ concurrent coverage verify is idempotent (27.56375ms)
  ✔ concurrent swap accept vs decline yields single final state (47.188708ms)
  ✔ audit matrix covers key academic continuity actions (212.775917ms)
  ✔ manager verify is idempotent when already verified (8.396083ms)
  ✔ HOD arrangement sets HOD_ACTION_REQUIRED state (34.281ms)
✔ hr academic continuity closure E2E (12220.37775ms)
[env] loaded /Users/nithinkswamy/Documents/GitHub/skillonx-erp/skillonx-erp/.env
▶ HR Analytics E2E
  ✔ metric catalog is centralized and permission-gated (73.391834ms)
  ✔ current headcount reconciles exactly to canonical Lifecycle (120.468667ms)
  ✔ historical headcount uses effective dates, not current rows (51.145333ms)
  ✔ joiners count matches canonical date_of_joining within period (63.729833ms)
  ✔ attrition is deterministic and follows the documented formula (72.915375ms)
  ✔ tenure bands cover all in-service employees exactly once (44.910709ms)
  ✔ attendance analytics come from canonical monthly records (65.371542ms)
  ✔ payroll analytics mirror canonical persisted run totals and flag divergence (43.716959ms)
  ✔ payroll analytics are confidential: HOD blocked, small groups suppressed (25.918416ms)
  ✔ recruitment funnel is monotonically non-increasing and reconciles JOINED (43.751375ms)
  ✔ offer acceptance rate is a bounded percentage (30.357584ms)
  ✔ rating distribution is finalized-only and never leaks reviewer notes (32.077125ms)
  ✔ F&F analytics reconcile case buckets and split payable/receivable (35.772709ms)
  ✔ cross-domain reconciliation checks pass on canonical data (31.596667ms)
  ✔ data quality returns deterministic integrity flags (34.05125ms)
  ✔ tenant isolation: college scope never bleeds across colleges (97.541875ms)
  ✔ HOD isolation: department scope enforced, other departments blocked (134.561792ms)
  ✔ export security: authorized export works, unauthorized blocked (119.039791ms)
  ✔ overview suppresses restricted cards by permission (277.270375ms)
✔ HR Analytics E2E (1399.671292ms)
[env] loaded /Users/nithinkswamy/Documents/GitHub/skillonx-erp/skillonx-erp/.env
▶ HR Attendance Closure E2E
  ✔ schema ready (2.195667ms)
  ✔ Scenario 1 — Normal Present Day (77.403209ms)
  ✔ Scenario 2 — Half Day (61.788292ms)
  ✔ Scenario 3 — Absence (55.5795ms)
  ✔ Scenario 6 — Holiday (46.398666ms)
  ✔ Scenario 9 — Incomplete Punch (53.75375ms)
  ✔ Scenario 11 — Joining Mid-Month (112.374125ms)
  ✔ Scenario 12 — Separation after LWD (50.819167ms)
  ✔ Scenario 16 — Explicit two-college tenant isolation E2E (825.69575ms)
  ✔ Scenario 18 — Punch Idempotency (45.855ms)
  ✔ Scenario 19 — No duplicate daily records (75.006833ms)
  ✔ Scenario 14-15 — Month lock and reopen (389.412291ms)
  ✔ Scenario 41 — Payroll handoff (359.370834ms)
  ✔ Scenario 42 — Payroll handoff rejects OPEN month (52.70725ms)
  ✔ Scenario 43 — Locked month blocks silent attendance mutation (401.993834ms)
  ✔ Scenario 44 — Attendance does not rewrite academic substitution tables (98.580792ms)
  ✔ Scenario 10 — Regularization with faculty employee (8.015292ms)
  ✔ Engine — suspended status (49.03275ms)
✔ HR Attendance Closure E2E (2830.27275ms)
▶ HR Attendance Engine precedence unit
  ✔ precedence order (0.076125ms)
✔ HR Attendance Engine precedence unit (0.108959ms)
[env] loaded /Users/nithinkswamy/Documents/GitHub/skillonx-erp/skillonx-erp/.env
▶ hr employee lifecycle E2E
  ✔ creates employee with number, employment record and service event (2160.935708ms)
  ✔ rejects duplicate official email (2194.122709ms)
  ✔ mark joined transitions status and creates JOINED event (4166.0295ms)
  ✔ blocks joining when mandatory onboarding incomplete (2156.687042ms)
  ✔ promotes employee without altering academic assignments (22.125583ms)
  ✔ transfers faculty department but keeps academic assignments (16.132083ms)
  ✔ changes reporting manager with history (17.566541ms)
  ✔ extends probation preserving original end date (4152.729334ms)
  ✔ contract renewal preserves old contract (2179.715125ms)
  ✔ lifecycle job is idempotent (85.032125ms)
  ✔ employee 360 returns operational assignments read-only (9.353125ms)
  ✔ tenant isolation denies cross-college employee access (13.125ms)
  ✔ personal profile CRUD with audit (2120.407958ms)
  ✔ emergency contact CRUD with tenant scoping (2176.136834ms)
✔ hr employee lifecycle E2E (21472.090084ms)
[env] loaded /Users/nithinkswamy/Documents/GitHub/skillonx-erp/skillonx-erp/.env
▶ hr final settlement E2E
  ✔ creates one F&F case per separation and is idempotent (218.683792ms)
  ✔ detects library and finance dues; unresolved clearance blocks approval (172.349709ms)
  ✔ calculates encashment, notice pay, recoveries, net payable and receivable (137.383584ms)
  ✔ snapshots inputs; later source changes do not alter approved F&F; lock blocks mutation (127.758917ms)
  ✔ maker-checker, finance posting idempotent including concurrent, reopen versioned (190.348167ms)
  ✔ HOD department clearance scoped; salary hidden; employee self isolation; tenant isolation (208.764917ms)
  ✔ released documents use historical employment facts (177.445417ms)
✔ hr final settlement E2E (1233.591ms)
[env] loaded /Users/nithinkswamy/Documents/GitHub/skillonx-erp/skillonx-erp/.env
▶ hr leave coverage E2E
  ✔ getLeaveCoverageSummary returns structured counts (128.716792ms)
  ✔ blocks approval when coverage incomplete (35.441583ms)
  ✔ substitute conflict returns FACULTY_CONFLICT when double-booked (19.020792ms)
  ✔ HOD arrangement marks coverage as HOD action required (59.954583ms)
  ✔ reschedule availability check returns structured result (11.463916ms)
  ✔ emergency leave creates priority coverage rows (70.103584ms)
✔ hr leave coverage E2E (325.400916ms)
[env] loaded /Users/nithinkswamy/Documents/GitHub/skillonx-erp/skillonx-erp/.env
▶ HRMS Payroll E2E
  ✔ salary structure + assignment + period creation (23.408ms)
  ✔ full calculate → snapshot → LOP handoff → approve → lock → payslip (41703.181875ms)
  ✔ Test A — locked payroll unchanged after salary revision (39705.746459ms)
  ✔ Test B — locked payroll unchanged after component master change (39665.388167ms)
  ✔ Test C — locked payroll unchanged after later attendance changes blocked by lock (40154.63275ms)
  ✔ Test D — direct mutation of locked result BLOCKED (3.715625ms)
  ✔ retroactive revision generates arrear without mutating locked payroll (40639.368959ms)
  ✔ concurrent create for same college+period → ONE run (7.126458ms)
  ✔ Finance posting idempotent + concurrent (40892.791041ms)
  ✔ cross-college payroll blocked (68.077958ms)
  ✔ HOD salary leakage through Employee 360 BLOCKED (80.475375ms)
  ✔ Principal confidential salary detail permission controlled (24.911375ms)
  ✔ employee self payslip only — other employee BLOCKED (7.5035ms)
  ✔ mid-month / future joiner eligibility (40821.221792ms)
  ✔ adjustments + reopen policy when finance posted (10.538583ms)
  ✔ rounding 0.005 path via percentage components (6.166708ms)
✔ HRMS Payroll E2E (283904.349834ms)
[env] loaded /Users/nithinkswamy/Documents/GitHub/skillonx-erp/skillonx-erp/.env
▶ hr performance appraisal E2E
  ✔ ensures default rating scale and lists scales (112.90925ms)
  ✔ rejects invalid template section weights (19.199833ms)
  ✔ createTemplate rejects unbalanced criteria weights (36.253042ms)
  ✔ creates cycle with default rating scale (44.869417ms)
  ✔ publishes template and versions without mutating prior ACTIVE history (65.845833ms)
  ✔ excludes employees who joined after period_end (73.87875ms)
  ✔ excludes employees separated before period_start (58.719583ms)
  ✔ employee creates goals and rejects weight over 100 (77.524458ms)
  ✔ blocks unauthorized employee from creating goals on another appraisal (56.333542ms)
  ✔ reviewer approves submitted goals; lock blocks further edits (98.595667ms)
  ✔ blocks non-reviewer from deciding goals (79.047917ms)
  ✔ employee can view own appraisal; peer employee blocked (70.90875ms)
  ✔ self appraisal submit computes self score; duplicate submit is idempotent (115.068542ms)
  ✔ blocks other employee from saving self appraisal (61.14975ms)
  ✔ HOD reviews department faculty; reviewer and self scores stay separate (96.8415ms)
  ✔ blocks HOD self-review (66.087458ms)
  ✔ blocks other-department HOD from reviewing when not assigned (83.72675ms)
  ✔ routes HOD appraisal reviewer to Principal (116.385708ms)
  ✔ calibration changes final score, preserves reviewer score, writes reason/audit (116.592709ms)
  ✔ blocks unauthorized actor from calibrating (99.451209ms)
  ✔ pulls attendance evidence into collectEvidence (36.635459ms)
  ✔ survey evidence payload stays anonymous (no student identity) (31.778708ms)
  ✔ evidence snapshot is immutable after later attendance mutation (82.389209ms)
  ✔ finalize maps server score to rating label (99.684458ms)
  ✔ lock blocks mutation; reopen creates new version (153.3195ms)
  ✔ blocks cross-college access to appraisal (86.663875ms)
  ✔ expired HOD assignment before review cutoff is not resolved as reviewer (56.663209ms)
  ✔ expired/unassigned HOD cannot submit review (93.245125ms)
  ✔ employee view hides reviewer-only private notes (97.132583ms)
✔ hr performance appraisal E2E (2288.436833ms)
[env] loaded /Users/nithinkswamy/Documents/GitHub/skillonx-erp/skillonx-erp/.env
▶ HR Recruitment
  ✔ skips cleanly when schema/seed missing (98.786ms)
  ✔ requisition state machine and invalid transition (69.818666ms)
  ✔ opening publish pause resume and public listing (56.840625ms)
  ✔ application deadline enforcement (37.821792ms)
  ✔ candidate email dedupe on apply (48.04575ms)
  ✔ screening shortlist and select (48.82025ms)
  ✔ interview panel isolation (68.397125ms)
  ✔ offer versioning immutability and acceptance does not create employee (118.448583ms)
  ✔ offer expiry (82.888625ms)
  ✔ complete joining creates one employee and is idempotent (226.209833ms)
  ✔ concurrent joining same application yields one employee (192.308833ms)
  ✔ concurrent headcount enforcement across applications (279.801375ms)
  ✔ HOD department scope isolation (27.327875ms)
  ✔ cross-college isolation (27.033417ms)
  ✔ candidate portal token self-isolation (91.20625ms)
  ✔ faculty without assignment cannot manage recruitment (1.906833ms)
  ✔ dashboard and pipeline reports (7.129208ms)
  ✔ list applications for opening (173.723583ms)
  ✔ rejects invalid application transition (32.76125ms)
  ✔ joining blocked when prejoining incomplete (81.240625ms)
  ✔ opening headcount cannot exceed requisition (18.251125ms)
  ✔ duplicate application on same opening rejected (36.287792ms)
  ✔ screen reject ends pipeline (39.471291ms)
  ✔ HR executive has manage and offer but not join by permission map (1.688583ms)
  ✔ principal has approve and report oversight only (1.990833ms)
  ✔ convertCandidateToEmployee alias matches completeJoining (175.534459ms)
  ✔ apply without consent rejected (34.998583ms)
✔ HR Recruitment (2080.2485ms)
[env] loaded /Users/nithinkswamy/Documents/GitHub/skillonx-erp/skillonx-erp/.env
▶ hrms E2E
  ✔ faculty backfill creates exactly one employee per faculty user (11456.909333ms)
  ✔ lecturer academic impact returns affected sessions when timetable exists (33.1055ms)
  ✔ leave request blocks approval when academic coverage incomplete (77.248667ms)
  ✔ employee self cannot view another employee payslip (6.707ms)
✔ hrms E2E (11574.654583ms)
[env] loaded /Users/nithinkswamy/Documents/GitHub/skillonx-erp/skillonx-erp/.env
▶ Employee L&D E2E
  ✔ development need can reference appraisal without mutating it (96.1615ms)
  ✔ HOD recommends own-department employee; other-department blocked (34.286416ms)
  ✔ development need transitions are server-authoritative; self cannot complete (44.276208ms)
  ✔ program state machine blocks invalid transitions (35.12525ms)
  ✔ eligible enroll works; duplicate is idempotent; ineligible blocked (58.846667ms)
  ✔ capacity concurrency: one confirmed, one waitlisted for the final seat (46.170458ms)
  ✔ waitlist promotes deterministically when a confirmed seat frees up (56.95ms)
  ✔ nomination: HOD nominates own dept; self-approval blocked; unauthorized approval blocked (65.978875ms)
  ✔ L&D attendance records independently and NEVER alters HR attendance (72.267209ms)
  ✔ completion rules are server-derived and block on missing attendance (73.512459ms)
  ✔ certificates: internal issue idempotent, external verify, cross-employee blocked (70.404959ms)
  ✔ effectiveness: employee feedback + manager review; cross-department review blocked (53.665334ms)
  ✔ tenant isolation: another college cannot see or act on the program (34.161ms)
  ✔ employee isolation: cannot read another employee development history (27.693416ms)
  ✔ T&P boundary: L&D operations never touch student training tables (43.231958ms)
  ✔ L&D API does not leak appraisal reviewer comments or salary (52.95325ms)
✔ Employee L&D E2E (866.947042ms)
[env] loaded /Users/nithinkswamy/Documents/GitHub/skillonx-erp/skillonx-erp/.env
▶ Succession Planning E2E
  ✔ critical role creation, uniqueness, and department scope (89.606125ms)
  ✔ talent assessment finalize is immutable; correction creates a new version (41.201666ms)
  ✔ APPRAISAL-sourced assessment derives band from finalized appraisal (read-only) (27.948083ms)
  ✔ talent matrix aggregates finalized assessments into a 3x3 grid (20.685292ms)
  ✔ talent pool membership is idempotent (31.181917ms)
  ✔ nomination: self-nomination, cross-department, and self-approval blocked (61.610458ms)
  ✔ duplicate nomination is idempotent and concurrency-safe (one canonical successor) (39.694584ms)
  ✔ approval race yields one valid transition with consistent state (37.616917ms)
  ✔ readiness reviews preserve history and never overwrite (46.220333ms)
  ✔ development action links L&D read-only and never mutates it; completion idempotent (41.987542ms)
  ✔ inactive employees cannot be nominated (lifecycle handling) (47.2425ms)
  ✔ employee confidentiality: self-surface exposes only own development, not slates (29.509834ms)
  ✔ tenant isolation: another college cannot read or act on the role (26.003041ms)
  ✔ reporting and audit history are produced (364.03475ms)
  ✔ frozen-domain invariants: T&P and payroll untouched by succession ops (54.385833ms)
✔ Succession Planning E2E (960.319458ms)
[env] loaded /Users/nithinkswamy/Documents/GitHub/skillonx-erp/skillonx-erp/.env
▶ Campus OS Phase 7: IQAC & Accreditation
  ✔ framework/version/criterion registry: create, version, activate, and criterion hierarchy (87.123625ms)
  ✔ RBAC: FACULTY cannot manage frameworks or metrics; HOD is not granted cycle.approve (55.8665ms)
  ✔ tenant isolation: cross-college actor gets 404 on reads and mutations, not a leak (25.844375ms)
  ✔ missing-data semantics: SYSTEM_DERIVED metric with no registered connector recomputes to NOT_CONFIGURED, never 0 (18.617584ms)
  ✔ manual metric entry and override preserve prior value/status and require a reason (28.088042ms)
  ✔ accreditation cycle: full lifecycle to CLOSED, and a double-freeze is rejected (concurrency-safe) (59.261916ms)
  ✔ snapshot revision after freeze is append-only and requires a reason; original snapshot is preserved (43.449459ms)
  ✔ evidence verification: self-verification is blocked even for a coordinator (18.04425ms)
  ✔ continuous improvement: action plan is forward-only, terminal states are protected, and reopening a closed plan requires a reason (32.222125ms)
  ✔ academic audit -> finding -> action plan feeds the SAME continuous-improvement engine (no separate audit_tasks table) (24.878458ms)
  ✔ committee governance: members, meeting, and minutes reuse documentEngine by id (no binary storage here) (35.768875ms)
  ✔ compliance calendar: overdue is derived at read-time, never silently mutates stored status (14.018417ms)
  ✔ dashboard aggregates via COUNT queries, scoped to the actor college (27.3835ms)
✔ Campus OS Phase 7: IQAC & Accreditation (471.497459ms)
[env] loaded /Users/nithinkswamy/Documents/GitHub/skillonx-erp/skillonx-erp/.env
▶ Lab Assistant / Laboratory Management E2E
  ✔ 1. lab assistant dashboard surfaces attention items (35.7735ms)
  ✔ 2. assigned labs are visible; scope excludes unassigned dept labs (6.088708ms)
  ✔ 3. unassigned lab operations are denied for a lab assistant (5.177375ms)
  ✔ 4. asset list + detail + history for an assigned lab (7.886417ms)
  ✔ 5. create + update asset, and status change writes history (6.560084ms)
  ✔ 6. retired assets cannot be reactivated (7.353417ms)
  ✔ 7. stock receipt increases balance; consumption decreases; negative is blocked (5.195916ms)
  ✔ 8. reusable item issue then return restores availability + overdue detection (5.217458ms)
  ✔ 9. practical sessions derive from the timetable and readiness is editable (4.205541ms)
  ✔ 10. fault logging + repair lifecycle (approve → in-progress → complete) (10.515042ms)
  ✔ 11. software inventory + software request review (5.717666ms)
  ✔ 12. requirement approval chain: In-charge → HOD → Principal (4.236833ms)
  ✔ 13. Lab In-charge oversight view is scoped to assigned labs (3.851875ms)
  ✔ 14. HOD oversight is department-scoped and cannot mutate operations (5.239583ms)
  ✔ 15. Principal + Management oversight spans the institution (read-only) (3.564084ms)
  ✔ 16. reports honour scope (asset register, low-stock) (4.056875ms)
  ✔ 17. another lab assistant cannot mutate a lab they are not assigned to (3.883875ms)
  ✔ 18. faculty without a Lab In-charge assignment cannot mutate lab admin (3.923209ms)
  ✔ 19. Accountant, COE and Student are denied lab operations (3.919708ms)
  ✔ 20. college isolation — cannot read another college lab (3.995584ms)
  ✔ 21. audit trail records asset + stock + issue actions (5.084041ms)
  ✔ 22. dashboard aggregates use few queries (no per-asset fan-out) (3.699083ms)
✔ Lab Assistant / Laboratory Management E2E (146.058875ms)
[env] loaded /Users/nithinkswamy/Documents/GitHub/skillonx-erp/skillonx-erp/.env
▶ decideLessonPlanAccess
  ✔ lets a faculty member manage their own lesson plan (0.349459ms)
  ✔ forbids another faculty member's lesson plan in the same college (0.052042ms)
  ✔ lets a college admin manage plans in their institution (0.036042ms)
  ✔ hides cross-college plans as NOT_FOUND (0.04ms)
  ✔ lets a super admin manage plans across institutions (0.034625ms)
✔ decideLessonPlanAccess (0.979792ms)
▶ canManageAllLessonPlans
  ✔ is true only for admin roles (0.041417ms)
✔ canManageAllLessonPlans (0.07275ms)
▶ planned vs actual dates
  ✔ keeps planned dates untouched when shifting subsequent actual dates (1.61775ms)
  ✔ does not shift a completed historical entry (0.048166ms)
✔ planned vs actual dates (2.086958ms)
▶ date helpers
  ✔ parses ISO dates in local time (0.042417ms)
✔ date helpers (0.07875ms)
▶ lesson plan subject matching
  ▶ matches aliases to existing subjects instead of creating duplicates
    ✔ matches TOC and Java aliases to existing catalog names (0.4045ms)
  ✔ matches aliases to existing subjects instead of creating duplicates (0.744292ms)
  ✔ matches by name when lesson-plan course codes differ from the catalog (0.045417ms)
  ✔ matches chemistry code prefixes without duplicating the subject (0.04025ms)
  ✔ reports unknown subjects instead of silently creating them (0.058291ms)
✔ lesson plan subject matching (1.250709ms)
▶ module mapping
  ✔ reuses Module 1 even when titles are richer (0.105583ms)
✔ module mapping (0.134625ms)
▶ lesson plan source parser
  ✔ parses module and unit labels without assuming five modules (0.836583ms)
  ✔ reads the actual public lesson-plan workbook (60.937667ms)
  ✔ keeps teaching order and does not invent quiz-derived topics (26.665625ms)
✔ lesson plan source parser (88.986292ms)
▶ lesson plan progress
  ✔ is zero when nothing is complete (0.435292ms)
  ✔ computes partial and complete progress without NaN (0.064958ms)
  ✔ reports behind and ahead of plan (0.073042ms)
  ✔ does not divide by zero on an empty plan (0.0415ms)
✔ lesson plan progress (1.081667ms)
▶ lesson plan scheduler
  ✔ schedules Monday/Wednesday/Thursday and skips holidays (0.834792ms)
  ✔ sets plannedDate equal to actualDate on generation (0.230083ms)
  ✔ reports a shortfall instead of dropping topics (0.068209ms)
  ✔ does not invent extra topics when spare teaching hours exist (0.124375ms)
  ✔ respects semester start and blocked dates (0.051167ms)
✔ lesson plan scheduler (1.790417ms)
[env] loaded /Users/nithinkswamy/Documents/GitHub/skillonx-erp/skillonx-erp/.env
▶ library E2E
  ✔ approved student has library membership (41.622709ms)
  ✔ catalog search finds Data Structures (19.627ms)
  ✔ availability is computed from copy states (10.083125ms)
  ✔ student A cannot access student B loans (11.002291ms)
  ✔ library no-due reflects active obligations (15.912666ms)
  ✔ central no-due includes library domain (36.689209ms)
  ✔ issue and return workflow (52.908416ms)
  ✔ renewal denied when reservation queue exists (15.43125ms)
  ✔ tenant isolation denies cross-college access (7.891875ms)
  ✔ LIBRARIAN role has full library permissions; bare FACULTY has none (0.148833ms)
  ✔ unguarded-route regression: bare FACULTY is denied member-status/renew/lost; COLLEGE_ADMIN is not (54.355333ms)
  ✔ concurrent issue of the same copy: at most one active loan is created (34.661708ms)
  ✔ overdue fine reaches Finance via handoff, and replay stays idempotent (59.552833ms)
✔ library E2E (360.720583ms)
[env] loaded /Users/nithinkswamy/Documents/GitHub/skillonx-erp/skillonx-erp/.env
▶ Maintenance / Facilities / IT Helpdesk E2E
  ✔ 1-4. requester can create a ticket, get a ticket number, and see it in My Tickets (28.773625ms)
  ✔ 5. auto-routing is deterministic and explainable (network → IT) (6.34575ms)
  ✔ 6. triage fallback: unmatched category enters the Triage queue (not SUPER_ADMIN) (5.124333ms)
  ✔ 7. manager dashboard surfaces action-required buckets (5.074084ms)
  ✔ 8-11. assign team+technician, acknowledge, start work (5.166167ms)
  ✔ 12-14,20,43. internal notes are hidden from the requester but visible to staff (6.230667ms)
  ✔ 15,22. waiting-for-parts pauses SLA; resuming restores the clock (4.505542ms)
  ✔ 16. approval / parts decision workflow (3.85275ms)
  ✔ 17-19. resolution → requester confirmation → close; then reopen (3.9275ms)
  ✔ 21. SLA due times are computed from category targets at creation (3.9425ms)
  ✔ 22b. seeded breached ticket is reported as BREACHED (3.6185ms)
  ✔ 23. escalation records evidence and raises escalation level (3.664375ms)
  ✔ 24. Lab fault integration uses maintenance_ref and never duplicates the fault (3.895917ms)
  ✔ 25-28. hostel / library / classroom / IT-ERP tickets share the one engine (5.080084ms)
  ✔ 29-30. requester isolation: a requester cannot read another requester’s ticket (4.843958ms)
  ✔ 31. college isolation: cross-college access is refused (3.644375ms)
  ✔ 32-33. technician sees only assigned/team tickets; IT-support scope (10.3255ms)
  ✔ 34. an operator with no work permission (Accountant-like) is a requester only (8.458333ms)
  ✔ 36-37. HOD department oversight & Principal institution oversight (9.87625ms)
  ✔ 38. management aggregate analytics (recurring issues have evidence) (9.205041ms)
  ✔ 40. audit evidence: every ticket action recorded on the timeline (6.512083ms)
  ✔ config: categories/teams/routing rules are college-scoped & seeded (5.895709ms)
  ✔ priority guard: a plain requester cannot force CRITICAL (9.024833ms)
  ✔ 39. direct-load of a ticket by a non-owner staff outside team is refused (3.707917ms)
✔ Maintenance / Facilities / IT Helpdesk E2E (161.703458ms)
[env] loaded /Users/nithinkswamy/Documents/GitHub/skillonx-erp/skillonx-erp/.env
▶ Campus OS Phase 3: preventive maintenance (proven gap only)
  ✔ creates a plan and rejects non-manager roles (RBAC) (72.957416ms)
  ✔ supports asset-less plans (facility-level, no equipment reference) (13.652542ms)
  ✔ generation is idempotent: a due plan generates exactly one ticket, then advances past due (69.171625ms)
  ✔ concurrent generation for the same due plan never double-generates (47.033125ms)
  ✔ tenant isolation: a plan/occurrence cannot be read or generated cross-college (11.304459ms)
  ✔ a generated ticket carries the canonical asset FK and surfaces warranty/AMC for operator decision support (45.973917ms)
  ✔ maintenance activity against an asset is traceable from the asset history (additive, never a status mutation) (42.039833ms)
  ✔ failure recovery: an occurrence recorded without a ticket can be retried without creating a duplicate occurrence (39.792ms)
✔ Campus OS Phase 3: preventive maintenance (proven gap only) (342.684125ms)
[env] loaded /Users/nithinkswamy/Documents/GitHub/skillonx-erp/skillonx-erp/.env
▶ Management & Executive Portal E2E
  ✔ MANAGEMENT / CHAIRMAN / PRINCIPAL are admitted; FACULTY is not (0.519042ms)
  ✔ FACULTY is denied every executive read (0.377916ms)
  ✔ command center returns KPIs with provenance and no NaN/undefined (546.689875ms)
  ✔ student-count KPI equals an independent canonical count (metric correctness) (432.298833ms)
  ✔ academics / workforce / recruitment / performance / L&D / succession read (405.108375ms)
  ✔ placement / finance / campus read (1859.999042ms)
  ✔ payroll summary is aggregate-only; detail is suppressed for MANAGEMENT (10.534541ms)
  ✔ department scorecards align with the command-center comparison (filter consistency) (622.078209ms)
  ✔ exceptions are deterministic with rule/threshold/scope/timestamp/drilldown (406.655042ms)
  ✔ approvals inbox lists pending items as a DTO (no salary/PII leak) (7.181083ms)
  ✔ MANAGEMENT (view-only) cannot ACT on approvals; capability is required (0.28ms)
  ✔ an authorized actor reaches the canonical service (dispatch proven via 404 on missing record) (3.271ms)
  ✔ concurrency: double approval of an already-approved leave yields one stable state (4.791667ms)
  ✔ executive snapshot + CSV export are generated from canonical data (791.240875ms)
  ✔ cross-college executive cannot read this college via manipulated scope (417.751292ms)
  ✔ portal reads do not mutate payroll / appraisal / placement / finance / attendance (2850.822458ms)
  ✔ a college with no data yields clean empty states, not NaN/undefined (37.388083ms)
✔ Management & Executive Portal E2E (8398.36425ms)
[env] loaded /Users/nithinkswamy/Documents/GitHub/skillonx-erp/skillonx-erp/.env
▶ mentoring & student advisory E2E
  ✔ risk engine is explainable (every flag carries a reason) (67.970583ms)
  ✔ mentor dashboard surfaces mentees and summary (31.549584ms)
  ✔ mentor can open Student 360 for an assigned mentee (26.845625ms)
  ✔ non-mentor faculty is denied an unassigned mentee 360 (7.716959ms)
  ✔ session + follow-up + action lifecycle (36.262416ms)
  ✔ confidential mentor notes are hidden from the student view (6.08975ms)
  ✔ escalation reaches HOD department oversight and can be resolved (3.420875ms)
  ✔ HOD department dashboard scopes to the department (3.160375ms)
  ✔ reassignment preserves history (30.91475ms)
  ✔ management analytics are de-identified (no student names / notes) (97.28975ms)
  ✔ risk config is readable and effective (7.441167ms)
✔ mentoring & student advisory E2E (319.59825ms)
[env] loaded /Users/nithinkswamy/Documents/GitHub/skillonx-erp/skillonx-erp/.env
▶ Office Administration final 50-scenario evidence
  ✔ Office Admin login identity (0.57375ms)
  ✔ Office Superintendent login identity (0.049208ms)
  ✔ Student lists Office services (55.152208ms)
  ✔ Student creates request (44.462834ms)
  ✔ Draft save/reload (4.900625ms)
  ✔ Request submit (21.870125ms)
  ✔ Unique request number generated (0.140625ms)
  ✔ Required attachment upload (1.595875ms)
  ✔ Student own-request access (3.503125ms)
  ✔ Student cross-request denial (0.7485ms)
  ✔ Faculty administrative service request (46.67325ms)
  ✔ Office inbox contains submitted request (3.536167ms)
  ✔ Assignment to Office Admin (7.256417ms)
  ✔ Reassignment to another authorized Office user (3.961458ms)
  ✔ Staff review (1.646625ms)
  ✔ Clarification requested (10.445291ms)
  ✔ Requester responds to clarification (5.226375ms)
  ✔ Approval (8.505667ms)
  ✔ Rejection (55.385792ms)
  ✔ Invalid lifecycle transition denied (0.450541ms)
  ✔ Fee-based Office service creates canonical Finance demand (67.376084ms)
  ✔ Office cannot mark Finance demand paid (0.143125ms)
  ✔ Accountant records/settles payment (0.722917ms)
  ✔ Office reads canonical payment state (0.433417ms)
  ✔ Payment gate blocks processing before settlement (0.430375ms)
  ✔ Payment gate opens after settlement (1.381417ms)
  ✔ Office document/certificate generation (63.341334ms)
  ✔ Unique document number (0.701375ms)
  ✔ Concurrent document numbering (64.246792ms)
  ✔ Document reissue (87.562833ms)
  ✔ Document revocation (3.286709ms)
  ✔ Digital document verification (1.917834ms)
  ✔ Public verification privacy (1.441416ms)
  ✔ Inward correspondence creation (2.067458ms)
  ✔ Inward forwarding (1.826875ms)
  ✔ Inward acknowledgement (1.562791ms)
  ✔ Outward correspondence creation (2.581458ms)
  ✔ Unique outward number (0.60425ms)
  ✔ Concurrent outward numbering (1.702583ms)
  ✔ Dispatch lifecycle (3.426958ms)
  ✔ Administrative file movement (1.825541ms)
  ✔ Current file custodian correctness (1.604167ms)
  ✔ HOD department scope (0.0885ms)
  ✔ Principal oversight/approval (0.081875ms)
  ✔ Management aggregate analytics (6.439916ms)
  ✔ Cross-college isolation (0.865291ms)
  ✔ Unauthorized operational role denied (0.119083ms)
  ✔ Internal-note confidentiality (1.721584ms)
  ✔ Audit evidence (13.952834ms)
  ✔ Direct-load/reload/API state persistence (0.580875ms)
  ✔ reports exact Office scenario count (0.061125ms)
✔ Office Administration final 50-scenario evidence (709.300666ms)
[env] loaded /Users/nithinkswamy/Documents/GitHub/skillonx-erp/skillonx-erp/.env
▶ Office closure concurrency evidence
  ✔ 1. document numbering is unique under concurrent issuance (124.262833ms)
  ✔ 2. outward numbering is unique under concurrent transactions (5.851958ms)
  ✔ 3. final issuance is idempotent under concurrent retries (64.333875ms)
✔ Office closure concurrency evidence (277.415042ms)
[env] loaded /Users/nithinkswamy/Documents/GitHub/skillonx-erp/skillonx-erp/.env
▶ Office auxiliary freeze evidence
  ✔ Attachment Security: requester and authorized Office access, isolation, and safe storage (6.718625ms)
  ✔ COE Boundary: Office roles have no exam mutation authority and Office data does not write exam tables (1.877542ms)
  ✔ Notifications: canonical supported Office events are tenant/request scoped and idempotent (90.765916ms)
  ✔ HOD Scope: Office queue, assignment, analytics, and mutations are unavailable (16.66825ms)
✔ Office auxiliary freeze evidence (259.470292ms)
▶ Office RBAC isolation matrix
  ✔ STUDENT has intentional Office boundaries (0.412833ms)
  ✔ FACULTY has intentional Office boundaries (0.033458ms)
  ✔ HOD has intentional Office boundaries (0.030708ms)
  ✔ OFFICE_ADMIN has intentional Office boundaries (0.02475ms)
  ✔ OFFICE_SUPERINTENDENT has intentional Office boundaries (0.025375ms)
  ✔ PRINCIPAL has intentional Office boundaries (0.02425ms)
  ✔ MANAGEMENT has intentional Office boundaries (0.352333ms)
  ✔ ACCOUNTANT has intentional Office boundaries (0.03525ms)
  ✔ COE has intentional Office boundaries (0.037958ms)
  ✔ ADMISSIONS_OFFICER has intentional Office boundaries (0.062333ms)
  ✔ LAB_ASSISTANT has intentional Office boundaries (0.03025ms)
  ✔ MAINTENANCE has intentional Office boundaries (0.021667ms)
  ✔ LIBRARIAN has intentional Office boundaries (0.027208ms)
  ✔ WARDEN has intentional Office boundaries (0.0165ms)
  ✔ TRANSPORT has intentional Office boundaries (0.020583ms)
  ✔ T&P has intentional Office boundaries (0.022542ms)
  ✔ HR has intentional Office boundaries (0.016958ms)
  ✔ SUPER_ADMIN has intentional Office boundaries (0.020583ms)
  ✔ all 18 role categories are represented (0.033209ms)
✔ Office RBAC isolation matrix (1.841459ms)
[env] loaded /Users/nithinkswamy/Documents/GitHub/skillonx-erp/skillonx-erp/.env
▶ parent guardian portal E2E
  ✔ authenticates a verified parent account (57.361875ms)
  ✔ rejects wrong parent credentials (41.21425ms)
  ✔ lists only verified active linked children (3.802958ms)
  ✔ allows linked child access and denies unrelated / inactive links (2.177125ms)
  ✔ supports multi-child parent context (43.700375ms)
  ✔ denies cross-college manipulated student access (0.510167ms)
  ✔ returns linked attendance and denies attendance IDOR (11.269709ms)
  ✔ returns released academics/results only through result services (27.645083ms)
  ✔ returns finance and receipt data only for linked child (19.091417ms)
  ✔ returns hostel and transport read-only visibility for linked child (21.812375ms)
  ✔ exposes only parent-visible mentoring interactions (5.930166ms)
  ✔ supports parent leave approval and parent-initiated leave only for linked children (161.213042ms)
  ✔ does not expose grievance, welfare, HR, faculty, or T&P administration surfaces (23.437417ms)
  ✔ loads parent-visible notices without exposing staff-only notices (1.702209ms)
  ✔ supports parent password change using existing password policy (311.864458ms)
✔ parent guardian portal E2E (925.288792ms)
[env] loaded /Users/nithinkswamy/Documents/GitHub/skillonx-erp/skillonx-erp/.env
▶ placement E2E
  ✔ Aarav academic profile has CGPA from canonical record (56.841834ms)
  ✔ Aarav is eligible for SkillonX opportunity (20.588375ms)
  ✔ low CGPA student is NOT_ELIGIBLE for CGPA rule (14.544875ms)
  ✔ duplicate application is rejected (37.721959ms)
  ✔ ineligible student direct apply returns NOT_ELIGIBLE (15.636791ms)
  ✔ analytics distinguish unique students placed from total offers (13.713375ms)
  ✔ accepted offer updates student placement status without marking JOINED (8.313042ms)
  ✔ tenant isolation — cross-college application denied (7.392375ms)
  ✔ student can read own application detail with eligibility snapshot (11.994459ms)
✔ placement E2E (187.467541ms)
▶ unified T&P lifecycle E2E
  ✔ T&P Officer is canonical employee and faculty remains FACULTY (5668.824583ms)
  ✔ Department coordinator is faculty plus department T&P; ending assignment keeps faculty (5631.150625ms)
  ✔ overlapping T&P Officer assignments are rejected (5812.413125ms)
  ✔ company create/update is tenant-scoped; drive publish/eligibility/deadline/invalid transition (5736.95125ms)
  ✔ eligible apply, duplicate blocked, student isolation, shortlist, offer privacy (5788.779209ms)
  ✔ training registration, capacity, attendance, department scope (5433.010209ms)
  ✔ department A coordinator cannot access department B student profile (5535.334625ms)
  ✔ Principal management analytics is college-scoped; audit records company create (5752.79425ms)
✔ unified T&P lifecycle E2E (45359.742125ms)
[env] loaded /Users/nithinkswamy/Documents/GitHub/skillonx-erp/skillonx-erp/.env
▶ Super Admin & Platform Governance
  ▶ capability RBAC wall
    ✔ SUPER_ADMIN holds every platform capability (0.411875ms)
    ✔ tenant roles are denied platform capabilities (5.454541ms)
  ✔ capability RBAC wall (6.188209ms)
  ▶ platform dashboard
    ✔ aggregates tenants/users against independent counts (38386.082375ms)
  ✔ platform dashboard (38386.285166ms)
  ▶ tenant creation
    ✔ provisions tenant + default admin + default modules transactionally (54.138833ms)
    ✔ rejects duplicate code and stays atomic under concurrency (50.666875ms)
  ✔ tenant creation (105.083042ms)
  ▶ tenant lifecycle
    ✔ activates, suspends and reactivates with valid transitions only (73.830875ms)
  ✔ tenant lifecycle (73.948917ms)
  ▶ module governance
    ✔ enforces dependency rules on enable and disable (65.4305ms)
    ✔ disable preserves data and enable is idempotent (89.376083ms)
  ✔ module governance (154.930334ms)
  ▶ bootstrap & escalation protection
    ✔ blocks deactivating the only active Super Admin (5.371666ms)
    ✔ blocks demoting the last Super Admin (4.761042ms)
    ✔ only a Super Admin can grant the Super Admin role (1.474083ms)
  ✔ bootstrap & escalation protection (11.716416ms)
  ▶ capability governance
    ✔ rejects capabilities outside the registry (0.130792ms)
    ✔ grants and revokes a real capability idempotently and protects SUPER_ADMIN (6.301041ms)
  ✔ capability governance (6.491ms)
  ▶ integration secret safety
    ✔ never returns the raw secret and stores only a masked tail (5.636041ms)
  ✔ integration secret safety (5.677083ms)
  ▶ platform health
    ✔ reports typed statuses, database healthy, no secret leakage (0.400333ms)
  ✔ platform health (0.43475ms)
  ▶ config validation
    ✔ returns deterministic issues for a gapped tenant (57.893375ms)
  ✔ config validation (57.94825ms)
  ▶ audit trail
    ✔ records privileged tenant changes and is searchable (1.232958ms)
  ✔ audit trail (1.26375ms)
  ▶ source-of-truth invariants
    ✔ governance operations do not mutate frozen operational domains (38722.296375ms)
  ✔ source-of-truth invariants (38722.364375ms)
  ▶ feature flags
    ✔ lists seeded flags and supports create/read/update of global state (14.300625ms)
    ✔ rejects unknown / malformed flag keys (0.210583ms)
    ✔ tenant overrides are isolated and cannot target missing tenants (102.479417ms)
    ✔ feature flags do not grant platform capabilities (RBAC remains authoritative) (6.7545ms)
  ✔ feature flags (123.853834ms)
  ▶ master templates & adoption
    ✔ creates/lists platform templates and adopts an immutable tenant snapshot (62.320292ms)
  ✔ master templates & adoption (62.371ms)
  ▶ tenant settings & branding
    ✔ validates typed settings and rejects bad prefixes (51.646125ms)
    ✔ rejects unsafe branding markup and invalid colours (52.549625ms)
  ✔ tenant settings & branding (104.2675ms)
  ▶ announcements
    ✔ targets selected tenants and isolates untargeted colleges (113.671042ms)
    ✔ requires targets for SELECTED audience (0.171833ms)
  ✔ announcements (113.890084ms)
✔ Super Admin & Platform Governance (78331.337709ms)
[env] loaded /Users/nithinkswamy/Documents/GitHub/skillonx-erp/skillonx-erp/.env
▶ Campus OS Phase 1: GRN idempotency
  ✔ a client replay with the same idempotency key returns the original GRN and does not double-post stock (126.326708ms)
  ✔ concurrent replay of the same idempotency key is safe under real DB concurrency (67.001792ms)
  ✔ a different idempotency key legitimately creates a second, independent partial GRN (58.837833ms)
✔ Campus OS Phase 1: GRN idempotency (252.719042ms)
▶ Campus OS Phase 1: Asset handoff (GRN -> P0.2 Asset Management)
  ✔ registers exactly one asset per accepted unit, and is idempotent on replay (78.571083ms)
  ✔ rejects handoff for a non-ASSET_TRACKABLE item (a normal CONSUMABLE GRN line) (42.624ms)
  ✔ rejects a mismatched asset-registration count vs. accepted quantity (51.473667ms)
  ✔ rejects handoff RBAC for a role without procurement.asset.handoff (46.170167ms)
  ✔ cross-college actor cannot hand off another college's GRN line (51.455834ms)
  ✔ concurrent handoff of the same GRN line is safe under real DB concurrency (no duplicate assets, one handoff record) (66.974417ms)
  ✔ getAssetHandoff returns null before handoff and the record afterward (57.219458ms)
✔ Campus OS Phase 1: Asset handoff (GRN -> P0.2 Asset Management) (394.758125ms)
▶ stores and procurement canonical web module
  ✔ item/store/vendor masters enforce duplicate and tenant protection (30.319792ms)
  ✔ indent workflow blocks self-approval and cross-department HOD approval (43.038083ms)
  ✔ PO lifecycle rejects invalid transitions and supports partial GRN receipt (56.22725ms)
  ✔ concurrent GRNs cannot over-receive a purchase order (47.998542ms)
  ✔ concurrent stock issues cannot drive inventory negative (57.787667ms)
  ✔ transfers are atomic and protect source stock (47.169375ms)
  ✔ returns cannot exceed issued quantity under concurrency (54.956709ms)
  ✔ Campus OS Phase 0: vendor directory is tenant-scoped and findVendorRef degrades gracefully (26.585666ms)
  ✔ Finance handoff is idempotent for duplicate requests (59.666208ms)
✔ stores and procurement canonical web module (424.057458ms)
[env] loaded /Users/nithinkswamy/Documents/GitHub/skillonx-erp/skillonx-erp/.env
▶ validateAnswerAgainstQuestion
  ✔ accepts a valid selected option (0.452625ms)
  ✔ rejects a selected option that does not belong to the question (0.087833ms)
  ✔ accepts an in-range numeric rating answer (0.044417ms)
  ✔ rejects an out-of-range numeric rating answer (0.040875ms)
  ✔ rejects an empty required text answer (0.041583ms)
  ✔ rejects checkbox options outside the question (0.042125ms)
✔ validateAnswerAgainstQuestion (1.181167ms)
[env] loaded /Users/nithinkswamy/Documents/GitHub/skillonx-erp/skillonx-erp/.env
▶ internal question paper ownership
  ✔ allows owning faculty to read and mutate (0.382041ms)
  ✔ forbids peer faculty from private internal papers (0.038542ms)
  ✔ hides cross-college as NOT_FOUND (0.033042ms)
  ✔ allows college admin (0.03175ms)
  ✔ does not grant COE confidential paper content access by default (0.029167ms)
✔ internal question paper ownership (1.022417ms)
▶ standard IA pattern
  ✔ is 20 + 20 + 10 = 50 (0.939333ms)
  ✔ printed marks exceed required when OR alternatives are included (0.085875ms)
✔ standard IA pattern (1.471208ms)
▶ syllabus scope filtering
  ✔ never admits a Module 1 question into a Module 3+4 paper (0.279375ms)
  ✔ excludes CO_MAPPING_BLOCKED and NEEDS_REVIEW from the usable pool (0.0715ms)
✔ syllabus scope filtering (0.405959ms)
▶ generation stays on the 50-mark blueprint
  ✔ fills 20+20+10 using in-scope 10-mark questions (0.469875ms)
✔ generation stays on the 50-mark blueprint (0.502458ms)
▶ paper validation messages
  ✔ names the question when scheme totals do not match marks (0.421875ms)
✔ paper validation messages (0.47175ms)
▶ mandatory OR-pair validation
  ✔ flags a slot printed without its OR alternative (0.225625ms)
  ✔ rejects an OR pair whose alternatives come from different modules (0.148333ms)
  ✔ accepts a balanced 20 OR 20 / 20 OR 20 / 10 OR 10 paper (answerable 50, printed 100) (0.103958ms)
  ✔ pairs an OR alternative from the same module as its partner (0.581791ms)
✔ mandatory OR-pair validation (1.126ms)
▶ RBT mapping
  ✔ maps Bloom names to L1–L6 (0.04675ms)
✔ RBT mapping (0.066125ms)
▶ legacy blueprint validation still accepts equal totals
  ✔ rejects duplicates (0.138333ms)
✔ legacy blueprint validation still accepts equal totals (0.159125ms)
[env] loaded /Users/nithinkswamy/Documents/GitHub/skillonx-erp/skillonx-erp/.env
▶ question paper db e2e
  ✔ imports library rows, generates IA-1 from CO plan, snapshots on finalize, isolates ownership (732.090125ms)
✔ question paper db e2e (732.814208ms)
[env] loaded /Users/nithinkswamy/Documents/GitHub/skillonx-erp/skillonx-erp/.env
▶ real PDF extraction
  ✔ extracts MCA 2023 Even merged file into individual papers with questions (815.659916ms)
✔ real PDF extraction (816.22475ms)
▶ internal QP generator
  ✔ builds 50-mark slots from CO Evaluation distribution (0.419709ms)
  ✔ selects exact total marks and CO distribution without duplicates (6.314334ms)
  ✔ can restrict to previous-year source only (0.176541ms)
  ✔ rejects duplicate fingerprints in validation (0.208916ms)
  ✔ fills remaining slots without dropping already selected questions (0.102042ms)
  ✔ excludes recent previous-year repeats when configured (0.403333ms)
  ✔ never selects non-PYQ sources even if they are in the pool (0.076875ms)
  ✔ never selects a Module 4 question when only Module 1 is in scope (0.079ms)
✔ internal QP generator (8.316583ms)
[env] loaded /Users/nithinkswamy/Documents/GitHub/skillonx-erp/skillonx-erp/.env
▶ module mapping
  ✔ uses paper module heading rather than question number (0.774625ms)
  ✔ maps by question intent when heading is absent — not Qn = Module n (0.08575ms)
  ✔ does not blindly map Q1 to Module 1 when topics belong to another module (0.087166ms)
  ✔ keeps an explicit paper Module-1 heading even when the topic is normalization (0.068959ms)
✔ module mapping (1.505ms)
▶ CO mapping is not Module N = CO N
  ✔ maps normalization intent to CO about normalization even under Module 1 heading (5.300458ms)
  ✔ blocks CO mapping when the subject has no outcomes (0.057042ms)
✔ CO mapping is not Module N = CO N (5.412125ms)
[env] loaded /Users/nithinkswamy/Documents/GitHub/skillonx-erp/skillonx-erp/.env
▶ paper metadata extraction
  ✔ reads course code, subject, marks, duration, exam type from header (1.3155ms)
  ✔ detects makeup/supplementary from content not only filename (0.060834ms)
  ✔ extracts header course code even when USN comes first (0.127ms)
✔ paper metadata extraction (1.985333ms)
▶ question extraction
  ✔ splits module-wise subquestions and preserves OR groups (3.407792ms)
  ✔ preserves 10-mark VTU IA subquestions and both OR alternatives (DBMS reference paper) (0.438542ms)
  ✔ does not concatenate subquestions without per-part marks tracking (0.134875ms)
  ✔ marks MARKS_UNRESOLVED when marks are not visible (0.513917ms)
  ✔ preserves original wording and printed CO/RBT without rewriting (0.09625ms)
  ✔ does not invent questions from empty letter stubs (0.06175ms)
✔ question extraction (4.79ms)
▶ MCQ papers
  ✔ parses numbered 1-mark questions when instructed as fifty questions (0.276708ms)
✔ MCQ papers (0.308667ms)
▶ duplicate paper collapse
  ✔ keeps the richer extraction when the same paper_id appears twice (145.09275ms)
✔ duplicate paper collapse (145.12475ms)
▶ merged document split
  ✔ uses INDEX + Degree Examination headers to split papers (2.211625ms)
✔ merged document split (2.2505ms)
▶ ids and dates
  ✔ builds stable paper ids (0.034416ms)
  ✔ parses Dec/Jan as January of the later year (0.033958ms)
✔ ids and dates (0.09725ms)
▶ index parser
  ✔ reads subject rows from INDEX pages (0.194792ms)
✔ index parser (0.214667ms)
▶ positional (coordinate-aware) extraction
  ✔ rebuilds a VTU OR pair with subquestions and marks from column geometry (old scheme) (1.537584ms)
  ✔ extracts M/L/C columns (new 2022 scheme) as marks, RBT and CO (0.303958ms)
  ✔ ignores in-question data tables sitting in the middle columns (0.119875ms)
  ✔ recovers Q-number sharing a baseline with Important Note footer (0.115041ms)
  ✔ recovers Q3 when footer has a stray leading glyph (fImportant Note) (0.075667ms)
  ✔ recovers continuation-page Q after USN header cell on the same line (0.084625ms)
  ✔ does not treat footer page counters or malpractice note numbers as questions (0.058208ms)
  ✔ keeps multi-page continuation attached and records per-question source page (0.093583ms)
✔ positional (coordinate-aware) extraction (2.449042ms)
▶ wrapped subject title
  ✔ reconstructs multi-line subject title between exam header and Time (0.113167ms)
✔ wrapped subject title (0.1295ms)
▶ paper QA classification
  ✔ flags truncated source when pagesSeen < printed totalK (0.22675ms)
  ✔ treats MBA-style 8-question paper as special format, not parser defect (0.095875ms)
✔ paper QA classification (0.347625ms)
▶ master question bank source policy
  ✔ treats only previous-year papers as a valid question source (0.336375ms)
  ✔ does not mark a question READY without PYQ + textbook-backed solution + scheme (0.161792ms)
  ✔ keeps historical printed CO when it disagrees with current mapping (0.051541ms)
  ✔ reports insufficient PYQ coverage instead of inventing questions (0.09775ms)
✔ master question bank source policy (1.1165ms)
▶ master source classification
  ✔ classifies by real provenance: SEE→VTU_SEE_PYQ, explicit module bank→MODULE_QUESTION_BANK, else OTHER_SOURCE (0.395459ms)
  ✔ only allows VTU SEE PYQ and Module Question Bank sources (0.051834ms)
✔ master source classification (0.864625ms)
▶ SEE-first source priority
  ✔ prefers VTU SEE PYQ when both SEE and Module Bank candidates exist (0.76875ms)
  ✔ does NOT use Module Bank when enough SEE questions exist (0 fallback) (0.132292ms)
  ✔ falls back to Module Question Bank for the partner when SEE cannot supply a second alternative (0.59775ms)
  ✔ uses Module Bank when no eligible SEE candidate exists at all (0.104584ms)
  ✔ throws INSUFFICIENT_QUESTION_COVERAGE when neither source can fill a slot (0.125125ms)
  ✔ never auto-selects OTHER_SOURCE (non-SEE PYQ) even to complete the paper (0.074166ms)
  ✔ uses a GENUINE Module Question Bank question (not a non-SEE PYQ) as fallback (0.109708ms)
  ✔ ranks a SEE question above a stronger Module Bank question (source priority first) (0.114291ms)
✔ SEE-first source priority (2.163792ms)
▶ finalization source validation
  ✔ accepts a mixed OR pair (A = VTU SEE, B = Module Bank) with equal marks and same module (0.419875ms)
  ✔ rejects finalization when any component has a forbidden source (0.126042ms)
✔ finalization source validation (0.580334ms)
▶ sourceSummaryFromItems
  ✔ summarizes 5/6 SEE + 1/6 Module Bank fallback with a reason (0.124917ms)
  ✔ treats a 20-mark alternative built partly from Module Bank as a fallback alternative (0.036125ms)
✔ sourceSummaryFromItems (0.185333ms)
▶ module hard filter and OR quality
  ✔ never borrows from another module even when that module has excellent candidates (0.16525ms)
  ✔ avoids near-duplicate OR alternatives when a distinct SEE partner exists (0.125166ms)
  ✔ includes module and slot detail in shortage errors (0.065416ms)
  ✔ excludes unverified SEE extraction from automatic selection (0.067834ms)
✔ module hard filter and OR quality (0.460209ms)
[env] loaded /Users/nithinkswamy/Documents/GitHub/skillonx-erp/skillonx-erp/.env
▶ VTU OR / module structure
  ✔ recognises the standard five-module Q1–Q10 paper (0.619ms)
  ✔ does not invent OR pairs for an MCQ paper (0.047833ms)
  ✔ keeps both alternatives as separate questions after parse (2.153333ms)
  ✔ overrides a standard-pair guess when syllabus topics disagree (0.402708ms)
✔ VTU OR / module structure (3.720666ms)
[env] loaded /Users/nithinkswamy/Documents/GitHub/skillonx-erp/skillonx-erp/.env
▶ coMapping helpers
  ✔ tokenizes academic text and drops stop words (0.417375ms)
  ✔ maps by intent keywords — never Module N = CO N (4.881125ms)
  ✔ blocks mapping when the subject has no course outcomes (0.068291ms)
  ✔ marks needs review when overlap is weak (0.105958ms)
  ✔ snapshots derived outcomes to code lists (0.579875ms)
✔ coMapping helpers (6.540667ms)
[env] loaded /Users/nithinkswamy/Documents/GitHub/skillonx-erp/skillonx-erp/.env
▶ decideQuizAccess
  ✔ lets a faculty member manage their own quiz (0.35375ms)
  ✔ forbids a faculty member from another faculty member's quiz in the same college (0.039459ms)
  ✔ lets a college admin manage any quiz in their institution (0.033417ms)
  ✔ hides cross-college quizzes from a college admin as NOT_FOUND (0.034416ms)
  ✔ hides cross-college quizzes from faculty as NOT_FOUND (never FORBIDDEN) (0.031792ms)
  ✔ lets a super admin manage quizzes across institutions (0.03175ms)
✔ decideQuizAccess (0.987125ms)
▶ canManageAllQuizzes
  ✔ is true only for admin roles (0.043875ms)
✔ canManageAllQuizzes (0.086083ms)
[env] loaded /Users/nithinkswamy/Documents/GitHub/skillonx-erp/skillonx-erp/.env
▶ quiz CO mapping quality gates
  ✔ does not map shallow SQL acronym recall to a design-normalized-schema CO (0.591959ms)
  ✔ prefers definitional CO for definitional questions (0.310625ms)
  ✔ marks subjects without COs as blocked (no fabricated COs) (0.037542ms)
✔ quiz CO mapping quality gates (1.387208ms)
▶ quiz academic coverage
  ✔ reports per-CO counts (0.062917ms)
✔ quiz academic coverage (0.113959ms)
▶ question replacement prefers Primary CO
  ✔ preserves Primary CO when inventory allows (0.193042ms)
✔ question replacement prefers Primary CO (0.251917ms)
▶ CO Performance aggregation (not attainment)
  ✔ computes CO1 50% and CO2 100% for the required example (0.235833ms)
  ✔ preserves grading regression for correct/incorrect scoring (0.060625ms)
✔ CO Performance aggregation (not attainment) (0.393125ms)
▶ quiz.md CO metadata (backward compatible)
  ✔ parses Primary CO fields without breaking classic questions (1.120791ms)
✔ quiz.md CO metadata (backward compatible) (1.151375ms)
▶ snapshot CO fields do not alter public student payload contract
  ✔ keeps answer-key free public shape (4.281958ms)
✔ snapshot CO fields do not alter public student payload contract (4.310709ms)
▶ quiz generator selection
  ✔ selects 10 Easy + 5 Intermediate + 5 Difficult = 20 (0.681958ms)
  ✔ selects 0 Easy + 10 Intermediate + 10 Difficult = 20 (0.084584ms)
  ✔ uses only selected modules (0.084166ms)
  ✔ never selects another subject (0.06125ms)
  ✔ Easy request returns only EASY (0.057792ms)
  ✔ Intermediate request returns only INTERMEDIATE (0.047708ms)
  ✔ Difficult request returns only DIFFICULT (0.043834ms)
  ✔ insufficient inventory returns a clean validation error (0.166083ms)
  ✔ never selects NEEDS_REVIEW questions (0.051625ms)
  ✔ does not select duplicate fingerprint groups twice (0.097167ms)
  ✔ balances Easy=9 across three modules as 3/3/3 (0.0995ms)
  ✔ redistributes when one module has insufficient Easy inventory (0.081625ms)
  ✔ replace keeps difficulty and never duplicates a quiz question (0.091625ms)
  ✔ regenerate-equivalent selection preserves criteria counts (0.652834ms)
✔ quiz generator selection (3.126375ms)
▶ single-choice grading
  ✔ awards full marks for the correct option (0.392583ms)
  ✔ awards 0 for an incorrect option (0.049125ms)
  ✔ awards 0 when unanswered (0.038167ms)
✔ single-choice grading (0.920125ms)
▶ multiple-select grading
  ✔ requires all correct selections and no incorrect ones (0.067916ms)
✔ multiple-select grading (0.108833ms)
▶ true/false grading
  ✔ grades a true/false item as single choice (0.041417ms)
✔ true/false grading (0.068209ms)
▶ numeric grading
  ✔ accepts an answer within tolerance and rejects string-style mismatch outside it (0.073375ms)
✔ numeric grading (0.148292ms)
▶ score calculation
  ✔ sums marks, percentage, and pass/fail (0.1185ms)
  ✔ fails below the pass percentage (0.041916ms)
✔ score calculation (0.2075ms)
▶ attempt limits and timer
  ✔ resumes an in-progress attempt instead of consuming another (0.061834ms)
  ✔ blocks a second start when the attempt limit is reached (0.04575ms)
  ✔ allows unlimited attempts when attemptsAllowed is 0 (0.030959ms)
  ✔ computes expiry from server start time, not the browser clock (0.602709ms)
✔ attempt limits and timer (0.79775ms)
▶ answer-key leak prevention
  ✔ public question payloads contain none of the forbidden grading keys (0.594625ms)
  ✔ detects a leak if grading metadata is accidentally included (0.34575ms)
  ✔ hides the answer key until release policy allows it (0.036792ms)
✔ answer-key leak prevention (1.017792ms)
▶ question snapshot immutability
  ✔ later edits to the live question do not change a stored attempt snapshot (0.084166ms)
✔ question snapshot immutability (0.098875ms)
[env] loaded /Users/nithinkswamy/Documents/GitHub/skillonx-erp/skillonx-erp/.env
▶ question import parsers
  ✔ parses module-wise MCQ text with a verified answer key (1.026042ms)
  ✔ marks questions without an answer key as NEEDS_REVIEW and does not guess (0.113833ms)
  ✔ parses CSV rows (0.176834ms)
  ✔ parses structured JSON without inventing answers (0.119917ms)
  ✔ parses assessment quiz.md headings, options, answers and difficulty (0.965083ms)
✔ question import parsers (2.895708ms)
[env] loaded /Users/nithinkswamy/Documents/GitHub/skillonx-erp/skillonx-erp/.env
▶ Campus OS Phase 6: Research grants administration
  ✔ runs the full lifecycle: create -> submit -> HOD approve -> Coordinator approve -> award -> convert -> utilization -> close (168.648291ms)
  ✔ rejects illegal transitions: cannot award a DRAFT/REJECTED proposal; cannot convert before AWARDED; a CANCELLED project cannot be closed (97.065459ms)
  ✔ prevents self-approval: a PI/Co-PI/team member cannot review a proposal they are on even if they hold HOD/RESEARCH_COORDINATOR role (61.082667ms)
  ✔ generates distinct project codes under concurrent conversions for different proposals (96.588625ms)
  ✔ convertToProject is idempotent and concurrency-safe for the same proposal: exactly one project row results (53.87325ms)
  ✔ closeProject is idempotent under concurrency: both calls succeed with the same end state (61.472042ms)
  ✔ enforces tenant isolation / IDOR: cross-college access returns not found for reads and mutations (20.487917ms)
  ✔ enforces RBAC: FACULTY cannot review/award/close/manage funding agencies; HOD is department-scoped (34.281292ms)
  ✔ rejects awarding an already-AWARDED proposal a second time (not silently accepted) (49.275708ms)
  ✔ handles a department-less proposal by routing straight to Coordinator review (34.528791ms)
✔ Campus OS Phase 6: Research grants administration (678.122208ms)
[env] loaded /Users/nithinkswamy/Documents/GitHub/skillonx-erp/skillonx-erp/.env
▶ Campus OS Phase 4: Security, Gate & Visitor Management
  ✔ runs the full visit lifecycle: request -> approve -> check-in -> check-out (87.065666ms)
  ✔ rejects illegal transitions (cannot check in a rejected/cancelled/checked-out visit) (57.3065ms)
  ✔ an expired visit cannot be approved or checked in again (35.146167ms)
  ✔ two simultaneous check-in requests for the same visit: only one succeeds (25.618125ms)
  ✔ checkout is idempotent under concurrency: only one succeeds, no duplicate history (29.862041ms)
  ✔ enforces tenant isolation / IDOR: cross-college access returns not found (21.372208ms)
  ✔ enforces RBAC: SECURITY_GUARD cannot approve; unrelated FACULTY role is denied entirely (22.088208ms)
  ✔ validates the host server-side: unknown or inactive host is rejected, never trusting client input (13.899625ms)
  ✔ vendor/contractor visits reference the canonical procurement vendor master (16.276667ms)
  ✔ logs and manages security incidents, privacy-scoped from unrelated roles (22.171708ms)
✔ Campus OS Phase 4: Security, Gate & Visitor Management (331.576875ms)
[env] loaded /Users/nithinkswamy/Documents/GitHub/skillonx-erp/skillonx-erp/.env
▶ Grievance & Student Welfare closure
  ✔ 1. student lists canonical categories (89.30675ms)
  ✔ 2. student submits a normal case with a tenant-scoped case number (30.325667ms)
  ✔ 3. requester sees own case but not another student case (19.98575ms)
  ✔ 4. cross-college requester cannot read another college case (14.855292ms)
  ✔ 5. HOD scope permits own department academic cases (27.256083ms)
  ✔ 6. HOD department isolation denies other department cases (19.933667ms)
  ✔ 7. restricted welfare case routes to welfare and denies HOD (17.576791ms)
  ✔ 8. management receives only de-identified aggregate analytics (30.693ms)
  ✔ 9. management raw-case access is denied (11.822959ms)
  ✔ 10. unauthorized ERP roles cannot browse raw grievance cases (14.096042ms)
  ✔ 11. super admin is configuration-only, not default case handler (13.345667ms)
  ✔ 12. triage records classification and official priority (20.41675ms)
  ✔ 13. assignment and reassignment preserve assignment history (34.956209ms)
  ✔ 14. clarification request and student response use requester-visible messages (31.898709ms)
  ✔ 15. internal notes never appear in the student payload (20.762875ms)
  ✔ 16. restricted internal notes are hidden from non-eligible HODs (18.9865ms)
  ✔ 17. maintenance referral stores only safe reference, not duplicate maintenance workflow (18.79125ms)
  ✔ 18. finance grievance cannot grant Accountant raw narrative access (13.268958ms)
  ✔ 19. examination grievance cannot grant COE raw narrative access (11.812917ms)
  ✔ 20. mentoring referral does not expose confidential welfare details to mentor (11.5415ms)
  ✔ 21. valid lifecycle transition resolves case (31.758292ms)
  ✔ 22. resolution is idempotent under retry (25.709875ms)
  ✔ 23. student feedback can mark resolution unresolved without closing (25.716667ms)
  ✔ 24. student can acknowledge and close a resolved case (28.638583ms)
  ✔ 25. reopen preserves history and increments counter (28.732584ms)
  ✔ 26. appeal preserves original history and routes upward (31.833042ms)
  ✔ 27. principal oversight can see non-restricted escalated case (26.707375ms)
  ✔ 28. principal does not automatically defeat restricted raw access (15.172334ms)
  ✔ 29. anonymous reporting is deferred safely and not falsely advertised (0.28125ms)
  ✔ 30. case numbering is concurrency-safe (16.400709ms)
  ✔ 31. assignment concurrency preserves final owner and history (28.302459ms)
  ✔ 32. search respects restricted-case authorization (20.035833ms)
  ✔ 33. dashboard separates restricted counts from general queues (21.529375ms)
  ✔ 34. SLA fields are populated for submitted cases (13.729041ms)
  ✔ 35. notifications avoid confidential narrative in stored message body (113.885083ms)
  ✔ 36. audit records privileged mutation evidence (38.823667ms)
  ✔ 37. requester-visible timeline excludes internal note text (29.433458ms)
  ✔ 38. hostel, transport, library, lab and placement categories route as references only (87.015417ms)
  ✔ 39. requester can download own grievance attachment (24.121458ms)
  ✔ 40. another same-college student cannot download the attachment (15.368125ms)
  ✔ 41. cross-college student receives no attachment record (13.432083ms)
  ✔ 42. grievance officer can download normal case attachment (12.628ms)
  ✔ 43. unrelated finance role cannot read finance-category grievance attachment (11.897375ms)
  ✔ 44. HOD can read own-department academic grievance attachment (12.097083ms)
  ✔ 45. HOD cannot read restricted grievance attachment (11.403125ms)
  ✔ 46. welfare officer can read restricted welfare attachment (11.793459ms)
  ✔ 47. principal oversight does not grant restricted attachment download (15.056167ms)
  ✔ 48. grievance attachment storage keys cannot escape the grievance upload root (12.654667ms)
  ✔ 49. student case payload includes attachment metadata but never file body (12.850875ms)
  ✔ 50. raw-eligible officer sees restricted attachment metadata on restricted case (13.250792ms)
  ✔ 51. redacted principal restricted view hides restricted attachment metadata (15.231334ms)
  ✔ 52. super admin configuration role cannot download grievance attachments (12.0325ms)
  ✔ 53. management cannot download raw grievance attachments (13.405792ms)
  ✔ 54. office role cannot download administrative grievance attachments (11.457125ms)
  ✔ 55. COE role cannot download examination grievance attachments (12.919834ms)
  ✔ 56. transport role cannot download transport grievance attachments (11.155291ms)
  ✔ 57. assigned faculty cannot bypass restricted-case attachment controls (22.151333ms)
  ✔ 58. college admin can download normal attachments but not restricted-case attachments (22.673417ms)
  ✔ 59. welfare officer cannot browse unrelated normal academic attachment (11.417375ms)
  ✔ 60. authorized metadata does not mask a missing attachment file (11.441625ms)
✔ Grievance & Student Welfare closure (1367.885875ms)
[env] loaded /Users/nithinkswamy/Documents/GitHub/skillonx-erp/skillonx-erp/.env
▶ Lecturer Portal — student leave/permission requests E2E
  ✔ leave and permission types are installed and route to mentor / coordinator (86.89375ms)
  ✔ canActAsRole enforces the mentor relationship (no cross-mentor act) (5.441292ms)
  ✔ leave approval reconciles attendance idempotently (ABSENT → EXCUSED, no duplicates) (164.178416ms)
  ✔ mentor inbox is relationship-scoped (11.575708ms)
✔ Lecturer Portal — student leave/permission requests E2E (268.655792ms)
▶ Lecturer Portal — mentee snapshot (§1)
  ✔ enriched mentee snapshot exposes portfolio + academic indicators and filters (34.862125ms)
✔ Lecturer Portal — mentee snapshot (§1) (34.937667ms)
▶ Lecturer Portal — class coordinator (§3)
  ✔ coordinator workspace is scoped, non-coordinator faculty is denied, banner is authoritative (33.146125ms)
✔ Lecturer Portal — class coordinator (§3) (33.237291ms)
[env] loaded /Users/nithinkswamy/Documents/GitHub/skillonx-erp/skillonx-erp/.env
▶ Campus OS Phase 9: Student & Registrar Services
  ✔ Transfer Certificate: blocked while dues are outstanding, then succeeds once cleared (310.306834ms)
  ✔ Migration Certificate: institution-issued content generated end-to-end after clearance (221.937166ms)
  ✔ Course Completion Certificate generates end-to-end (178.795791ms)
  ✔ Duplicate Certificate: original stays VALID, new document is separately numbered and idempotent on retry (263.877917ms)
  ✔ Duplicate Certificate rejects a REVOKED original (must be reissued, not duplicated) (260.181792ms)
  ✔ Duplicate Certificate: tenant isolation — cannot duplicate another college's document (216.034791ms)
  ✔ DOB correction: applies to the authoritative Student record only through the controlled correction flow (225.464209ms)
✔ Campus OS Phase 9: Student & Registrar Services (1677.423625ms)
[env] loaded /Users/nithinkswamy/Documents/GitHub/skillonx-erp/skillonx-erp/.env
▶ student services E2E
  ✔ student services home lists request types (141.7165ms)
  ✔ bonafide request workflow: submit → approve → certificate (159.274042ms)
  ✔ tenant isolation: student cannot access other student certificate (10.242875ms)
  ✔ grievance: submit and staff resolve (60.742084ms)
  ✔ mentor meeting: request and schedule (33.651583ms)
  ✔ invalid verification code returns 404 (0.613917ms)
  ✔ revoked document shows REVOKED status (25.133417ms)
✔ student services E2E (432.092917ms)
[env] loaded /Users/nithinkswamy/Documents/GitHub/skillonx-erp/skillonx-erp/.env
▶ decideSurveyAccess
  ✔ lets a faculty member manage their own survey (0.384375ms)
  ✔ forbids a faculty member from another faculty member's survey in the same college (0.037792ms)
  ✔ lets a college admin manage any survey in their institution (0.030916ms)
  ✔ hides cross-college surveys from a college admin as NOT_FOUND (0.032084ms)
  ✔ hides cross-college surveys from faculty as NOT_FOUND (never FORBIDDEN) (0.035ms)
  ✔ lets a super admin manage surveys across institutions (0.031875ms)
  ✔ treats HOD/coordinator roles as faculty (own surveys only) (0.031375ms)
✔ decideSurveyAccess (1.081958ms)
▶ canManageAllSurveys
  ✔ is true only for admin roles (0.056542ms)
✔ canManageAllSurveys (0.109125ms)
▶ timetable time helpers
  ✔ detects overlapping clock times without treating adjacent periods as conflicts (0.397708ms)
  ✔ computes hours for multi-period lab blocks (0.060666ms)
  ✔ treats open-ended effective ranges as overlapping later versions (0.050583ms)
  ✔ uses the institution timezone rather than the server local calendar (8.38725ms)
✔ timetable time helpers (9.372083ms)
[env] loaded /Users/nithinkswamy/Documents/GitHub/skillonx-erp/skillonx-erp/.env
▶ timetable e2e
  ✔ loads the seeded class weekly timetable for students and faculty (134.43275ms)
  ✔ rejects a faculty teaching two classes in the same period (10.73675ms)
  ✔ rejects two subjects in the same class period (10.924666ms)
  ✔ shows holiday / no class without deleting the recurring slot (13.984875ms)
  ✔ cancels one date, notifies students, and blocks attendance (13.0655ms)
  ✔ adds an extra class without changing the recurring timetable (14.913833ms)
  ✔ rejects two classes booking the same room in the same period (14.286125ms)
  ✔ creates attendance from a timetable slot, loads the class roll, and finalizes (56.188416ms)
✔ timetable e2e (269.28725ms)
[env] loaded /Users/nithinkswamy/Documents/GitHub/skillonx-erp/skillonx-erp/.env
▶ transport ownership and RBAC
  ✔ keeps routine operations with Transport Officer (0.346084ms)
  ✔ does not grant generic admin routine transport mutation (0.059541ms)
  ✔ keeps platform/admin roles limited to oversight/configuration (0.534334ms)
  ✔ keeps finance and maintenance boundaries explicit (0.033416ms)
✔ transport ownership and RBAC (1.43375ms)
[env] loaded /Users/nithinkswamy/Documents/GitHub/skillonx-erp/skillonx-erp/.env
▶ transport closure evidence
  ✔ 01 student access is tenant scoped (13.023ms)
  ✔ 02 non-member access does not expose operations (4.583708ms)
  ✔ 03 own application is readable (3.987833ms)
  ✔ 04 other student application is not returned (2.343ms)
  ✔ 05 active assignment belongs to the student (6.839541ms)
  ✔ 06 assignment history preserves status (1.500959ms)
  ✔ 07 active pass belongs to the student (2.964792ms)
  ✔ 08 pass verification is valid (1.918125ms)
  ✔ 09 route list is college scoped (0.7065ms)
  ✔ 10 stop list is college scoped (0.627625ms)
  ✔ 11 route detail has ordered stops (0.762334ms)
  ✔ 12 route is active for allocation (0.4745ms)
  ✔ 13 pickup stop belongs to route (0.491667ms)
  ✔ 14 vehicle list is college scoped (0.658167ms)
  ✔ 15 vehicle capacity is positive (0.566167ms)
  ✔ 16 vehicle is compliant (0.943542ms)
  ✔ 17 active route vehicle assignment exists (0.654458ms)
  ✔ 18 capacity metrics are internally consistent (1.538083ms)
  ✔ 19 capacity check honors the policy (3.999125ms)
  ✔ 20 policy requires an explicit pass decision (2.8435ms)
  ✔ 21 pending applications are visible to officer (0.837375ms)
  ✔ 22 officer has route management (0.060791ms)
  ✔ 23 officer has stop management (0.027042ms)
  ✔ 24 officer has vehicle management (0.025208ms)
  ✔ 25 officer has assignment management (0.027292ms)
  ✔ 26 officer has pass management (0.021458ms)
  ✔ 27 officer has review capability (0.020917ms)
  ✔ 28 officer has report capability (0.020583ms)
  ✔ 29 principal is oversight only (0.025333ms)
  ✔ 30 management is oversight only (0.023375ms)
  ✔ 31 faculty cannot approve requests (0.022666ms)
  ✔ 32 HOD cannot allocate students (0.023833ms)
  ✔ 33 accountant cannot mutate transport (0.02225ms)
  ✔ 34 COE cannot mutate transport (0.021ms)
  ✔ 35 admissions cannot mutate transport (0.020625ms)
  ✔ 36 office admin cannot mutate transport (0.024167ms)
  ✔ 37 maintenance cannot own transport maintenance (0.024417ms)
  ✔ 38 warden cannot mutate transport (0.021791ms)
  ✔ 39 librarian cannot mutate transport (0.0235ms)
  ✔ 40 TP cannot mutate transport (0.022042ms)
  ✔ 41 HR cannot mutate transport (0.022792ms)
  ✔ 42 grievance officer cannot mutate transport (0.0265ms)
  ✔ 43 lab assistant cannot mutate transport (0.032042ms)
  ✔ 44 super admin has oversight without routine mutation (0.026667ms)
  ✔ 45 driver has trip but not route administration (0.024417ms)
  ✔ 46 management dashboard is read-only data (16.880791ms)
  ✔ 47 officer dashboard reports active routes (10.795375ms)
  ✔ 48 operations dashboard reports trips (4.872ms)
  ✔ 49 demand report is aggregated by stop (0.917834ms)
  ✔ 50 student dues come from Finance demand rows (1.029333ms)
  ✔ 51 central no-due exposes transport status (3.83525ms)
  ✔ 52 student trips are tenant scoped (2.370833ms)
  ✔ 53 student changes are tenant scoped (0.803833ms)
  ✔ 54 student complaints are tenant scoped (1.095792ms)
  ✔ 55 finance demand source is transport when present (0.599958ms)
  ✔ 56 active pass count per member is bounded (0.71175ms)
  ✔ 57 active assignment count per student is bounded (0.463708ms)
  ✔ 58 maintenance records remain vehicle-owned (2.623625ms)
  ✔ 59 audit log records transport actions by college (1.997542ms)
  ✔ 60 transport permissions reject unauthorized mutation (0.259958ms)
✔ transport closure evidence (170.845958ms)
▶ transport named concurrency evidence
  ✔ A LAST-SEAT CAPACITY CONCURRENCY: one of two simultaneous assignments gets the last seat (26.242708ms)
  ✔ B TRANSPORT FEE DEMAND IDEMPOTENCY: concurrent retries resolve to one Finance demand (12.399667ms)
  ✔ C PASS/CANCELLATION IDEMPOTENCY: simultaneous pass activation retries remain one logical active pass (4.82175ms)
✔ transport named concurrency evidence (43.579166ms)
[env] loaded /Users/nithinkswamy/Documents/GitHub/skillonx-erp/skillonx-erp/.env
▶ transport E2E
  ✔ Aarav has active transport with route assignment (24.214208ms)
  ✔ non-transport student has hidden or application visibility (9.118417ms)
  ✔ central no-due includes TRANSPORT domain (17.685791ms)
  ✔ active transport member clearance is NOT_APPLICABLE (3.774875ms)
  ✔ route capacity metrics are consistent (3.578583ms)
  ✔ Aarav transport pass verifies as VALID (3.675ms)
  ✔ revoked pass verifies as REVOKED (6.104583ms)
  ✔ Aarav has open transport complaint (2.558875ms)
  ✔ vehicle conflict detected for overlapping trips (4.03775ms)
  ✔ driver conflict detected for overlapping assignments (2.976083ms)
  ✔ boarding events are recorded for morning trip (3.910208ms)
✔ transport E2E (82.320791ms)
[env] loaded /Users/nithinkswamy/Documents/GitHub/skillonx-erp/skillonx-erp/.env
▶ Campus OS Phase 0: shared Workflow / Approval engine
  ✔ definitions version automatically and require exactly one initial step (62.520042ms)
  ✔ an instance cannot start against an unpublished definition, and starts at the initial step once published (22.927334ms)
  ✔ authorized transitions progress the instance to a terminal APPROVED state (31.190917ms)
  ✔ rejects an unauthorized role acting on a step (role not in allowedRoles) (23.934958ms)
  ✔ rejects an invalid action for the current step (25.929666ms)
  ✔ RETURN sends the instance back a step without leaving IN_PROGRESS (32.457417ms)
  ✔ terminal-state protection: no action is accepted once a terminal state is reached (20.174042ms)
  ✔ double approval / stale-state transition is blocked under concurrency via row-locked instance (37.269125ms)
  ✔ tenant isolation: cross-college actor cannot view or act on definitions/instances (20.618583ms)
✔ Campus OS Phase 0: shared Workflow / Approval engine (277.7315ms)
▶ isValidSchedule
  ✔ accepts open-ended windows (0.353ms)
  ✔ accepts end strictly after start (0.05275ms)
  ✔ rejects end before or equal to start (0.038834ms)
✔ isValidSchedule (0.909125ms)
▶ resolveExtendResult
  ✔ extending a manually closed survey preserves the close (no accidental reopen) (0.097959ms)
  ✔ extend & reopen clears the close and returns to the live window (0.060875ms)
  ✔ extending an ended (not manually closed) survey into the future becomes active (0.033209ms)
  ✔ a future start stays scheduled after extend (0.05075ms)
✔ resolveExtendResult (0.320125ms)
▶ export filenames
  ✔ sanitizes unsafe characters into a clean slug (0.335833ms)
  ✔ never yields an empty name (0.044375ms)
  ✔ builds a dated, extensioned filename (0.173333ms)
✔ export filenames (0.635083ms)
▶ password policy
  ✔ rejects passwords shorter than 8 characters (0.369709ms)
  ✔ requires an uppercase letter (0.042333ms)
  ✔ requires a lowercase letter (0.050709ms)
  ✔ requires a number (0.043958ms)
  ✔ accepts a compliant password (0.042583ms)
  ✔ exposes rules that agree with the aggregate validator (0.077791ms)
✔ password policy (1.096125ms)
▶ getSurveyAvailabilityStatus
  ✔ Case 1: before start → SCHEDULED (0.813875ms)
  ✔ Case 2: exactly at start → ACTIVE (0.045375ms)
  ✔ Case 3: between start and end → ACTIVE (0.036083ms)
  ✔ Case 4: exactly at end → ENDED (0.035042ms)
  ✔ Case 5: after end → ENDED (0.036791ms)
  ✔ Case 6: manually closed inside window → CLOSED (0.037958ms)
  ✔ Case 7: reopened (closedAt cleared) inside window → ACTIVE (0.03975ms)
  ✔ Case 8: archived → ARCHIVED (0.052125ms)
  ✔ Case 9: draft → DRAFT (0.0495ms)
  ✔ does not treat scheduled as closed (0.071875ms)
  ✔ deriveStoredStatusAfterSchedule respects window (0.054875ms)
✔ getSurveyAvailabilityStatus (1.812625ms)
▶ timezone Asia/Kolkata roundtrip
  ✔ Case 10: local wall clock → UTC → local (7.518708ms)
  ✔ formats with IST label (0.359583ms)
  ✔ extend +14 days preserves wall clock (0.25025ms)
✔ timezone Asia/Kolkata roundtrip (8.178833ms)
ℹ tests 1508
ℹ suites 252
ℹ pass 1508
ℹ fail 0
ℹ cancelled 0
ℹ skipped 0
ℹ todo 0
ℹ duration_ms 2855263.205959
EXIT=0
