npm warn Unknown env config "devdir". This will stop working in the next major version of npm. See `npm help npmrc` for supported config options.

> @skillonx/survey-api@1.0.0 test
> node --import tsx --test --test-concurrency=1 $(find src -name '*.test.ts')

▶ publicWriteKey (classroom-safe rate limiting)
  ✔ gives 100 different students on the SAME IP their own buckets (0.525791ms)
  ✔ buckets the same identity together regardless of USN formatting (0.046792ms)
  ✔ separates the same identity across different surveys (0.056375ms)
  ✔ keys /submit by submission id when no USN is present (0.040417ms)
  ✔ keys quiz writes by attempt token so a classroom NAT is not one bucket (0.066041ms)
✔ publicWriteKey (classroom-safe rate limiting) (1.253791ms)
▶ class administration access
  ✔ does not let every subject lecturer approve students (0.407209ms)
  ✔ lets the class coordinator approve once for the whole class (0.048292ms)
  ✔ lets college admin manage class LMS links and approvals (0.036042ms)
✔ class administration access (1.043333ms)
▶ class enrollment eligibility
  ✔ allows a matching CSE 3A registration (0.397292ms)
  ✔ rejects a different section without altering the student profile (0.121625ms)
  ✔ rejects a different branch (0.098041ms)
  ✔ treats missing optional scheme as compatible (0.042709ms)
  ✔ describes the class in student-facing copy (0.053625ms)
  ✔ maps a semester registration row onto the eligibility snapshot (0.705917ms)
✔ class enrollment eligibility (2.0855ms)
▶ academic class format
  ✔ builds the student-facing class title (0.405917ms)
  ✔ builds a stable class code (0.11575ms)
  ✔ maps elective course types without treating them as core (0.052833ms)
  ✔ formats the public join URL (0.054042ms)
  ✔ uses roman numerals for semester titles (0.03125ms)
✔ academic class format (1.168833ms)
[env] loaded /Users/nithinkswamy/Documents/GitHub/skillonx-erp/skillonx-erp/.env
▶ student LMS class access invariants
  ✔ never treats electives as automatic class subjects (0.35075ms)
  ✔ does not award progress for an empty open (0.075208ms)
  ✔ keeps enrollment class-based in the live schema when tables exist (189.811417ms)
  ✔ does not create a student-course enrollment table (11.588167ms)
  ✔ stores student LMS side-effects without duplicating lecturer content (11.64275ms)
✔ student LMS class access invariants (214.076625ms)
[env] loaded /Users/nithinkswamy/Documents/GitHub/skillonx-erp/skillonx-erp/.env
▶ student progress engine
  ✔ weights real activity completion, not page opens (0.373959ms)
  ✔ redistributes weights when a category has no work (0.044917ms)
  ✔ returns zero when nothing is configured (0.039125ms)
✔ student progress engine (0.899625ms)
▶ student-facing CO bands
  ✔ maps percentages to learning feedback without exposing thresholds as admin tools (0.049416ms)
✔ student-facing CO bands (0.094625ms)
▶ assignment and assessment statuses
  ✔ does not expose marks before release (0.675417ms)
  ✔ maps internal assessment release states (0.060958ms)
✔ assignment and assessment statuses (0.802625ms)
▶ class subject access kinds
  ✔ treats core, lab, and AEC as class-derived subjects (0.060417ms)
  ✔ labels course types for student cards (0.044ms)
✔ class subject access kinds (0.175875ms)
[env] loaded /Users/nithinkswamy/Documents/GitHub/skillonx-erp/skillonx-erp/.env
▶ academic leadership HOD + Principal E2E
  ✔ 1 faculty retains faculty capabilities without leadership assignment (5733.069084ms)
  ✔ 2 HOD assignment keeps faculty role and faculty capabilities (5348.9365ms)
  ✔ 3 ending HOD assignment does not remove faculty identity (5716.791125ms)
  ✔ 4-9 HOD can view own department academic data and cannot access another department (5521.488792ms)
  ✔ 10-15 faculty leave routes to department HOD then HR; wrong HOD denied; HOD approval is not final (16195.7475ms)
  ✔ 14 HOD reject does not proceed to HR (5466.868125ms)
  ✔ 16-21 HOD leave goes to Principal then HR; self-approval denied (13599.880583ms)
  ✔ 20 Principal reject does not proceed (5236.604625ms)
  ✔ 22-24 Principal views multiple departments and cannot access another college (5520.693792ms)
  ✔ 25-27 effective dating changeover routes new approvals to the new HOD (5437.56675ms)
  ✔ 28-30 direct API cross-department, cross-college, and self-approval are denied (5294.002208ms)
  ✔ overlapping HOD assignments are rejected (5173.595084ms)
  ✔ overlapping Principal assignments are rejected (5103.000208ms)
  ✔ QA leadership seeder isolates when active HOD/Principal fixtures already own the requested college (5221.207541ms)
  ✔ Principal HOD list capability allows only active Principal institution scope (5703.687583ms)
  ✔ audit records leadership assignment (5869.127416ms)
✔ academic leadership HOD + Principal E2E (106150.989875ms)
▶ academic master lookup
  ✔ normalizes and expands course codes (1.251541ms)
  ✔ overlays college-specific extras but prefers global rows on the same natural key (0.096416ms)
  ✔ builds faculty-facing diagnostics without a contact-admin-only message (0.060875ms)
✔ academic master lookup (2.244334ms)
[env] loaded /Users/nithinkswamy/Documents/GitHub/skillonx-erp/skillonx-erp/.env
▶ Admissions final closure E2E
  ✔ 1. enquiry creation (17.21875ms)
  ✔ 2. enquiry to applicant (113.644916ms)
  ✔ 3. Applicant login (49.153209ms)
  ✔ 4. application draft (60.497125ms)
  ✔ 5. save/reload draft (88.701541ms)
  ✔ 6. submit application (9048.292083ms)
  ✔ 7. application number (0.377791ms)
  ✔ 8. upload document (9.2535ms)
  ✔ 9. Applicant isolation (1.454917ms)
  ✔ 10. Admissions Officer login identity exists (0.097708ms)
  ✔ 11. dashboard (23.731584ms)
  ✔ 12. application review (18.779833ms)
  ✔ 13. verify document (25.741792ms)
  ✔ 14. reject document (9968.809583ms)
  ✔ 15. Applicant resubmission (6.115334ms)
  ✔ 16. eligibility calculation (19.534083ms)
  ✔ 17. eligibility explanation (0.917334ms)
  ✔ 18. unauthorized eligibility override denied (0.309417ms)
  ✔ 19. authorized override audited (21.998083ms)
  ✔ 20. selection (12.881459ms)
  ✔ 21. waitlist (8044.861917ms)
  ✔ 22. intake count (0.70025ms)
  ✔ 23. seat availability (12.300625ms)
  ✔ 24. over-admission prevention (14160.22925ms)
  ✔ 25. Finance demand integration (6809.97125ms)
  ✔ 26. payment status from Finance (40.578167ms)
  ✔ 27. Accountant Finance ownership (0.098875ms)
  ✔ 28. Admissions cannot forge settled payment (0.339041ms)
  ✔ 29. admission confirmation gate (7.185333ms)
  ✔ 30. missing requirement blocks confirmation (7314.652042ms)
  ✔ 31. successful confirmation (7337.077959ms)
  ✔ 32. Student conversion (0.129125ms)
  ✔ 33. conversion idempotency (5.251708ms)
  ✔ 34. duplicate Student prevention (6879.491167ms)
  ✔ 35. academic mapping (0.15775ms)
  ✔ 36. Student account activation (76.908833ms)
  ✔ 37. Student LMS access after conversion (136.970083ms)
  ✔ 38. document carry-forward (0.634708ms)
  ✔ 39. Finance carry-forward (0.492292ms)
  ✔ 40. cancellation (60.397834ms)
  ✔ 41. post-conversion withdrawal does not delete Student (1.121459ms)
  ✔ 42. HOD scope (3.503917ms)
  ✔ 43. Principal oversight (6.930041ms)
  ✔ 44. Management aggregate (5.076833ms)
  ✔ 45. COE denied mutation (6.907708ms)
  ✔ 46. Faculty denied general Admissions (2.020375ms)
  ✔ 47. cross-college isolation (0.409833ms)
  ✔ 48. audit evidence (16.958375ms)
  ✔ 49. direct-load/reload (6.158291ms)
  ✔ 50. responsive authenticated workflow backend data exists (6.808541ms)
✔ Admissions final closure E2E (70549.061459ms)
▶ Admissions closure concurrency E2E
  ✔ 1. same Applicant converted concurrently (7295.902833ms)
  ✔ 2. last remaining seat claimed concurrently (14746.088416ms)
  ✔ 3. same Finance demand created concurrently (63.075667ms)
✔ Admissions closure concurrency E2E (22105.305125ms)
▶ Admissions RBAC isolation matrix
  ✔ APPLICANT role category has explicit admissions boundary (0.874333ms)
  ✔ STUDENT role category has explicit admissions boundary (8.239083ms)
  ✔ ADMISSIONS_OFFICER role category has explicit admissions boundary (2.397166ms)
  ✔ ADMISSIONS_MANAGER role category has explicit admissions boundary (1.815334ms)
  ✔ FACULTY role category has explicit admissions boundary (2.296083ms)
  ✔ HOD role category has explicit admissions boundary (3.715542ms)
  ✔ PRINCIPAL role category has explicit admissions boundary (1.7145ms)
  ✔ MANAGEMENT role category has explicit admissions boundary (1.725084ms)
  ✔ ACCOUNTANT role category has explicit admissions boundary (1.65225ms)
  ✔ COE role category has explicit admissions boundary (1.781458ms)
  ✔ LAB_ASSISTANT role category has explicit admissions boundary (1.688541ms)
  ✔ MAINTENANCE_STAFF role category has explicit admissions boundary (1.69575ms)
  ✔ LIBRARIAN role category has explicit admissions boundary (1.805458ms)
  ✔ WARDEN role category has explicit admissions boundary (1.714ms)
  ✔ TRANSPORT role category has explicit admissions boundary (1.522917ms)
  ✔ TNP role category has explicit admissions boundary (1.413625ms)
  ✔ SUPER_ADMIN role category has explicit admissions boundary (1.489708ms)
✔ Admissions RBAC isolation matrix (37.768666ms)
▶ Admissions notifications E2E
  ✔ applicant receives the full admissions lifecycle notification trail (correct type/tenant/entity) (7163.774166ms)
  ✔ document rejection notifies the applicant without leaking document contents (8240.510542ms)
  ✔ waitlist decision notifies the applicant (8520.104583ms)
  ✔ cancellation notifies the applicant (73.6425ms)
  ✔ submission notifies admissions review staff via the shared employee channel (12464.742709ms)
  ✔ applicant A cannot read applicant B notifications (18080.853125ms)
  ✔ cross-college notification access is impossible (8084.255167ms)
  ✔ idempotent admission confirmation does not duplicate the confirmed notification (8037.853916ms)
  ✔ Finance remains canonical for receipts — admissions emits only admissions-domain payment events (7775.719166ms)
✔ Admissions notifications E2E (78442.706334ms)
[env] loaded /Users/nithinkswamy/Documents/GitHub/skillonx-erp/skillonx-erp/.env
▶ Admissions guardian/parent provisioning
  ✔ 1. confirmAdmission with complete guardian provisions a verified parent account and link (7448.9325ms)
  ✔ 2. retrying confirmAdmission on an already-converted applicant does not duplicate parent rows (7336.405667ms)
  ✔ 3. second applicant at the same college with the same guardian email reuses the parent row (14125.28475ms)
  ✔ 4. guardian email belonging to a different college does not block conversion and logs a conflict (7032.502083ms)
  ✔ 5. applicant with no guardian data converts successfully with no parent side effects (7078.604875ms)
  ✔ 6. concurrent confirmAdmission for two applicants sharing a guardian email creates exactly one parent row (14153.317375ms)
  ✔ 7. PATCH guardian succeeds for ADMISSIONS_MANAGER and updates guardian_json (54.287375ms)
  ✔ 8. PATCH guardian is denied for an unrelated FACULTY role (49.192709ms)
  ✔ 9. PATCH guardian enforces tenant isolation for a cross-college applicant id (0.452958ms)
✔ Admissions guardian/parent provisioning (57343.681667ms)
[env] loaded /Users/nithinkswamy/Documents/GitHub/skillonx-erp/skillonx-erp/.env
▶ Alumni Management focused backend
  ✔ authenticates verified alumni and blocks pending alumni (271.504292ms)
  ✔ transitions one student to one alumni profile and verifies through admin (68.2735ms)
  ✔ enforces directory privacy and IDOR ownership for profile extensions (133.129625ms)
  ✔ prevents cross-college alumni and admin leakage (102.803458ms)
  ✔ denies generic faculty alumni administration (46.091166ms)
  ✔ keeps event registration idempotent and capacity-bound (124.6685ms)
  ✔ handles opportunities and contribution idempotency without duplicating Finance (72.588125ms)
  ✔ rejects alumni mass-assignment of protected profile fields (0.402167ms)
✔ Alumni Management focused backend (820.145833ms)
[env] loaded /Users/nithinkswamy/Documents/GitHub/skillonx-erp/skillonx-erp/.env
▶ Alumni 360 foundation
  ✔ aggregates 360 for self without fabricating relationship counters (205.394958ms)
  ✔ blocks alumni from reading another department alumni 360 as faculty (100.719333ms)
  ✔ protects authoritative academic fields from alumni profile updates (54.205042ms)
  ✔ staff suggestion does not silently overwrite; accept applies with provenance (132.105792ms)
  ✔ never auto-merges ambiguous identities without confirmAmbiguous (117.064375ms)
  ✔ directory hides private contact and respects directory_visible (104.684833ms)
  ✔ computes section-based completeness and freshness states (58.607959ms)
  ✔ backfill produces statistics without inventing data (309.927917ms)
  ✔ blocks cross-college admin 360 access (97.711375ms)
  ✔ merge privilege is restricted (144.555708ms)
✔ Alumni 360 foundation (1353.468334ms)
[env] loaded /Users/nithinkswamy/Documents/GitHub/skillonx-erp/skillonx-erp/.env
▶ Alumni Assistant (C8)
  ✔ documents provider honesty, tool registry, and forbidden claims (0.473167ms)
  ✔ blocks prompt injection and high-risk autonomous requests (110.891125ms)
  ✔ answers impact questions from C7 metrics without inventing KPIs (225.408875ms)
  ✔ reports unavailable channels and unsupported enrichment honestly (932.578708ms)
  ✔ never invents alumni for nonexistent ids and respects tenant isolation (148.393542ms)
  ✔ department-scoped HOD cannot retrieve other-dept alumni via tools (96.09275ms)
  ✔ rejects malformed tool arguments and unknown fields (46.059459ms)
  ✔ draft actions require confirm — show-me does not mutate (579.977708ms)
  ✔ workspace and provider endpoints expose honest status (55.072916ms)
  ✔ accountant cannot access assistant (44.5995ms)
  ✔ structured search plan uses C3/C5 tools — not free-text invention (0.166459ms)
  ✔ profile text injection remains inert data when sanitised into context (0.094917ms)
✔ Alumni Assistant (C8) (2240.630375ms)
[env] loaded /Users/nithinkswamy/Documents/GitHub/skillonx-erp/skillonx-erp/.env
▶ Alumni Relationship CRM (C2)
  ✔ creates relationship, logs interaction, advances stage, projects timeline (211.463583ms)
  ✔ follow-ups, opportunities, outcomes, verification, ownership (133.833584ms)
  ✔ notes privacy: internal notes never appear in alumni self CRM (135.803083ms)
  ✔ duplicate-contact warning and RBAC / tenant isolation (221.984958ms)
  ✔ does not silently downgrade relationship stage (84.302208ms)
  ✔ CRM workspace and 360 admin section load (159.527292ms)
✔ Alumni Relationship CRM (C2) (947.594959ms)
[env] loaded /Users/nithinkswamy/Documents/GitHub/skillonx-erp/skillonx-erp/.env
▶ Alumni Engagement (C4)
  ✔ reports honest channel capabilities — no fake CONFIGURED providers (0.404458ms)
  ✔ runs program/campaign lifecycle with approval, audience eligibility, and manual execution → C2 (445.651542ms)
  ✔ enforces contact fatigue / suppression override audit and preference centre (203.725333ms)
  ✔ secures login-less tokens and applies responses to C1/C2/C3 (362.040083ms)
  ✔ isolates tenants / RBAC and serves workspace + calendar (289.761292ms)
  ✔ supports data-refresh program and recognition nomination handoff (234.468416ms)
✔ Alumni Engagement (C4) (1536.689625ms)
[env] loaded /Users/nithinkswamy/Documents/GitHub/skillonx-erp/skillonx-erp/.env
▶ Alumni Impact (C7)
  ✔ exposes source-of-truth matrix, forbids fabrication claims, documents limitations (0.439792ms)
  ✔ metric registry is versioned and central — every metric has definition (0.123417ms)
  ✔ period resolution prefers academic year and flags partial current year (33.780333ms)
  ✔ alumni health percentages expose numerator/denominator population (286.80125ms)
  ✔ does not count unverified outcomes as mentorship/recruitment impact (297.556ms)
  ✔ unique beneficiary dedupe separates UNIQUE_STUDENTS from interactions (189.290584ms)
  ✔ recruitment terminology remains ALUMNI_SUPPORTED — not causal placement (0.725292ms)
  ✔ funnels expose engagement + need-to-impact stages without implying universal path (106.379625ms)
  ✔ evidence ledger sync projects C2 outcomes without inventing verification (311.898584ms)
  ✔ gap analysis reports OUTCOME_WITHOUT_EVIDENCE and METRIC_SOURCE_INCOMPLETE (92.281667ms)
  ✔ accreditation frameworks are configurable — empty until created; no hard-coded NBA/NAAC (63.960209ms)
  ✔ report snapshot is immutable and retains metric versions (149.203791ms)
  ✔ CSV export includes title, period, metric version, generated timestamp (92.441042ms)
  ✔ executive workspace sections A–G present; HOD is department-scoped (231.499709ms)
  ✔ IQAC view uses existing quality roles without inventing a portal (159.48325ms)
  ✔ tenant isolation: college B cannot read college A snapshot (137.73675ms)
  ✔ drill-down never returns email/phone; attribution levels stay explicit (104.778292ms)
  ✔ METRIC_REGISTRY covers required executive KPI keys (0.095583ms)
✔ Alumni Impact (C7) (2259.369792ms)
[env] loaded /Users/nithinkswamy/Documents/GitHub/skillonx-erp/skillonx-erp/.env
▶ Alumni Intelligence (C3)
  ✔ separates capability evidence from explicit willingness and explains why (205.48525ms)
  ✔ applies relationship readiness: recent contact, active opp, and decline (214.644958ms)
  ✔ flags stale employment evidence and dormant high-capability reactivation (1819.581583ms)
  ✔ saved segments store rules and evaluate dynamically; export is audited (1776.018875ms)
  ✔ enforces department scope, tenant isolation, privacy (no intelligence on self 360) (480.722ms)
  ✔ workspace dimension views and matrix overview return explainable results (674.946458ms)
✔ Alumni Intelligence (C3) (5172.211084ms)
[env] loaded /Users/nithinkswamy/Documents/GitHub/skillonx-erp/skillonx-erp/.env
▶ Alumni Matching (C5)
  ✔ exposes source-of-truth matrix and forbids sensitive attributes (0.404583ms)
  ✔ creates need, evaluates explainable mentorship matches, shortlists, and never uses opaque scores (387.674542ms)
  ✔ hard-excludes DO_NOT_CONTACT / global opt-out and tenant mismatch (109.914792ms)
  ✔ supports recruitment and internship type-specific matching dimensions (140.361166ms)
  ✔ expert / research matching separates capability from willingness (135.41725ms)
  ✔ dismisses per-need only, hands off to C4 engagement and C2 opportunity, tracks multi-alumni fulfilment (421.87925ms)
  ✔ bulk need uses set-based pool mode (117.570833ms)
  ✔ workspace analytics, profile matches, Alumni 360 matching section, tenant isolation (247.151333ms)
  ✔ C4 suppression awareness surfaces on candidates without auto-contact (104.8225ms)
✔ Alumni Matching (C5) (1665.933875ms)
[env] loaded /Users/nithinkswamy/Documents/GitHub/skillonx-erp/skillonx-erp/.env
▶ Alumni Recognition (C6)
  ✔ exposes source-of-truth matrix and forbids popularity/wealth/donor scores (0.821625ms)
  ✔ program → nomination → evidence → review APPROVE does not issue until issueRecognition (209.389333ms)
  ✔ issueRecognition creates record + issuance log + optional certificate without crypto claim (132.252708ms)
  ✔ C4 nominateRecognition → ingestC4Nomination marks RECORDED (151.865125ms)
  ✔ publication consent: publishSpotlight fails without consent and succeeds with consent (125.811541ms)
  ✔ value offering + participation never invents VIEWED (103.178375ms)
  ✔ reciprocity is factual lists with guardrail when contributions lack value; no score field (150.838417ms)
  ✔ contribution suggestion CONSIDER_FOR_RECOGNITION from verified CRM outcome (159.396ms)
  ✔ community + membership requires explicit opt-in (97.854ms)
  ✔ connection request privacy — no email before accept (109.836708ms)
  ✔ tenant isolation / IDOR basics (147.087083ms)
  ✔ C1 privacy: directory stays private; spotlight does not leak private fields (181.858333ms)
  ✔ recognition issuance does not invent C3 capability (141.28275ms)
  ✔ workspace analytics load for OVERVIEW and REVIEW_QUEUE (85.436167ms)
✔ Alumni Recognition (C6) (1797.816542ms)
[env] loaded /Users/nithinkswamy/Documents/GitHub/skillonx-erp/skillonx-erp/.env
▶ Campus OS Phase 0: shared Asset Management engine
  ✔ registers an asset with tenant/vendor/department/room validation and duplicate tag protection (102.182875ms)
  ✔ cross-college access is denied (IDOR protection) (27.19875ms)
  ✔ assign / transfer / return lifecycle is tracked in history (34.128667ms)
  ✔ retire/dispose are terminal and reject further lifecycle actions (26.279583ms)
  ✔ rejects an invalid, non-adjacent status transition (21.465291ms)
  ✔ concurrent status changes do not corrupt history (row-locked) (21.010541ms)
  ✔ list filters by category/status/department and stays tenant-scoped (16.581959ms)
✔ Campus OS Phase 0: shared Asset Management engine (249.556667ms)
[env] loaded /Users/nithinkswamy/Documents/GitHub/skillonx-erp/skillonx-erp/.env
▶ decideAssignmentAccess
  ✔ allows owning faculty (0.376041ms)
  ✔ forbids peer faculty (0.036916ms)
  ✔ allows college admin in same college (0.030959ms)
  ✔ hides cross-tenant as NOT_FOUND (0.032167ms)
  ✔ hides cross-college faculty as NOT_FOUND (never FORBIDDEN) (0.033125ms)
  ✔ allows super admin everywhere (0.032ms)
✔ decideAssignmentAccess (1.025375ms)
▶ canManageAllAssignments ownership helpers
  ✔ is true only for admin roles (0.045042ms)
✔ canManageAllAssignments ownership helpers (0.101ms)
▶ CO performance summary aggregation
  ✔ computes class average per CO without calling it attainment (0.382833ms)
✔ CO performance summary aggregation (0.793208ms)
▶ scheme-based evaluation
  ✔ awards sum of criteria within max (0.44225ms)
  ✔ accepts zero awarded marks (0.043208ms)
  ✔ rejects criterion above max (0.14175ms)
  ✔ rejects negative awards (0.05125ms)
  ✔ summarizes draft/finalize totals and pass (0.05325ms)
  ✔ works with type-default schemes (0.12075ms)
  ✔ scheme mode example totals 9/10 (0.061625ms)
✔ scheme-based evaluation (1.413208ms)
▶ parseSnapshotQuestions
  ✔ reads flat array snapshots used by submissions (0.06725ms)
  ✔ reads wrapped published snapshot shape (0.049958ms)
  ✔ parses JSON string arrays (0.057583ms)
✔ parseSnapshotQuestions (0.251417ms)
▶ evaluateSubmissionSchema
  ✔ rejects empty questions for finalize (0.487333ms)
  ✔ allows empty questions for release mode (0.064459ms)
  ✔ coerces string awarded marks and accepts 0 (0.389583ms)
✔ evaluateSubmissionSchema (0.978166ms)
▶ resolveSchemeFromSnapshotQuestion
  ✔ flags scheme total mismatch (0.133958ms)
  ✔ falls back to overall criterion when scheme missing (0.0475ms)
✔ resolveSchemeFromSnapshotQuestion (0.213292ms)
▶ assignment generator presets
  ✔ SHORT = 5, STANDARD = 8, DEEP_DIVE = 10 (0.405833ms)
  ✔ CUSTOM requires at least one question (0.156833ms)
  ✔ selects STANDARD(8) with BALANCED distribution (0.388541ms)
  ✔ selects only from requested modules (0.118792ms)
✔ assignment generator presets (1.838834ms)
▶ parseAssignmentMarkdown
  ✔ parses extended metadata and model-answer alias (1.335ms)
✔ parseAssignmentMarkdown (1.794041ms)
▶ assignment evaluation scheme helpers
  ✔ builds schemes whose criteria total equals marks (1.194292ms)
  ✔ rejects mismatched scheme totals (0.196459ms)
  ✔ requires a non-trivial model solution (0.04275ms)
  ✔ detects duplicate normalized question text (0.080625ms)
✔ assignment evaluation scheme helpers (2.063417ms)
▶ assignment answer leak guards
  ✔ lists the critical faculty-only keys (0.363125ms)
  ✔ strips solutions from public questions (0.120041ms)
  ✔ detects nested leaks in student payloads (0.641167ms)
✔ assignment answer leak guards (1.602625ms)
▶ end-to-end calculateRun
  ✔ produces CIE, paper-weighted SEE, direct 80/20 final, and PO roll-up (1.313292ms)
✔ end-to-end calculateRun (1.732709ms)
▶ SkillOnX Academic Standard v1.0 scale
  ✔ maps percents onto the 3-level scale (0.438416ms)
✔ SkillOnX Academic Standard v1.0 scale (1.049417ms)
▶ CIE / source CO attainment
  ✔ averages student 3-point levels per CO (0.407792ms)
  ✔ excludes absent students from the class average (0.101583ms)
✔ CIE / source CO attainment (0.57625ms)
▶ SEE modes
  ✔ prefers actual question-wise marks (0.080291ms)
  ✔ uses paper-weighted estimate when only totals exist with a mapped paper (0.032458ms)
  ✔ falls back to equal-weight and labels it as estimated (0.072167ms)
  ✔ builds a CO exposure matrix from the SEE paper (10.813417ms)
  ✔ applies overall SEE percent uniformly in paper-weighted estimate (0.124ms)
✔ SEE modes (11.231584ms)
▶ direct / indirect / final CO attainment
  ✔ combines CIE and SEE using the course structure weights (0.113834ms)
  ✔ renormalizes when SEE is missing (0.590583ms)
  ✔ uses policy 80:20 rather than a hard-coded split (0.141125ms)
  ✔ falls back to 100% direct when indirect is missing (0.030875ms)
✔ direct / indirect / final CO attainment (0.931375ms)
▶ CO status engine
  ✔ marks below-target COs RED (0.043709ms)
  ✔ marks attained COs with a large weak cohort AMBER (0.019875ms)
  ✔ marks clean attainment GREEN (0.017916ms)
✔ CO status engine (0.1085ms)
▶ PO / PSO roll-up
  ✔ weights contributing COs by mapping strength (0.094541ms)
✔ PO / PSO roll-up (0.112209ms)
▶ improvement calculation
  ✔ computes revised minus previous and does not treat small gains as success (0.049083ms)
✔ improvement calculation (0.062875ms)
▶ course health
  ✔ scores green=1 amber=0.5 red=0 (0.03425ms)
✔ course health (0.047292ms)
▶ weightedAverage empty
  ✔ returns null rather than inventing a number (0.019625ms)
✔ weightedAverage empty (0.032667ms)
[env] loaded /Users/nithinkswamy/Documents/GitHub/skillonx-erp/skillonx-erp/.env
▶ continuous improvement state machine
  ✔ allows the documented happy path (0.373167ms)
  ✔ rejects faculty self-close and invalid jumps (0.062917ms)
  ✔ requires evidence completeness before reassessment (0.04125ms)
✔ continuous improvement state machine (0.966625ms)
▶ evidence completeness
  ✔ uses required items only (0.078208ms)
✔ evidence completeness (0.132ms)
▶ marks import integrity
  ✔ rejects marks above maximum, unknown USNs and total mismatches (0.316292ms)
  ✔ accepts absent tokens and valid totals (0.074625ms)
✔ marks import integrity (0.4515ms)
▶ scheme totals
  ✔ requires component sum to equal question marks (0.086334ms)
✔ scheme totals (0.136ms)
▶ question paper quality gate
  ✔ blocks publish on critical failures and uses a versioned score (2.725792ms)
✔ question paper quality gate (2.757459ms)
▶ access isolation
  ✔ hides cross-institution records and forbids peer mutation (0.072375ms)
✔ access isolation (0.104875ms)
▶ historical policy snapshot
  ✔ keeps a frozen policy independent of later default edits (0.1775ms)
✔ historical policy snapshot (0.202667ms)
▶ resolveOrMarkEntry
  ✔ records the attempted alternative and marks the other NOT_ATTEMPTED_DUE_TO_OR (0.531458ms)
  ✔ accepts a student who selects A instead (0.063791ms)
  ✔ rejects marks entered for both alternatives (0.084541ms)
  ✔ rejects marks against the unselected alternative (0.062625ms)
  ✔ flags a slot with no attempt and no marks (0.066708ms)
  ✔ rejects marks above the maximum (0.053292ms)
  ✔ supports subquestion totals within an alternative (0.05925ms)
  ✔ marks every alternative ABSENT without requiring an attempt when the row is absent (0.054ms)
✔ resolveOrMarkEntry (1.500083ms)
▶ buildMarkColumns
  ✔ emits Attempted + both alternative columns per OR slot (0.605541ms)
✔ buildMarkColumns (0.664208ms)
▶ CO attainment with OR alternatives
  ✔ credits only the attempted alternative CO and excludes the unchosen one (0.43975ms)
  ✔ aggregates a class where students split across OR alternatives (0.545667ms)
✔ CO attainment with OR alternatives (1.032083ms)
[env] loaded /Users/nithinkswamy/Documents/GitHub/skillonx-erp/skillonx-erp/.env
▶ attendance class invariants
  ✔ loads the same approved class roll for every mapped subject (54.349375ms)
  ✔ keeps current and historical attendance on separate classes (5.75975ms)
  ✔ does not invent a blended grade from attendance percentage (0.122958ms)
✔ attendance class invariants (60.815375ms)
▶ attendance policy math
  ✔ counts late as present by default (0.377125ms)
  ✔ can exclude excused from denominator (0.046834ms)
  ✔ maps shortage bands using institution threshold (0.046833ms)
  ✔ summarizes statuses for student history cards (0.540333ms)
✔ attendance policy math (1.490375ms)
[env] loaded /Users/nithinkswamy/Documents/GitHub/skillonx-erp/skillonx-erp/.env
▶ Campus OS Phase 2: Canteen (Food Services) — menu, POS orders, settlement
  ✔ menu reuses the item master (no duplicate inventory engine) and RBAC-gates menu management (132.384667ms)
  ✔ creates an order with server-derived pricing (client price is never trusted) and pays it, posting stock consumption via the existing Procurement issue path (88.906875ms)
  ✔ rejects duplicate menu-item lines, unavailable items, and mismatched-tenant counters (34.411791ms)
  ✔ cancel only works on a PENDING order; a PAID order cannot be cancelled (57.745917ms)
  ✔ refund reverses stock through the existing return path and requires elevated (settlement) permission (91.796875ms)
  ✔ cross-college tenant isolation: cannot view, pay, or list another college's orders/counters (35.861792ms)
  ✔ a role without canteen.order.create is denied (27.103834ms)
  ✔ a Canteen Staff actor not assigned to a scoped counter is denied mutation on it (store scope) (52.721333ms)
  ✔ negative stock is prevented at the counter (server-authoritative, real DB concurrency) (50.913917ms)
  ✔ daily settlement handoff is idempotent per counter+date and aggregates paid orders by payment method (60.951166ms)
  ✔ concurrent settlement generation for the same counter+date is safe under real DB concurrency (45.564417ms)
  ✔ dashboard reports pending orders, today's sales, and available menu count, tenant-scoped (42.261375ms)
✔ Campus OS Phase 2: Canteen (Food Services) — menu, POS orders, settlement (721.645292ms)
[env] loaded /Users/nithinkswamy/Documents/GitHub/skillonx-erp/skillonx-erp/.env
▶ coEvaluation real db e2e
  ✔ imports idempotently and generates TOC evaluation with ownership isolation (5167.75675ms)
✔ coEvaluation real db e2e (5168.294208ms)
[env] loaded /Users/nithinkswamy/Documents/GitHub/skillonx-erp/skillonx-erp/.env
▶ coEvaluation access
  ✔ allows owning faculty (0.373667ms)
  ✔ forbids peer faculty (0.039333ms)
  ✔ hides cross-college as not found (0.033208ms)
  ✔ allows college admin mutate (0.052083ms)
  ✔ forbids HOD mutate of others (0.037084ms)
✔ coEvaluation access (1.022542ms)
▶ coEvaluation matrix validation
  ✔ accepts exact totals and 100% (0.259041ms)
  ✔ rejects over-allocation (0.090917ms)
  ✔ rejects under-allocation for finalize (0.072125ms)
  ✔ rejects eval percent under/over (0.087125ms)
  ✔ requires justification for modified cells (0.079208ms)
  ✔ computes marks distribution from cells (0.033334ms)
  ✔ nearlyEqual tolerates decimals (0.026958ms)
✔ coEvaluation matrix validation (0.752666ms)
▶ coEvaluation workbook parser
  ✔ discovers academic master and parses CO evaluation sheets (3901.883166ms)
✔ coEvaluation workbook parser (3901.97175ms)
[env] loaded /Users/nithinkswamy/Documents/GitHub/skillonx-erp/skillonx-erp/.env
▶ CBS access
  ✔ allows owning faculty to read and mutate (0.420667ms)
  ✔ forbids peer faculty (0.044375ms)
  ✔ hides cross-college as NOT_FOUND (0.034625ms)
  ✔ allows college admin (0.034708ms)
✔ CBS access (1.097042ms)
▶ CBS workbook parser
  ✔ discovers master workbook with BEYOND_SYLLABUS_MASTER (3895.539625ms)
  ✔ parses stable CBS IDs and BIS701 enrichment quality (3674.061417ms)
✔ CBS workbook parser (7570.2755ms)
[env] loaded /Users/nithinkswamy/Documents/GitHub/skillonx-erp/skillonx-erp/.env
▶ academic mapping kinds
  ✔ supports PO, PSO, and SDG kinds (0.869667ms)
  ✔ maps kinds to target columns (0.049208ms)
  ✔ cycles correlation 1→2→3→null (0.045292ms)
✔ academic mapping kinds (1.454ms)
▶ unified academic mapping types
  ✔ round-trips all six supported domain combinations (0.363791ms)
  ✔ disables every PSO combination when its master is missing (0.10075ms)
  ✔ only accepts strict domain supersets as upgrades (0.049125ms)
  ✔ recognizes only stable academic mapping type values (0.055417ms)
✔ unified academic mapping types (1.052ms)
[env] loaded /Users/nithinkswamy/Documents/GitHub/skillonx-erp/skillonx-erp/.env
▶ CO–PO access
  ✔ restricts official master writes to college and platform admins (0.351208ms)
  ✔ lets HOD and NBA coordinators approve mappings (0.053542ms)
  ✔ lets faculty edit drafts only when assigned (0.042ms)
  ✔ hides another college as not found (0.056167ms)
  ✔ lets assigned faculty read their mapping (0.042875ms)
✔ CO–PO access (1.014417ms)
▶ operational mapping ownership (Survey-aligned)
  ✔ lets Faculty A read their own operational mapping (0.0765ms)
  ✔ forbids Faculty B from Faculty A mapping in the same college (0.038458ms)
  ✔ does not grant access merely because Faculty B is assigned to the same subject (0.040958ms)
  ✔ lets college admin manage institution operational mappings (0.041375ms)
  ✔ hides cross-tenant operational mappings as NOT_FOUND (0.050708ms)
  ✔ lets super admin access across institutions (0.033959ms)
  ✔ retains HOD department review read access (0.028291ms)
✔ operational mapping ownership (Survey-aligned) (0.416458ms)
▶ combined academic mapping matrix
  ✔ CO–PO–PSO puts PO and PSO in the same ordered group list (0.460042ms)
  ✔ CO–PO–SDG puts PO and SDG in the same table groups (0.539791ms)
  ✔ CO–PO–PSO–SDG includes all three groups in one matrix (0.056042ms)
  ✔ uses dynamic PSO colspan for PSO1–PSO3 (0.040917ms)
  ✔ filters relevant SDGs by active relationships (0.065916ms)
  ✔ show-all toggle returns full SDG set without inventing relationships (0.034334ms)
  ✔ single-domain types produce exactly one group (0.046208ms)
  ✔ does not fabricate empty groups (0.041875ms)
✔ combined academic mapping matrix (1.802375ms)
▶ operational print column resolution
  ✔ does not blank the SDG matrix when relevantSdgIds is empty (0.367542ms)
  ✔ uses relevant SDGs when present (0.499542ms)
  ✔ keeps PSO column count dynamic (2 or 3+) (0.03925ms)
✔ operational print column resolution (1.353916ms)
▶ faculty-owned duplicate identity
  ✔ treats creator as part of the uniqueness key conceptually (0.05725ms)
✔ faculty-owned duplicate identity (0.096125ms)
▶ CO–PO quality checks
  ✔ flags a CO with no PO correlation (0.44425ms)
  ✔ flags over-mapping when a CO maps to every PO (0.081541ms)
  ✔ counts mapped cells and missing justifications without treating blank as zero (0.056375ms)
✔ CO–PO quality checks (1.034458ms)
▶ PSO and SDG quality checks
  ✔ does not treat an unmapped CO as an SDG error (0.103958ms)
  ✔ flags every CO mapped to SDG4 as generic (0.046333ms)
  ✔ flags a CO mapped to every PSO (0.078959ms)
✔ PSO and SDG quality checks (0.295625ms)
▶ mapping helpers
  ✔ cycles blank → 1 → 2 → 3 → blank and never uses zero (0.068625ms)
  ✔ does not silently treat AI suggestions as approved mappings (0.176583ms)
  ✔ builds a justification draft that does not merely repeat official statements (0.074875ms)
✔ mapping helpers (0.397ms)
▶ CO–PO subject reconciliation
  ✔ matches course code + scheme first (0.491125ms)
  ✔ matches exact course code (0.062375ms)
  ✔ matches chemistry via alias without overwriting the existing code (0.10025ms)
  ✔ reports scheme conflict for the same code on another scheme (0.04075ms)
  ✔ marks unknown subjects as NEW (0.061209ms)
  ✔ marks ambiguous name matches (0.044625ms)
✔ CO–PO subject reconciliation (1.287208ms)
▶ CO–PO matrix shape
  ✔ renders 3, 5, and 6 course outcomes against PO1–PO12 (0.123125ms)
✔ CO–PO matrix shape (0.169625ms)
▶ SkillonX academic mapping workbook parser
  ✔ discovers the unified academic master and parses CO/PO/PSO/SDG sheets (2487.591666ms)
✔ SkillonX academic mapping workbook parser (2488.076208ms)
▶ facultyScopeFilter
  ✔ scopes faculty to their own created_by (0.911667ms)
  ✔ does not force createdBy for admin roles (0.066958ms)
✔ facultyScopeFilter (1.454709ms)
▶ assertFacultyIsolation
  ✔ passes when every resource belongs to the faculty (0.069958ms)
  ✔ fails when another faculty id appears (0.04175ms)
✔ assertFacultyIsolation (0.179375ms)
▶ mapMappingStatus
  ✔ maps finalized and draft states (0.054875ms)
✔ mapMappingStatus (0.085291ms)
▶ pendingEvaluationTotal
  ✔ sums actionable pending work (0.06075ms)
✔ pendingEvaluationTotal (0.109209ms)
▶ countReadyPlans
  ✔ caps ready counts by course count (0.10975ms)
✔ countReadyPlans (0.160417ms)
▶ resolveAcademicContext
  ✔ returns single context when faculty teaches one program/semester (0.114291ms)
  ✔ flags multi-context and clears singular fields (0.043417ms)
✔ resolveAcademicContext (0.199459ms)
▶ sortAttentionItems
  ✔ orders high severity first (0.140042ms)
✔ sortAttentionItems (0.172833ms)
▶ sortUpcomingItems
  ✔ sorts by date ascending and limits (0.57275ms)
✔ sortUpcomingItems (0.601166ms)
[env] loaded /Users/nithinkswamy/Documents/GitHub/skillonx-erp/skillonx-erp/.env
▶ Campus OS Phase 0: shared Document / Evidence storage engine
  ✔ accepts an allowed upload, computes checksum, and round-trips content + integrity (50.203084ms)
  ✔ rejects a disallowed MIME type (10.061417ms)
  ✔ rejects a file over the size limit (10.702042ms)
  ✔ rejects an empty file (9.825ms)
  ✔ enforces tenant isolation on metadata, download, and listing (12.831791ms)
  ✔ denies download to a non-owner, non-admin within the same college (12.902708ms)
  ✔ supersedes an old version when a new version is uploaded, and only owner/admin may version (18.466959ms)
  ✔ archives (soft-deletes) rather than destroying evidence (18.353583ms)
  ✔ requires document.upload permission and rejects unauthenticated-style low-privilege actors (8.167125ms)
✔ Campus OS Phase 0: shared Document / Evidence storage engine (152.24125ms)
[env] loaded /Users/nithinkswamy/Documents/GitHub/skillonx-erp/skillonx-erp/.env
▶ examination governance capabilities
  ✔ classifies result processing as institutional for autonomous colleges (87.896167ms)
  ✔ blocks institutional result processing for VTU-affiliated colleges (19.919ms)
✔ examination governance capabilities (108.349208ms)
[env] loaded /Users/nithinkswamy/Documents/GitHub/skillonx-erp/skillonx-erp/.env
▶ answer-book movement + server reconciliation + variance (§18-20)
  ✔ recomputes aggregates server-side and computes authoritative variance (43.124583ms)
  ✔ denies movement writes to ordinary faculty (4.869417ms)
  ✔ blocks closure while variance is unresolved and allows close after resolution (21.863125ms)
✔ answer-book movement + server reconciliation + variance (§18-20) (89.814334ms)
▶ script transfer acknowledgement + variance resolution (§21-22)
  ✔ records sender expected, receiver actual, and preserves variance history (22.109042ms)
  ✔ resolution is rejected when there is no variance (11.333042ms)
✔ script transfer acknowledgement + variance resolution (§21-22) (33.578834ms)
▶ question-wise valuation validation + authoritative total + correction (§24-26)
  ✔ rejects marks outside the question maximum and computes the authoritative total (16.764209ms)
  ✔ governs post-lock correction, preserves history, and recomputes the total (16.425958ms)
✔ question-wise valuation validation + authoritative total + correction (§24-26) (33.350125ms)
▶ bulk registration decisions (§6)
  ✔ validates every record independently and returns per-record results (2.614166ms)
  ✔ denies bulk decisions without registration permission (0.09225ms)
✔ bulk registration decisions (§6) (2.772292ms)
[env] loaded /Users/nithinkswamy/Documents/GitHub/skillonx-erp/skillonx-erp/.env
▶ examination E2E
  ✔ eligible student passes eligibility check (13809.896042ms)
  ✔ low attendance student is not eligible (17.917ms)
  ✔ condonation records audit (15.838458ms)
  ✔ hall ticket shows eligible subjects only (24.036375ms)
  ✔ marks lock prevents faculty edit without unlock (62.939ms)
  ✔ published results visible to student only after publish (24.139208ms)
  ✔ exam-office mutations are owned by COE, not admin principal HOD or faculty fallbacks (18.513125ms)
  ✔ student cannot access another student result row (16.157625ms)
✔ examination E2E (13990.744416ms)
▶ examination grading
  ✔ assigns grade from percentage bands (0.360208ms)
  ✔ computes SGPA from passed subjects only (0.062208ms)
  ✔ computes CGPA across semesters (0.075042ms)
  ✔ evaluates subject pass threshold (0.043583ms)
✔ examination grading (1.016ms)
▶ examination VTU import parser
  ✔ normalizes CSV aliases, quoted values, and blank rows (1.08125ms)
  ✔ parses the first XLSX worksheet by header name (22.666417ms)
  ✔ rejects unsupported authoritative formats (0.235959ms)
✔ examination VTU import parser (24.482875ms)
[env] loaded /Users/nithinkswamy/Documents/GitHub/skillonx-erp/skillonx-erp/.env
▶ MPC lifecycle (§14) + governed result linkage (§17)
  ✔ enforces the state machine and records an append-only timeline (70.43275ms)
✔ MPC lifecycle (§14) + governed result linkage (§17) (94.498917ms)
▶ MPC evidence authorization (§15)
  ✔ authorizes before read: COE allow, committee member allow, unrelated deny, cross-tenant deny (32.888083ms)
✔ MPC evidence authorization (§15) (33.020459ms)
[env] loaded /Users/nithinkswamy/Documents/GitHub/skillonx-erp/skillonx-erp/.env
▶ examination operational closure
  ✔ denies custody mutation to ordinary faculty (0.553792ms)
  ✔ keeps custody events append-only (40.247375ms)
  ✔ blocks ordinary edits after Form-A freeze and records governed correction (26.527792ms)
  ✔ isolates examiner assignments and locks final submission (12.212417ms)
✔ examination operational closure (105.358833ms)
[env] loaded /Users/nithinkswamy/Documents/GitHub/skillonx-erp/skillonx-erp/.env
▶ examination results report (§47-48)
  ✔ report data matches authoritative published results (4.989167ms)
  ✔ generated workbook preserves USNs as text and neutralises formula injection (43.753083ms)
✔ examination results report (§47-48) (96.556584ms)
[env] loaded /Users/nithinkswamy/Documents/GitHub/skillonx-erp/skillonx-erp/.env
▶ versioned result correction (§28)
  ✔ creates V2, retains V1 as history, and recomputes grade/SGPA authoritatively (33.183917ms)
  ✔ refuses to correct an already-superseded version (no destructive overwrite) (1.7805ms)
✔ versioned result correction (§28) (71.919125ms)
[env] loaded /Users/nithinkswamy/Documents/GitHub/skillonx-erp/skillonx-erp/.env
▶ autonomous revaluation lifecycle (§29)
  ✔ drives apply -> review -> assign -> revaluate -> decision -> versioned consequence (45.637125ms)
✔ autonomous revaluation lifecycle (§29) (77.169167ms)
[env] loaded /Users/nithinkswamy/Documents/GitHub/skillonx-erp/skillonx-erp/.env
▶ authenticated VTU import lifecycle (§6-7)
  ✔ rejects VTU import on an AUTONOMOUS institution (authority boundary §8) (4.656667ms)
  ✔ commits V1 as NEW, dedups identical V1, and supersedes with changed V2 (38.8055ms)
✔ authenticated VTU import lifecycle (§6-7) (77.008667ms)
[env] loaded /Users/nithinkswamy/Documents/GitHub/skillonx-erp/skillonx-erp/.env
▶ Faculty Profile — leadership-model HOD (role=FACULTY + assignment)
  ✔ can view and verify a same-department colleague (0.411625ms)
  ✔ cannot verify another department (0.041791ms)
  ✔ cannot verify another tenant (college) (0.044167ms)
  ✔ cannot self-verify even as department HOD (0.037834ms)
  ✔ is scoped to its assigned department only (multi-dept HOD honored) (0.039459ms)
✔ Faculty Profile — leadership-model HOD (role=FACULTY + assignment) (1.042625ms)
▶ Faculty Profile — legacy role-based HOD still authorized (no enrichment)
  ✔ verifies same-department colleague via role fallback (0.046083ms)
  ✔ is denied outside its department (0.037625ms)
✔ Faculty Profile — legacy role-based HOD still authorized (no enrichment) (0.137125ms)
▶ Faculty Profile — non-verifiers denied
  ✔ plain faculty cannot verify or act as verifier (0.056833ms)
  ✔ SUPER_ADMIN is excluded from academic verification (0.084875ms)
  ✔ institution verifier (PRINCIPAL) retains college-wide authority (0.132958ms)
✔ Faculty Profile — non-verifiers denied (0.385417ms)
[env] loaded /Users/nithinkswamy/Documents/GitHub/skillonx-erp/skillonx-erp/.env
▶ Faculty Profile — Phase B functional E2E
  ✔ projects HRMS-authoritative core profile and stores faculty identifiers (102.838791ms)
  ✔ creates a publication and rejects a duplicate DOI on the same profile (24.505667ms)
  ✔ runs the full verification workflow with append-only history; owner cannot self-verify (28.414416ms)
  ✔ stores evidence with checksum and serves it only to authorized readers (15.407292ms)
  ✔ computes section-based completeness with actionable messages (15.06675ms)
  ✔ derives teaching/mentoring/coordination without duplicating them and builds an overview (38.464334ms)
  ✔ exposes a scoped verification inbox to authorized verifiers only (10.757125ms)
✔ Faculty Profile — Phase B functional E2E (236.118041ms)
▶ Faculty record — experience overlap calculation
  ✔ merges overlapping appointments so periods are not double-counted (0.420208ms)
  ✔ sums disjoint periods fully (0.054209ms)
  ✔ closes an open (current) period at asOf (0.043041ms)
  ✔ experienceTotals reports per-category and overlap-aware overall (0.079416ms)
✔ Faculty record — experience overlap calculation (1.076125ms)
▶ Faculty record — FDP duration
  ✔ counts inclusive days (0.074917ms)
  ✔ single date (no end) counts as one day (0.037333ms)
  ✔ rejects reversed ranges (0.039833ms)
✔ Faculty record — FDP duration (0.218167ms)
▶ Faculty record — certification expiry
  ✔ flags expired certifications (0.089834ms)
  ✔ current when not yet expired (0.037375ms)
  ✔ lifetime overrides expiry (0.049291ms)
✔ Faculty record — certification expiry (0.245542ms)
▶ Faculty record — academic-year boundary
  ✔ assigns July-start academic years deterministically (0.056834ms)
✔ Faculty record — academic-year boundary (0.103041ms)
▶ Faculty record — dedupe key normalization
  ✔ normalizes DOI variants to the same key (0.106416ms)
  ✔ returns null for empty (0.036542ms)
✔ Faculty record — dedupe key normalization (0.180125ms)
[env] loaded /Users/nithinkswamy/Documents/GitHub/skillonx-erp/skillonx-erp/.env
▶ Faculty Profile — security / IDOR / RBAC
  ✔ a non-authorized faculty cannot view another faculty profile (403) (64.881209ms)
  ✔ an HOD of another department cannot view or verify the owner (12.17975ms)
  ✔ faculty cannot self-verify their own submitted record (22.358667ms)
  ✔ record-id IDOR: fetching a record not owned by the target employee 404s (13.623417ms)
  ✔ evidence-id IDOR: another faculty cannot download the owner’s evidence (403) (16.966709ms)
  ✔ tenant isolation: an employee id from another college is not resolvable (404) (9.628625ms)
  ✔ SUPER_ADMIN is excluded from the academic verification workflow (8.156958ms)
✔ Faculty Profile — security / IDOR / RBAC (148.469167ms)
[env] loaded /Users/nithinkswamy/Documents/GitHub/skillonx-erp/skillonx-erp/.env
▶ APPROVED cross-module: Examination remuneration -> Finance receiver (§11)
  ✔ valid handoff: calculate -> approve -> post -> readback (amount is server-authoritative) (49.178084ms)
  ✔ duplicate replay: posting the same obligation twice yields ONE obligation/posting (17.308ms)
  ✔ concurrent replay: parallel posts collapse to ONE posting (24.86325ms)
  ✔ different legitimate duties for the same beneficiary stay distinct (29.180375ms)
  ✔ same duty cannot create a duplicate obligation (4.089875ms)
  ✔ rejects an invalid beneficiary (0.52025ms)
  ✔ refuses to post an unapproved obligation (4.032291ms)
  ✔ denies posting to an actor without Finance permission (§10) (5.7495ms)
  ✔ denies cross-tenant posting (6.627042ms)
  ✔ governed reversal preserves history (never deletes) (19.003458ms)
✔ APPROVED cross-module: Examination remuneration -> Finance receiver (§11) (190.389917ms)
[env] loaded /Users/nithinkswamy/Documents/GitHub/skillonx-erp/skillonx-erp/.env
▶ finance E2E
  ✔ approved student has semester demand with partial payment (15.745125ms)
  ✔ bulk demand generation is idempotent (150.90525ms)
  ✔ manual payment creates receipt transactionally (40.537834ms)
  ✔ no-due shows finance clear after full payment (47.675292ms)
  ✔ hasOutstandingDues returns false when paid (12.388292ms)
  ✔ financial clearance passes for cleared student (20.351167ms)
  ✔ scholarship sanction reduces demand per policy (27.888916ms)
  ✔ concession requires finance permission (30.26525ms)
  ✔ refund lifecycle completes (23.32075ms)
  ✔ tenant isolation — cross-college demand not found (13.323416ms)
  ✔ principal and college admin cannot perform accountant-only mutations (13.540791ms)
✔ finance E2E (480.527917ms)
[env] loaded /Users/nithinkswamy/Documents/GitHub/skillonx-erp/skillonx-erp/.env
▶ Campus OS Phase 10: scholarship application lifecycle
  ✔ runs the full DRAFT -> SUBMITTED -> UNDER_VERIFICATION -> VERIFIED -> APPROVED -> SANCTIONED/COMPLETED lifecycle with a real financial handoff (77.64ms)
  ✔ rejects a duplicate active application for a scheme that disallows multiple applications (21.939375ms)
  ✔ concurrent duplicate submissions: exactly one succeeds under real DB concurrency (21.899625ms)
  ✔ idempotent sanction: repeated/concurrent sanction calls create exactly one financial effect (34.727667ms)
  ✔ terminal-state protection: a REJECTED application cannot be verified, approved, or sanctioned (24.159833ms)
  ✔ student IDOR: student B cannot view or withdraw student A application (5.899375ms)
  ✔ tenant isolation: a staff actor from another college cannot view or act on this application (13.7005ms)
  ✔ document evidence: student-uploaded documents are visible to staff and not to a different student (13.506417ms)
✔ Campus OS Phase 10: scholarship application lifecycle (264.581209ms)
[env] loaded /Users/nithinkswamy/Documents/GitHub/skillonx-erp/skillonx-erp/.env
▶ gap analysis ownership
  ✔ allows owning faculty (0.366583ms)
  ✔ forbids same-college non-owner faculty (0.037959ms)
  ✔ returns not found for cross-tenant faculty (0.031042ms)
  ✔ allows college admin institution-wide (0.031167ms)
  ✔ allows super admin cross-institution (0.032ms)
  ✔ allows HOD read in department, forbids mutate unless owner (0.043708ms)
✔ gap analysis ownership (1.012959ms)
▶ coverage satisfaction
  ✔ computes expected 3 / actual 2 = 66.7% (0.338208ms)
  ✔ caps expected 3 / actual 4 at 100% (0.037ms)
  ✔ never divides by zero or returns NaN (0.034583ms)
  ✔ validates 0–4 scale (0.048209ms)
  ✔ aggregates applicable items only (0.0575ms)
✔ coverage satisfaction (0.991917ms)
[env] loaded /Users/nithinkswamy/Documents/GitHub/skillonx-erp/skillonx-erp/.env
▶ gap analysis validation schemas
  ✔ accepts coverage 0–4 (0.593083ms)
  ✔ requires reason for NOT_APPLICABLE at service layer via schema optionality (0.165542ms)
  ✔ accepts controlled action types (0.092959ms)
✔ gap analysis validation schemas (1.313125ms)
▶ gap master workbook parser
  ✔ discovers academic mapping master with GAP sheets (3336.684584ms)
  ✔ parses gap sheets with stable IDs and preserves verification (42.371959ms)
  ✔ does not invent verified source from academic analysis (39.587958ms)
✔ gap master workbook parser (3419.195ms)
[env] loaded /Users/nithinkswamy/Documents/GitHub/skillonx-erp/skillonx-erp/.env
▶ hostel E2E
  ✔ Aarav is active resident with room allocation (37.866791ms)
  ✔ non-resident student has hidden or application visibility (25.750875ms)
  ✔ student A cannot access student B resident record (19.205708ms)
  ✔ capacity metrics are consistent (16.8345ms)
  ✔ bed A-101-A has exactly one active allocation (17.82125ms)
  ✔ central no-due includes HOSTEL domain (29.18775ms)
  ✔ active resident hostel clearance is NOT_APPLICABLE (17.825542ms)
  ✔ Aarav has approved outpass (20.7015ms)
  ✔ Aarav has open complaint (17.778042ms)
  ✔ application-only student has draft or submitted application (15.922625ms)
  ✔ eligibility engine returns structured result (23.152917ms)
  ✔ admin, HOD, faculty, accountant do not inherit routine hostel operations (2.356208ms)
  ✔ warden scope is assignment based, while management oversight is aggregate read-only (18.087708ms)
  ✔ active allocation uniqueness hardening is present when migration has run (27.664125ms)
  ✔ Student login identity is seeded for Hostel closure (19.507834ms)
  ✔ Warden login identity is seeded and scoped (18.710792ms)
  ✔ Principal login identity has oversight but no allocation mutation (26.43175ms)
  ✔ Accountant login identity can mutate Finance but not Hostel operations (21.834875ms)
  ✔ Student Hostel overview returns access, room, and dues shape (26.947667ms)
  ✔ Student tracks own Hostel request only (20.901417ms)
  ✔ Cross-college Hostel request is denied as not found (22.913208ms)
  ✔ Warden sees pending applications for assigned Hostel (20.559208ms)
  ✔ Warden approves eligible application and Finance demand is canonical/idempotent (69.709167ms)
  ✔ Warden rejects application with reason (34.402833ms)
  ✔ Waitlist placement and ordering are deterministic (33.24425ms)
  ✔ Hostel master, block, floor, room, and bed listings exist (22.364958ms)
  ✔ Occupancy and vacancy calculations reconcile with bed states (18.995709ms)
  ✔ Inactive bed allocation is denied (30.15925ms)
  ✔ Inactive room allocation is denied (39.303959ms)
  ✔ Full-room allocation is denied (37.27525ms)
  ✔ Student allocation and duplicate active allocation denial are enforced (52.186209ms)
  ✔ Same-bed concurrent allocation protection allows one winner (48.184709ms)
  ✔ Allocation history and current room are visible to the owning student (29.965375ms)
  ✔ Transfer approval releases old bed and occupies new bed (53.638708ms)
  ✔ Warden cannot execute Finance payment, receipt, or refund permissions (20.441583ms)
  ✔ Student, Principal, and Management cannot mutate Hostel payments (30.77825ms)
  ✔ Hostel reads authoritative Finance fee status (19.536458ms)
  ✔ Payment gate is enforced before allocation where policy requires it (31.401417ms)
  ✔ Checkout request, processing, and bed release are idempotent (78.033417ms)
  ✔ Hostel no-dues state is sourced through central clearance (45.285333ms)
  ✔ Maintenance-linked Hostel complaint exposes repair context only (25.055791ms)
  ✔ Complaint privacy denies Student A access to Student B Hostel narrative (18.164458ms)
  ✔ Restricted grievance narrative is not present in Hostel complaint payloads (17.720334ms)
  ✔ Mentoring/welfare confidential information is not exposed through Hostel views (27.425792ms)
  ✔ HOD and Faculty operational Hostel denial is enforced (20.49225ms)
  ✔ Principal oversight and Management aggregate analytics are read-only (24.966708ms)
  ✔ Warden-scope isolation covers applications, allocations, rooms, checkout, waitlist, and reports (35.634334ms)
  ✔ Resident directory paginates and filters within authorised Hostel scope (31.163708ms)
  ✔ Student A cannot access Student B allocation or resident record (20.722875ms)
  ✔ Management cannot retrieve private operational resident rows through resident workspace (18.6ms)
  ✔ Full RBAC matrix uses actual canonical Hostel roles (2.612542ms)
  ✔ Role permission catalog documents Warden and Hostel Officer equivalence by actual roles (1.75375ms)
  ✔ Faculty plus Warden assignment preserves Faculty role and exposes separate portal contexts (45.8015ms)
  ✔ Leave request, approval, rejection boundary, and list persistence work (19.5775ms)
  ✔ Outpass request, approval token, and return persistence work (27.492ms)
  ✔ Notification delivery records Hostel related references (79.059417ms)
  ✔ Audit evidence records privileged Hostel action trail (20.909167ms)
  ✔ Hostel fee demand idempotency under concurrent retry creates one canonical Finance demand (35.4575ms)
  ✔ Concurrent checkout retries produce one logical checkout and one bed release (67.500583ms)
  ✔ Room occupancy direct-load/API persistence includes active resident metadata (24.702292ms)
  ✔ Management aggregate analytics suppress private resident identifiers (22.626292ms)
  ✔ SUPER_ADMIN remains configuration/read-only boundary, not routine Hostel staff (1.857625ms)
  ✔ GET /hostel/capacity requires hostel.view and scopes to the warden's assigned hostels (69.584541ms)
✔ hostel E2E (1855.150334ms)
▶ appraisalScore
  ✔ roundScore uses 2-decimal rounding (0.370917ms)
  ✔ validateTemplateWeights accepts balanced sections (0.106583ms)
  ✔ validateTemplateWeights rejects section sum mismatch (0.143667ms)
  ✔ validateTemplateWeights rejects criteria sum mismatch (0.057083ms)
  ✔ validateTemplateWeights rejects duplicate codes (0.047625ms)
  ✔ computeWeightedScore normalizes by scaleMax and skips nulls (0.102417ms)
  ✔ computeWeightedScore returns null when nothing rated (0.030959ms)
  ✔ mapScoreToRating uses min/max bands including edges (0.091875ms)
  ✔ mapScoreToRating falls back to nearest discrete score without bands (0.063ms)
✔ appraisalScore (1.528ms)
[env] loaded /Users/nithinkswamy/Documents/GitHub/skillonx-erp/skillonx-erp/.env
▶ hr academic continuity closure E2E
  ✔ full substitute happy path — leave to override (2833.946875ms)
  ✔ substitute sees class in timetable with substitution badge (25.769834ms)
  ✔ substitute attendance records original and delivered faculty (74.537292ms)
  ✔ planned topic visible on coverage without copying data (52.462792ms)
  ✔ full class swap E2E (60.497459ms)
  ✔ swap conflict returns FACULTY_CONFLICT and creates no override (11.655917ms)
  ✔ reschedule makeup E2E with availability check (53.521417ms)
  ✔ reschedule conflict blocks override for each supported conflict type (37.369875ms)
  ✔ HOD arrangement full flow with assign and approve (41.652375ms)
  ✔ authorized cancellation requires reason and blocks lecturer (26.895166ms)
  ✔ emergency leave creates CRITICAL coverage and HOD notification (667.13125ms)
  ✔ cancellation reversal restores balance and cancels future override (2708.127083ms)
  ✔ historical reversal preserves conducted attendance (7.294417ms)
  ✔ student notification dedupe prevents duplicates (4.504167ms)
  ✔ finalize notifications twice does not duplicate student rows (1865.01325ms)
  ✔ employee notifications dedupe on retry (14.574792ms)
  ✔ eligible substitutes API returns availability flags (150.173708ms)
  ✔ cross-college manager cannot access coverage detail (5.561ms)
  ✔ tenant isolation — substitute lookup excludes other college (124.763125ms)
  ✔ lecturer cannot accept another lecturers coverage request (5.881542ms)
  ✔ lecturer cannot verify HOD-only coverage action (5.350083ms)
  ✔ substitute consent policy column is present and deterministic (28.428792ms)
  ✔ duplicate leave approval is idempotent (12.956542ms)
  ✔ concurrent duplicate leave approval keeps single override set (59.152041ms)
  ✔ concurrent cancel vs approve yields one consistent leave state (51.833ms)
  ✔ concurrent coverage verify is idempotent (25.760041ms)
  ✔ concurrent swap accept vs decline yields single final state (34.454ms)
  ✔ audit matrix covers key academic continuity actions (166.84725ms)
  ✔ manager verify is idempotent when already verified (6.478375ms)
  ✔ HOD arrangement sets HOD_ACTION_REQUIRED state (70.779667ms)
✔ hr academic continuity closure E2E (9234.893916ms)
[env] loaded /Users/nithinkswamy/Documents/GitHub/skillonx-erp/skillonx-erp/.env
▶ HR Analytics E2E
  ✔ metric catalog is centralized and permission-gated (70.243167ms)
  ✔ current headcount reconciles exactly to canonical Lifecycle (117.369166ms)
  ✔ historical headcount uses effective dates, not current rows (50.768291ms)
  ✔ joiners count matches canonical date_of_joining within period (64.939333ms)
  ✔ attrition is deterministic and follows the documented formula (72.495583ms)
  ✔ tenure bands cover all in-service employees exactly once (47.848209ms)
  ✔ attendance analytics come from canonical monthly records (61.448ms)
  ✔ payroll analytics mirror canonical persisted run totals and flag divergence (44.633834ms)
  ✔ payroll analytics are confidential: HOD blocked, small groups suppressed (25.162166ms)
  ✔ recruitment funnel is monotonically non-increasing and reconciles JOINED (43.234083ms)
  ✔ offer acceptance rate is a bounded percentage (32.9495ms)
  ✔ rating distribution is finalized-only and never leaks reviewer notes (33.028083ms)
  ✔ F&F analytics reconcile case buckets and split payable/receivable (33.39425ms)
  ✔ cross-domain reconciliation checks pass on canonical data (31.638ms)
  ✔ data quality returns deterministic integrity flags (32.73275ms)
  ✔ tenant isolation: college scope never bleeds across colleges (99.022125ms)
  ✔ HOD isolation: department scope enforced, other departments blocked (122.284833ms)
  ✔ export security: authorized export works, unauthorized blocked (102.692167ms)
  ✔ overview suppresses restricted cards by permission (275.796166ms)
✔ HR Analytics E2E (1363.934917ms)
[env] loaded /Users/nithinkswamy/Documents/GitHub/skillonx-erp/skillonx-erp/.env
▶ HR Attendance Closure E2E
  ✔ schema ready (1.843959ms)
  ✔ Scenario 1 — Normal Present Day (81.22875ms)
  ✔ Scenario 2 — Half Day (65.292292ms)
  ✔ Scenario 3 — Absence (52.241583ms)
  ✔ Scenario 6 — Holiday (49.3535ms)
  ✔ Scenario 9 — Incomplete Punch (55.666208ms)
  ✔ Scenario 11 — Joining Mid-Month (115.107916ms)
  ✔ Scenario 12 — Separation after LWD (51.504ms)
  ✔ Scenario 16 — Explicit two-college tenant isolation E2E (757.812916ms)
  ✔ Scenario 18 — Punch Idempotency (42.864292ms)
  ✔ Scenario 19 — No duplicate daily records (74.136458ms)
  ✔ Scenario 14-15 — Month lock and reopen (384.160541ms)
  ✔ Scenario 41 — Payroll handoff (324.828958ms)
  ✔ Scenario 42 — Payroll handoff rejects OPEN month (33.470833ms)
  ✔ Scenario 43 — Locked month blocks silent attendance mutation (422.320792ms)
  ✔ Scenario 44 — Attendance does not rewrite academic substitution tables (67.085459ms)
  ✔ Scenario 10 — Regularization with faculty employee (6.382667ms)
  ✔ Engine — suspended status (51.16225ms)
✔ HR Attendance Closure E2E (2722.571917ms)
▶ HR Attendance Engine precedence unit
  ✔ precedence order (0.127042ms)
✔ HR Attendance Engine precedence unit (0.183375ms)
[env] loaded /Users/nithinkswamy/Documents/GitHub/skillonx-erp/skillonx-erp/.env
▶ hr employee lifecycle E2E
  ✔ creates employee with number, employment record and service event (2167.995333ms)
  ✔ rejects duplicate official email (2211.856166ms)
  ✔ mark joined transitions status and creates JOINED event (4153.562459ms)
  ✔ blocks joining when mandatory onboarding incomplete (2094.617375ms)
  ✔ promotes employee without altering academic assignments (10.671875ms)
  ✔ transfers faculty department but keeps academic assignments (9.197083ms)
  ✔ changes reporting manager with history (9.6855ms)
  ✔ extends probation preserving original end date (4115.772667ms)
  ✔ contract renewal preserves old contract (2132.542791ms)
  ✔ lifecycle job is idempotent (53.806708ms)
  ✔ employee 360 returns operational assignments read-only (6.952875ms)
  ✔ tenant isolation denies cross-college employee access (7.977125ms)
  ✔ personal profile CRUD with audit (2102.670833ms)
  ✔ emergency contact CRUD with tenant scoping (2144.05925ms)
✔ hr employee lifecycle E2E (21222.732291ms)
[env] loaded /Users/nithinkswamy/Documents/GitHub/skillonx-erp/skillonx-erp/.env
▶ hr final settlement E2E
  ✔ creates one F&F case per separation and is idempotent (215.300125ms)
  ✔ detects library and finance dues; unresolved clearance blocks approval (181.761333ms)
  ✔ calculates encashment, notice pay, recoveries, net payable and receivable (161.288458ms)
  ✔ snapshots inputs; later source changes do not alter approved F&F; lock blocks mutation (139.164333ms)
  ✔ maker-checker, finance posting idempotent including concurrent, reopen versioned (194.741375ms)
  ✔ HOD department clearance scoped; salary hidden; employee self isolation; tenant isolation (224.896042ms)
  ✔ released documents use historical employment facts (175.64425ms)
✔ hr final settlement E2E (1293.630625ms)
[env] loaded /Users/nithinkswamy/Documents/GitHub/skillonx-erp/skillonx-erp/.env
▶ hr leave coverage E2E
  ✔ getLeaveCoverageSummary returns structured counts (104.067916ms)
  ✔ blocks approval when coverage incomplete (28.605542ms)
  ✔ substitute conflict returns FACULTY_CONFLICT when double-booked (12.123042ms)
  ✔ HOD arrangement marks coverage as HOD action required (45.381958ms)
  ✔ reschedule availability check returns structured result (11.607042ms)
  ✔ emergency leave creates priority coverage rows (79.912375ms)
✔ hr leave coverage E2E (282.380084ms)
[env] loaded /Users/nithinkswamy/Documents/GitHub/skillonx-erp/skillonx-erp/.env
▶ HRMS Payroll E2E
  ✔ salary structure + assignment + period creation (30.584875ms)
  ✔ full calculate → snapshot → LOP handoff → approve → lock → payslip (43745.127583ms)
  ✔ Test A — locked payroll unchanged after salary revision (41477.907417ms)
  ✔ Test B — locked payroll unchanged after component master change (41050.123167ms)
  ✔ Test C — locked payroll unchanged after later attendance changes blocked by lock (42788.6205ms)
  ✔ Test D — direct mutation of locked result BLOCKED (2.948708ms)
  ✔ retroactive revision generates arrear without mutating locked payroll (40038.017208ms)
  ✔ concurrent create for same college+period → ONE run (16.026ms)
  ✔ Finance posting idempotent + concurrent (41110.806416ms)
  ✔ cross-college payroll blocked (47.189417ms)
  ✔ HOD salary leakage through Employee 360 BLOCKED (115.468375ms)
  ✔ Principal confidential salary detail permission controlled (36.322917ms)
  ✔ employee self payslip only — other employee BLOCKED (26.935625ms)
  ✔ mid-month / future joiner eligibility (40110.50475ms)
  ✔ adjustments + reopen policy when finance posted (22.62325ms)
  ✔ rounding 0.005 path via percentage components (8.389833ms)
✔ HRMS Payroll E2E (290715.768625ms)
[env] loaded /Users/nithinkswamy/Documents/GitHub/skillonx-erp/skillonx-erp/.env
▶ hr performance appraisal E2E
  ✔ ensures default rating scale and lists scales (125.256625ms)
  ✔ rejects invalid template section weights (14.492459ms)
  ✔ createTemplate rejects unbalanced criteria weights (36.541416ms)
  ✔ creates cycle with default rating scale (49.849417ms)
  ✔ publishes template and versions without mutating prior ACTIVE history (72.948584ms)
  ✔ excludes employees who joined after period_end (75.808917ms)
  ✔ excludes employees separated before period_start (61.38875ms)
  ✔ employee creates goals and rejects weight over 100 (90.624583ms)
  ✔ blocks unauthorized employee from creating goals on another appraisal (68.79175ms)
  ✔ reviewer approves submitted goals; lock blocks further edits (111.139958ms)
  ✔ blocks non-reviewer from deciding goals (91.361833ms)
  ✔ employee can view own appraisal; peer employee blocked (73.812583ms)
  ✔ self appraisal submit computes self score; duplicate submit is idempotent (128.840833ms)
  ✔ blocks other employee from saving self appraisal (125.553875ms)
  ✔ HOD reviews department faculty; reviewer and self scores stay separate (127.552ms)
  ✔ blocks HOD self-review (81.544625ms)
  ✔ blocks other-department HOD from reviewing when not assigned (106.540583ms)
  ✔ routes HOD appraisal reviewer to Principal (140.047167ms)
  ✔ calibration changes final score, preserves reviewer score, writes reason/audit (125.829333ms)
  ✔ blocks unauthorized actor from calibrating (106.313334ms)
  ✔ pulls attendance evidence into collectEvidence (46.883375ms)
  ✔ survey evidence payload stays anonymous (no student identity) (39.118625ms)
  ✔ evidence snapshot is immutable after later attendance mutation (151.881792ms)
  ✔ finalize maps server score to rating label (101.195625ms)
  ✔ lock blocks mutation; reopen creates new version (141.363291ms)
  ✔ blocks cross-college access to appraisal (71.432167ms)
  ✔ expired HOD assignment before review cutoff is not resolved as reviewer (65.427208ms)
  ✔ expired/unassigned HOD cannot submit review (87.520041ms)
  ✔ employee view hides reviewer-only private notes (103.186708ms)
✔ hr performance appraisal E2E (2623.891542ms)
[env] loaded /Users/nithinkswamy/Documents/GitHub/skillonx-erp/skillonx-erp/.env
▶ HR Recruitment
  ✔ skips cleanly when schema/seed missing (101.799083ms)
  ✔ requisition state machine and invalid transition (55.173084ms)
  ✔ opening publish pause resume and public listing (58.710959ms)
  ✔ application deadline enforcement (40.947ms)
  ✔ candidate email dedupe on apply (57.464875ms)
  ✔ screening shortlist and select (52.674792ms)
  ✔ interview panel isolation (83.025583ms)
  ✔ offer versioning immutability and acceptance does not create employee (133.051416ms)
  ✔ offer expiry (82.571166ms)
  ✔ complete joining creates one employee and is idempotent (291.799792ms)
  ✔ concurrent joining same application yields one employee (185.166209ms)
  ✔ concurrent headcount enforcement across applications (283.650333ms)
  ✔ HOD department scope isolation (27.201041ms)
  ✔ cross-college isolation (26.196458ms)
  ✔ candidate portal token self-isolation (98.966917ms)
  ✔ faculty without assignment cannot manage recruitment (1.909291ms)
  ✔ dashboard and pipeline reports (4.185875ms)
  ✔ list applications for opening (208.47425ms)
  ✔ rejects invalid application transition (56.727333ms)
  ✔ joining blocked when prejoining incomplete (113.147917ms)
  ✔ opening headcount cannot exceed requisition (24.41275ms)
  ✔ duplicate application on same opening rejected (47.838667ms)
  ✔ screen reject ends pipeline (55.146833ms)
  ✔ HR executive has manage and offer but not join by permission map (2.052667ms)
  ✔ principal has approve and report oversight only (3.025ms)
  ✔ convertCandidateToEmployee alias matches completeJoining (230.175709ms)
  ✔ apply without consent rejected (37.231292ms)
✔ HR Recruitment (2364.430666ms)
[env] loaded /Users/nithinkswamy/Documents/GitHub/skillonx-erp/skillonx-erp/.env
▶ hrms E2E
  ✔ faculty backfill creates exactly one employee per faculty user (12012.908417ms)
  ✔ lecturer academic impact returns affected sessions when timetable exists (61.663791ms)
  ✔ leave request blocks approval when academic coverage incomplete (75.675167ms)
  ✔ employee self cannot view another employee payslip (6.909417ms)
✔ hrms E2E (12157.829666ms)
[env] loaded /Users/nithinkswamy/Documents/GitHub/skillonx-erp/skillonx-erp/.env
▶ Employee L&D E2E
  ✔ development need can reference appraisal without mutating it (94.110584ms)
  ✔ HOD recommends own-department employee; other-department blocked (30.139333ms)
  ✔ development need transitions are server-authoritative; self cannot complete (43.168584ms)
  ✔ program state machine blocks invalid transitions (41.282834ms)
  ✔ eligible enroll works; duplicate is idempotent; ineligible blocked (62.100667ms)
  ✔ capacity concurrency: one confirmed, one waitlisted for the final seat (51.672083ms)
  ✔ waitlist promotes deterministically when a confirmed seat frees up (73.343666ms)
  ✔ nomination: HOD nominates own dept; self-approval blocked; unauthorized approval blocked (75.096334ms)
  ✔ L&D attendance records independently and NEVER alters HR attendance (88.118125ms)
  ✔ completion rules are server-derived and block on missing attendance (77.726083ms)
  ✔ certificates: internal issue idempotent, external verify, cross-employee blocked (69.730833ms)
  ✔ effectiveness: employee feedback + manager review; cross-department review blocked (55.002042ms)
  ✔ tenant isolation: another college cannot see or act on the program (33.196208ms)
  ✔ employee isolation: cannot read another employee development history (24.334375ms)
  ✔ T&P boundary: L&D operations never touch student training tables (45.57875ms)
  ✔ L&D API does not leak appraisal reviewer comments or salary (42.550125ms)
✔ Employee L&D E2E (908.611042ms)
[env] loaded /Users/nithinkswamy/Documents/GitHub/skillonx-erp/skillonx-erp/.env
▶ Succession Planning E2E
  ✔ critical role creation, uniqueness, and department scope (93.472833ms)
  ✔ talent assessment finalize is immutable; correction creates a new version (43.752208ms)
  ✔ APPRAISAL-sourced assessment derives band from finalized appraisal (read-only) (26.129958ms)
  ✔ talent matrix aggregates finalized assessments into a 3x3 grid (20.442459ms)
  ✔ talent pool membership is idempotent (34.438541ms)
  ✔ nomination: self-nomination, cross-department, and self-approval blocked (59.014667ms)
  ✔ duplicate nomination is idempotent and concurrency-safe (one canonical successor) (40.258375ms)
  ✔ approval race yields one valid transition with consistent state (40.592208ms)
  ✔ readiness reviews preserve history and never overwrite (45.2005ms)
  ✔ development action links L&D read-only and never mutates it; completion idempotent (43.085875ms)
  ✔ inactive employees cannot be nominated (lifecycle handling) (47.094334ms)
  ✔ employee confidentiality: self-surface exposes only own development, not slates (27.279041ms)
  ✔ tenant isolation: another college cannot read or act on the role (25.123083ms)
  ✔ reporting and audit history are produced (347.575458ms)
  ✔ frozen-domain invariants: T&P and payroll untouched by succession ops (61.003291ms)
✔ Succession Planning E2E (955.678125ms)
[env] loaded /Users/nithinkswamy/Documents/GitHub/skillonx-erp/skillonx-erp/.env
▶ Campus OS Phase 7: IQAC & Accreditation
  ✔ framework/version/criterion registry: create, version, activate, and criterion hierarchy (100.953792ms)
  ✔ RBAC: FACULTY cannot manage frameworks or metrics; HOD is not granted cycle.approve (56.097875ms)
  ✔ tenant isolation: cross-college actor gets 404 on reads and mutations, not a leak (31.433042ms)
  ✔ missing-data semantics: SYSTEM_DERIVED metric with no registered connector recomputes to NOT_CONFIGURED, never 0 (18.250542ms)
  ✔ manual metric entry and override preserve prior value/status and require a reason (23.516042ms)
  ✔ accreditation cycle: full lifecycle to CLOSED, and a double-freeze is rejected (concurrency-safe) (69.921334ms)
  ✔ snapshot revision after freeze is append-only and requires a reason; original snapshot is preserved (54.344791ms)
  ✔ evidence verification: self-verification is blocked even for a coordinator (20.336833ms)
  ✔ continuous improvement: action plan is forward-only, terminal states are protected, and reopening a closed plan requires a reason (44.239917ms)
  ✔ academic audit -> finding -> action plan feeds the SAME continuous-improvement engine (no separate audit_tasks table) (27.452208ms)
  ✔ committee governance: members, meeting, and minutes reuse documentEngine by id (no binary storage here) (31.744875ms)
  ✔ compliance calendar: overdue is derived at read-time, never silently mutates stored status (16.479375ms)
  ✔ dashboard aggregates via COUNT queries, scoped to the actor college (33.414584ms)
✔ Campus OS Phase 7: IQAC & Accreditation (529.165583ms)
[env] loaded /Users/nithinkswamy/Documents/GitHub/skillonx-erp/skillonx-erp/.env
▶ Lab Assistant / Laboratory Management E2E
  ✔ 1. lab assistant dashboard surfaces attention items (46.223334ms)
  ✔ 2. assigned labs are visible; scope excludes unassigned dept labs (4.56775ms)
  ✔ 3. unassigned lab operations are denied for a lab assistant (4.279208ms)
  ✔ 4. asset list + detail + history for an assigned lab (3.968292ms)
  ✔ 5. create + update asset, and status change writes history (4.666917ms)
  ✔ 6. retired assets cannot be reactivated (3.691792ms)
  ✔ 7. stock receipt increases balance; consumption decreases; negative is blocked (3.677292ms)
  ✔ 8. reusable item issue then return restores availability + overdue detection (3.721083ms)
  ✔ 9. practical sessions derive from the timetable and readiness is editable (4.109167ms)
  ✔ 10. fault logging + repair lifecycle (approve → in-progress → complete) (3.819583ms)
  ✔ 11. software inventory + software request review (3.705292ms)
  ✔ 12. requirement approval chain: In-charge → HOD → Principal (4.498583ms)
  ✔ 13. Lab In-charge oversight view is scoped to assigned labs (4.033ms)
  ✔ 14. HOD oversight is department-scoped and cannot mutate operations (3.721542ms)
  ✔ 15. Principal + Management oversight spans the institution (read-only) (3.707125ms)
  ✔ 16. reports honour scope (asset register, low-stock) (4.886542ms)
  ✔ 17. another lab assistant cannot mutate a lab they are not assigned to (3.822208ms)
  ✔ 18. faculty without a Lab In-charge assignment cannot mutate lab admin (3.868417ms)
  ✔ 19. Accountant, COE and Student are denied lab operations (5.408375ms)
  ✔ 20. college isolation — cannot read another college lab (4.634083ms)
  ✔ 21. audit trail records asset + stock + issue actions (4.673209ms)
  ✔ 22. dashboard aggregates use few queries (no per-asset fan-out) (3.618541ms)
✔ Lab Assistant / Laboratory Management E2E (134.211292ms)
[env] loaded /Users/nithinkswamy/Documents/GitHub/skillonx-erp/skillonx-erp/.env
▶ decideLessonPlanAccess
  ✔ lets a faculty member manage their own lesson plan (0.353042ms)
  ✔ forbids another faculty member's lesson plan in the same college (0.042167ms)
  ✔ lets a college admin manage plans in their institution (0.032125ms)
  ✔ hides cross-college plans as NOT_FOUND (0.038667ms)
  ✔ lets a super admin manage plans across institutions (0.035334ms)
✔ decideLessonPlanAccess (0.967583ms)
▶ canManageAllLessonPlans
  ✔ is true only for admin roles (0.044834ms)
✔ canManageAllLessonPlans (0.074334ms)
▶ planned vs actual dates
  ✔ keeps planned dates untouched when shifting subsequent actual dates (1.973458ms)
  ✔ does not shift a completed historical entry (0.052542ms)
✔ planned vs actual dates (2.463667ms)
▶ date helpers
  ✔ parses ISO dates in local time (0.043417ms)
✔ date helpers (0.078541ms)
▶ lesson plan subject matching
  ▶ matches aliases to existing subjects instead of creating duplicates
    ✔ matches TOC and Java aliases to existing catalog names (0.329ms)
  ✔ matches aliases to existing subjects instead of creating duplicates (0.661583ms)
  ✔ matches by name when lesson-plan course codes differ from the catalog (0.049041ms)
  ✔ matches chemistry code prefixes without duplicating the subject (0.039041ms)
  ✔ reports unknown subjects instead of silently creating them (0.053667ms)
✔ lesson plan subject matching (1.144125ms)
▶ module mapping
  ✔ reuses Module 1 even when titles are richer (0.087958ms)
✔ module mapping (0.115708ms)
▶ lesson plan source parser
  ✔ parses module and unit labels without assuming five modules (0.875584ms)
  ✔ reads the actual public lesson-plan workbook (60.095667ms)
  ✔ keeps teaching order and does not invent quiz-derived topics (25.976084ms)
✔ lesson plan source parser (87.505084ms)
▶ lesson plan progress
  ✔ is zero when nothing is complete (0.434625ms)
  ✔ computes partial and complete progress without NaN (0.06625ms)
  ✔ reports behind and ahead of plan (0.073541ms)
  ✔ does not divide by zero on an empty plan (0.041625ms)
✔ lesson plan progress (1.073084ms)
▶ lesson plan scheduler
  ✔ schedules Monday/Wednesday/Thursday and skips holidays (0.876333ms)
  ✔ sets plannedDate equal to actualDate on generation (0.227291ms)
  ✔ reports a shortfall instead of dropping topics (0.067166ms)
  ✔ does not invent extra topics when spare teaching hours exist (0.135292ms)
  ✔ respects semester start and blocked dates (0.052459ms)
✔ lesson plan scheduler (1.853583ms)
[env] loaded /Users/nithinkswamy/Documents/GitHub/skillonx-erp/skillonx-erp/.env
▶ library E2E
  ✔ approved student has library membership (46.631791ms)
  ✔ catalog search finds Data Structures (24.1405ms)
  ✔ availability is computed from copy states (10.102417ms)
  ✔ student A cannot access student B loans (11.149333ms)
  ✔ library no-due reflects active obligations (14.382292ms)
  ✔ central no-due includes library domain (35.76175ms)
  ✔ issue and return workflow (55.011542ms)
  ✔ renewal denied when reservation queue exists (14.065667ms)
  ✔ tenant isolation denies cross-college access (7.275292ms)
  ✔ LIBRARIAN role has full library permissions; bare FACULTY has none (0.144416ms)
  ✔ unguarded-route regression: bare FACULTY is denied member-status/renew/lost; COLLEGE_ADMIN is not (50.49125ms)
  ✔ concurrent issue of the same copy: at most one active loan is created (35.058834ms)
  ✔ overdue fine reaches Finance via handoff, and replay stays idempotent (64.396ms)
✔ library E2E (369.430583ms)
[env] loaded /Users/nithinkswamy/Documents/GitHub/skillonx-erp/skillonx-erp/.env
▶ Maintenance / Facilities / IT Helpdesk E2E
  ✔ 1-4. requester can create a ticket, get a ticket number, and see it in My Tickets (27.720958ms)
  ✔ 5. auto-routing is deterministic and explainable (network → IT) (4.711959ms)
  ✔ 6. triage fallback: unmatched category enters the Triage queue (not SUPER_ADMIN) (4.210667ms)
  ✔ 7. manager dashboard surfaces action-required buckets (5.7405ms)
  ✔ 8-11. assign team+technician, acknowledge, start work (4.301042ms)
  ✔ 12-14,20,43. internal notes are hidden from the requester but visible to staff (3.838791ms)
  ✔ 15,22. waiting-for-parts pauses SLA; resuming restores the clock (3.613083ms)
  ✔ 16. approval / parts decision workflow (4.10325ms)
  ✔ 17-19. resolution → requester confirmation → close; then reopen (4.579792ms)
  ✔ 21. SLA due times are computed from category targets at creation (3.834375ms)
  ✔ 22b. seeded breached ticket is reported as BREACHED (3.618125ms)
  ✔ 23. escalation records evidence and raises escalation level (4.310042ms)
  ✔ 24. Lab fault integration uses maintenance_ref and never duplicates the fault (5.88825ms)
  ✔ 25-28. hostel / library / classroom / IT-ERP tickets share the one engine (5.038375ms)
  ✔ 29-30. requester isolation: a requester cannot read another requester’s ticket (4.13825ms)
  ✔ 31. college isolation: cross-college access is refused (5.125042ms)
  ✔ 32-33. technician sees only assigned/team tickets; IT-support scope (5.116416ms)
  ✔ 34. an operator with no work permission (Accountant-like) is a requester only (4.474458ms)
  ✔ 36-37. HOD department oversight & Principal institution oversight (9.445542ms)
  ✔ 38. management aggregate analytics (recurring issues have evidence) (4.480458ms)
  ✔ 40. audit evidence: every ticket action recorded on the timeline (6.165083ms)
  ✔ config: categories/teams/routing rules are college-scoped & seeded (4.806625ms)
  ✔ priority guard: a plain requester cannot force CRITICAL (4.58625ms)
  ✔ 39. direct-load of a ticket by a non-owner staff outside team is refused (5.296042ms)
✔ Maintenance / Facilities / IT Helpdesk E2E (140.15975ms)
[env] loaded /Users/nithinkswamy/Documents/GitHub/skillonx-erp/skillonx-erp/.env
▶ Campus OS Phase 3: preventive maintenance (proven gap only)
  ✔ creates a plan and rejects non-manager roles (RBAC) (78.878083ms)
  ✔ supports asset-less plans (facility-level, no equipment reference) (14.033125ms)
  ✔ generation is idempotent: a due plan generates exactly one ticket, then advances past due (81.421583ms)
  ✔ concurrent generation for the same due plan never double-generates (51.797375ms)
  ✔ tenant isolation: a plan/occurrence cannot be read or generated cross-college (12.339791ms)
  ✔ a generated ticket carries the canonical asset FK and surfaces warranty/AMC for operator decision support (53.63775ms)
  ✔ maintenance activity against an asset is traceable from the asset history (additive, never a status mutation) (51.462541ms)
  ✔ failure recovery: an occurrence recorded without a ticket can be retried without creating a duplicate occurrence (39.561292ms)
✔ Campus OS Phase 3: preventive maintenance (proven gap only) (383.885208ms)
[env] loaded /Users/nithinkswamy/Documents/GitHub/skillonx-erp/skillonx-erp/.env
▶ Management & Executive Portal E2E
  ✔ MANAGEMENT / CHAIRMAN / PRINCIPAL are admitted; FACULTY is not (0.554583ms)
  ✔ FACULTY is denied every executive read (0.390667ms)
  ✔ command center returns KPIs with provenance and no NaN/undefined (557.026916ms)
  ✔ student-count KPI equals an independent canonical count (metric correctness) (438.7675ms)
  ✔ academics / workforce / recruitment / performance / L&D / succession read (420.890667ms)
  ✔ placement / finance / campus read (1930.688125ms)
  ✔ payroll summary is aggregate-only; detail is suppressed for MANAGEMENT (9.325833ms)
  ✔ department scorecards align with the command-center comparison (filter consistency) (600.495667ms)
  ✔ exceptions are deterministic with rule/threshold/scope/timestamp/drilldown (399.497584ms)
  ✔ approvals inbox lists pending items as a DTO (no salary/PII leak) (6.917458ms)
  ✔ MANAGEMENT (view-only) cannot ACT on approvals; capability is required (0.563042ms)
  ✔ an authorized actor reaches the canonical service (dispatch proven via 404 on missing record) (3.958667ms)
  ✔ concurrency: double approval of an already-approved leave yields one stable state (7.437833ms)
  ✔ executive snapshot + CSV export are generated from canonical data (803.489959ms)
  ✔ cross-college executive cannot read this college via manipulated scope (431.530416ms)
  ✔ portal reads do not mutate payroll / appraisal / placement / finance / attendance (2921.703084ms)
  ✔ a college with no data yields clean empty states, not NaN/undefined (42.109125ms)
✔ Management & Executive Portal E2E (8577.077291ms)
[env] loaded /Users/nithinkswamy/Documents/GitHub/skillonx-erp/skillonx-erp/.env
▶ mentoring & student advisory E2E
  ✔ risk engine is explainable (every flag carries a reason) (70.012334ms)
  ✔ mentor dashboard surfaces mentees and summary (41.450833ms)
  ✔ mentor can open Student 360 for an assigned mentee (29.456042ms)
  ✔ non-mentor faculty is denied an unassigned mentee 360 (5.876667ms)
  ✔ session + follow-up + action lifecycle (37.493542ms)
  ✔ confidential mentor notes are hidden from the student view (5.732333ms)
  ✔ escalation reaches HOD department oversight and can be resolved (3.175166ms)
  ✔ HOD department dashboard scopes to the department (2.920667ms)
  ✔ reassignment preserves history (27.549416ms)
  ✔ management analytics are de-identified (no student names / notes) (117.385709ms)
  ✔ risk config is readable and effective (5.496208ms)
✔ mentoring & student advisory E2E (347.37925ms)
[env] loaded /Users/nithinkswamy/Documents/GitHub/skillonx-erp/skillonx-erp/.env
▶ Office Administration final 50-scenario evidence
  ✔ Office Admin login identity (0.453708ms)
  ✔ Office Superintendent login identity (0.040208ms)
  ✔ Student lists Office services (52.285167ms)
  ✔ Student creates request (46.580542ms)
  ✔ Draft save/reload (3.746667ms)
  ✔ Request submit (24.764875ms)
  ✔ Unique request number generated (0.133292ms)
  ✔ Required attachment upload (1.863792ms)
  ✔ Student own-request access (2.072ms)
  ✔ Student cross-request denial (0.613334ms)
  ✔ Faculty administrative service request (44.930125ms)
  ✔ Office inbox contains submitted request (3.238917ms)
  ✔ Assignment to Office Admin (11.912542ms)
  ✔ Reassignment to another authorized Office user (5.747167ms)
  ✔ Staff review (1.533041ms)
  ✔ Clarification requested (12.017625ms)
  ✔ Requester responds to clarification (5.776167ms)
  ✔ Approval (8.485542ms)
  ✔ Rejection (55.852ms)
  ✔ Invalid lifecycle transition denied (0.600542ms)
  ✔ Fee-based Office service creates canonical Finance demand (64.987459ms)
  ✔ Office cannot mark Finance demand paid (0.140542ms)
  ✔ Accountant records/settles payment (0.743708ms)
  ✔ Office reads canonical payment state (1.157292ms)
  ✔ Payment gate blocks processing before settlement (2.872083ms)
  ✔ Payment gate opens after settlement (6.72675ms)
  ✔ Office document/certificate generation (64.299375ms)
  ✔ Unique document number (0.735625ms)
  ✔ Concurrent document numbering (60.4865ms)
  ✔ Document reissue (89.164084ms)
  ✔ Document revocation (3.175166ms)
  ✔ Digital document verification (1.405666ms)
  ✔ Public verification privacy (1.349208ms)
  ✔ Inward correspondence creation (2.714167ms)
  ✔ Inward forwarding (1.605041ms)
  ✔ Inward acknowledgement (2.402208ms)
  ✔ Outward correspondence creation (3.048125ms)
  ✔ Unique outward number (0.649125ms)
  ✔ Concurrent outward numbering (2.55225ms)
  ✔ Dispatch lifecycle (3.738667ms)
  ✔ Administrative file movement (2.184417ms)
  ✔ Current file custodian correctness (3.284375ms)
  ✔ HOD department scope (0.093ms)
  ✔ Principal oversight/approval (0.083208ms)
  ✔ Management aggregate analytics (6.850125ms)
  ✔ Cross-college isolation (0.834209ms)
  ✔ Unauthorized operational role denied (0.168709ms)
  ✔ Internal-note confidentiality (2.041958ms)
  ✔ Audit evidence (15.672792ms)
  ✔ Direct-load/reload/API state persistence (0.521125ms)
  ✔ reports exact Office scenario count (0.066542ms)
✔ Office Administration final 50-scenario evidence (722.976416ms)
[env] loaded /Users/nithinkswamy/Documents/GitHub/skillonx-erp/skillonx-erp/.env
▶ Office closure concurrency evidence
  ✔ 1. document numbering is unique under concurrent issuance (133.99075ms)
  ✔ 2. outward numbering is unique under concurrent transactions (5.387167ms)
  ✔ 3. final issuance is idempotent under concurrent retries (66.5445ms)
✔ Office closure concurrency evidence (292.973ms)
[env] loaded /Users/nithinkswamy/Documents/GitHub/skillonx-erp/skillonx-erp/.env
▶ Office auxiliary freeze evidence
  ✔ Attachment Security: requester and authorized Office access, isolation, and safe storage (4.781958ms)
  ✔ COE Boundary: Office roles have no exam mutation authority and Office data does not write exam tables (1.941292ms)
  ✔ Notifications: canonical supported Office events are tenant/request scoped and idempotent (86.947334ms)
  ✔ HOD Scope: Office queue, assignment, analytics, and mutations are unavailable (14.672ms)
✔ Office auxiliary freeze evidence (277.501333ms)
▶ Office RBAC isolation matrix
  ✔ STUDENT has intentional Office boundaries (0.423ms)
  ✔ FACULTY has intentional Office boundaries (0.032333ms)
  ✔ HOD has intentional Office boundaries (0.0285ms)
  ✔ OFFICE_ADMIN has intentional Office boundaries (0.026208ms)
  ✔ OFFICE_SUPERINTENDENT has intentional Office boundaries (0.028917ms)
  ✔ PRINCIPAL has intentional Office boundaries (0.298375ms)
  ✔ MANAGEMENT has intentional Office boundaries (0.036333ms)
  ✔ ACCOUNTANT has intentional Office boundaries (0.025958ms)
  ✔ COE has intentional Office boundaries (0.034792ms)
  ✔ ADMISSIONS_OFFICER has intentional Office boundaries (0.059333ms)
  ✔ LAB_ASSISTANT has intentional Office boundaries (0.030458ms)
  ✔ MAINTENANCE has intentional Office boundaries (0.020292ms)
  ✔ LIBRARIAN has intentional Office boundaries (0.0215ms)
  ✔ WARDEN has intentional Office boundaries (0.016459ms)
  ✔ TRANSPORT has intentional Office boundaries (0.019583ms)
  ✔ T&P has intentional Office boundaries (0.019917ms)
  ✔ HR has intentional Office boundaries (0.019416ms)
  ✔ SUPER_ADMIN has intentional Office boundaries (0.016584ms)
  ✔ all 18 role categories are represented (0.034417ms)
✔ Office RBAC isolation matrix (1.803083ms)
[env] loaded /Users/nithinkswamy/Documents/GitHub/skillonx-erp/skillonx-erp/.env
▶ parent guardian portal E2E
  ✔ authenticates a verified parent account (54.136833ms)
  ✔ rejects wrong parent credentials (41.549375ms)
  ✔ lists only verified active linked children (2.372459ms)
  ✔ allows linked child access and denies unrelated / inactive links (1.918041ms)
  ✔ supports multi-child parent context (43.587166ms)
  ✔ denies cross-college manipulated student access (0.485583ms)
  ✔ returns linked attendance and denies attendance IDOR (15.107584ms)
  ✔ returns released academics/results only through result services (28.002708ms)
  ✔ returns finance and receipt data only for linked child (16.148583ms)
  ✔ returns hostel and transport read-only visibility for linked child (23.095166ms)
  ✔ exposes only parent-visible mentoring interactions (5.614ms)
  ✔ supports parent leave approval and parent-initiated leave only for linked children (161.935625ms)
  ✔ does not expose grievance, welfare, HR, faculty, or T&P administration surfaces (25.632375ms)
  ✔ loads parent-visible notices without exposing staff-only notices (1.48375ms)
  ✔ supports parent password change using existing password policy (320.600792ms)
✔ parent guardian portal E2E (953.639833ms)
[env] loaded /Users/nithinkswamy/Documents/GitHub/skillonx-erp/skillonx-erp/.env
▶ placement E2E
  ✔ Aarav academic profile has CGPA from canonical record (54.341042ms)
  ✔ Aarav is eligible for SkillonX opportunity (19.062083ms)
  ✔ low CGPA student is NOT_ELIGIBLE for CGPA rule (12.8865ms)
  ✔ duplicate application is rejected (35.509667ms)
  ✔ ineligible student direct apply returns NOT_ELIGIBLE (15.180292ms)
  ✔ analytics distinguish unique students placed from total offers (14.366209ms)
  ✔ accepted offer updates student placement status without marking JOINED (8.2205ms)
  ✔ tenant isolation — cross-college application denied (7.726625ms)
  ✔ student can read own application detail with eligibility snapshot (10.911ms)
✔ placement E2E (178.996333ms)
▶ unified T&P lifecycle E2E
  ✔ T&P Officer is canonical employee and faculty remains FACULTY (5865.223542ms)
  ✔ Department coordinator is faculty plus department T&P; ending assignment keeps faculty (5339.798584ms)
  ✔ overlapping T&P Officer assignments are rejected (5821.736916ms)
  ✔ company create/update is tenant-scoped; drive publish/eligibility/deadline/invalid transition (5823.487041ms)
  ✔ eligible apply, duplicate blocked, student isolation, shortlist, offer privacy (5806.329084ms)
  ✔ training registration, capacity, attendance, department scope (5778.6465ms)
  ✔ department A coordinator cannot access department B student profile (5548.540916ms)
  ✔ Principal management analytics is college-scoped; audit records company create (5721.659833ms)
✔ unified T&P lifecycle E2E (45705.792833ms)
[env] loaded /Users/nithinkswamy/Documents/GitHub/skillonx-erp/skillonx-erp/.env
▶ Super Admin & Platform Governance
  ▶ capability RBAC wall
    ✔ SUPER_ADMIN holds every platform capability (0.395542ms)
    ✔ tenant roles are denied platform capabilities (7.148791ms)
  ✔ capability RBAC wall (7.937042ms)
  ▶ platform dashboard
    ✔ aggregates tenants/users against independent counts (36325.662667ms)
  ✔ platform dashboard (36325.8575ms)
  ▶ tenant creation
    ✔ provisions tenant + default admin + default modules transactionally (59.166916ms)
    ✔ rejects duplicate code and stays atomic under concurrency (52.760042ms)
  ✔ tenant creation (112.177375ms)
  ▶ tenant lifecycle
    ✔ activates, suspends and reactivates with valid transitions only (74.242041ms)
  ✔ tenant lifecycle (74.314042ms)
  ▶ module governance
    ✔ enforces dependency rules on enable and disable (68.925042ms)
    ✔ disable preserves data and enable is idempotent (94.294875ms)
  ✔ module governance (163.343875ms)
  ▶ bootstrap & escalation protection
    ✔ blocks deactivating the only active Super Admin (5.237875ms)
    ✔ blocks demoting the last Super Admin (4.836667ms)
    ✔ only a Super Admin can grant the Super Admin role (1.277875ms)
  ✔ bootstrap & escalation protection (11.446125ms)
  ▶ capability governance
    ✔ rejects capabilities outside the registry (0.082042ms)
    ✔ grants and revokes a real capability idempotently and protects SUPER_ADMIN (5.696708ms)
  ✔ capability governance (5.827834ms)
  ▶ integration secret safety
    ✔ never returns the raw secret and stores only a masked tail (6.198417ms)
  ✔ integration secret safety (6.235459ms)
  ▶ platform health
    ✔ reports typed statuses, database healthy, no secret leakage (0.406792ms)
  ✔ platform health (0.442708ms)
  ▶ config validation
    ✔ returns deterministic issues for a gapped tenant (57.445583ms)
  ✔ config validation (57.500916ms)
  ▶ audit trail
    ✔ records privileged tenant changes and is searchable (1.289625ms)
  ✔ audit trail (1.339042ms)
  ▶ source-of-truth invariants
    ✔ governance operations do not mutate frozen operational domains (37030.792709ms)
  ✔ source-of-truth invariants (37030.866291ms)
  ▶ feature flags
    ✔ lists seeded flags and supports create/read/update of global state (15.551167ms)
    ✔ rejects unknown / malformed flag keys (0.206833ms)
    ✔ tenant overrides are isolated and cannot target missing tenants (108.301417ms)
    ✔ feature flags do not grant platform capabilities (RBAC remains authoritative) (6.831958ms)
  ✔ feature flags (131.048667ms)
  ▶ master templates & adoption
    ✔ creates/lists platform templates and adopts an immutable tenant snapshot (58.977459ms)
  ✔ master templates & adoption (59.024375ms)
  ▶ tenant settings & branding
    ✔ validates typed settings and rejects bad prefixes (53.357791ms)
    ✔ rejects unsafe branding markup and invalid colours (52.451583ms)
  ✔ tenant settings & branding (105.877291ms)
  ▶ announcements
    ✔ targets selected tenants and isolates untargeted colleges (110.679833ms)
    ✔ requires targets for SELECTED audience (0.151208ms)
  ✔ announcements (110.873167ms)
✔ Super Admin & Platform Governance (74620.167958ms)
[env] loaded /Users/nithinkswamy/Documents/GitHub/skillonx-erp/skillonx-erp/.env
▶ Campus OS Phase 1: GRN idempotency
  ✔ a client replay with the same idempotency key returns the original GRN and does not double-post stock (137.1965ms)
  ✔ concurrent replay of the same idempotency key is safe under real DB concurrency (59.106792ms)
  ✔ a different idempotency key legitimately creates a second, independent partial GRN (59.8595ms)
✔ Campus OS Phase 1: GRN idempotency (256.708375ms)
▶ Campus OS Phase 1: Asset handoff (GRN -> P0.2 Asset Management)
  ✔ registers exactly one asset per accepted unit, and is idempotent on replay (75.13325ms)
  ✔ rejects handoff for a non-ASSET_TRACKABLE item (a normal CONSUMABLE GRN line) (49.516959ms)
  ✔ rejects a mismatched asset-registration count vs. accepted quantity (54.990875ms)
  ✔ rejects handoff RBAC for a role without procurement.asset.handoff (62.181167ms)
  ✔ cross-college actor cannot hand off another college's GRN line (56.259667ms)
  ✔ concurrent handoff of the same GRN line is safe under real DB concurrency (no duplicate assets, one handoff record) (78.552291ms)
  ✔ getAssetHandoff returns null before handoff and the record afterward (76.214958ms)
✔ Campus OS Phase 1: Asset handoff (GRN -> P0.2 Asset Management) (453.217042ms)
▶ stores and procurement canonical web module
  ✔ item/store/vendor masters enforce duplicate and tenant protection (29.691291ms)
  ✔ indent workflow blocks self-approval and cross-department HOD approval (43.648625ms)
  ✔ PO lifecycle rejects invalid transitions and supports partial GRN receipt (52.04375ms)
  ✔ concurrent GRNs cannot over-receive a purchase order (61.235959ms)
  ✔ concurrent stock issues cannot drive inventory negative (48.981167ms)
  ✔ transfers are atomic and protect source stock (51.351542ms)
  ✔ returns cannot exceed issued quantity under concurrency (53.246792ms)
  ✔ Campus OS Phase 0: vendor directory is tenant-scoped and findVendorRef degrades gracefully (32.45675ms)
  ✔ Finance handoff is idempotent for duplicate requests (52.04425ms)
✔ stores and procurement canonical web module (425.081292ms)
[env] loaded /Users/nithinkswamy/Documents/GitHub/skillonx-erp/skillonx-erp/.env
▶ validateAnswerAgainstQuestion
  ✔ accepts a valid selected option (0.454167ms)
  ✔ rejects a selected option that does not belong to the question (0.087541ms)
  ✔ accepts an in-range numeric rating answer (0.046166ms)
  ✔ rejects an out-of-range numeric rating answer (0.043834ms)
  ✔ rejects an empty required text answer (0.043083ms)
  ✔ rejects checkbox options outside the question (0.047375ms)
✔ validateAnswerAgainstQuestion (1.20275ms)
[env] loaded /Users/nithinkswamy/Documents/GitHub/skillonx-erp/skillonx-erp/.env
▶ internal question paper ownership
  ✔ allows owning faculty to read and mutate (0.35225ms)
  ✔ forbids peer faculty from private internal papers (0.037333ms)
  ✔ hides cross-college as NOT_FOUND (0.0345ms)
  ✔ allows college admin (0.031042ms)
  ✔ does not grant COE confidential paper content access by default (0.030083ms)
✔ internal question paper ownership (0.952791ms)
▶ standard IA pattern
  ✔ is 20 + 20 + 10 = 50 (0.911792ms)
  ✔ printed marks exceed required when OR alternatives are included (0.067125ms)
✔ standard IA pattern (1.423541ms)
▶ syllabus scope filtering
  ✔ never admits a Module 1 question into a Module 3+4 paper (0.276417ms)
  ✔ excludes CO_MAPPING_BLOCKED and NEEDS_REVIEW from the usable pool (0.0655ms)
✔ syllabus scope filtering (0.394625ms)
▶ generation stays on the 50-mark blueprint
  ✔ fills 20+20+10 using in-scope 10-mark questions (0.461083ms)
✔ generation stays on the 50-mark blueprint (0.492166ms)
▶ paper validation messages
  ✔ names the question when scheme totals do not match marks (0.428ms)
✔ paper validation messages (0.477833ms)
▶ mandatory OR-pair validation
  ✔ flags a slot printed without its OR alternative (0.232ms)
  ✔ rejects an OR pair whose alternatives come from different modules (0.15ms)
  ✔ accepts a balanced 20 OR 20 / 20 OR 20 / 10 OR 10 paper (answerable 50, printed 100) (0.1045ms)
  ✔ pairs an OR alternative from the same module as its partner (0.597166ms)
✔ mandatory OR-pair validation (1.147ms)
▶ RBT mapping
  ✔ maps Bloom names to L1–L6 (0.054584ms)
✔ RBT mapping (0.074375ms)
▶ legacy blueprint validation still accepts equal totals
  ✔ rejects duplicates (0.1345ms)
✔ legacy blueprint validation still accepts equal totals (0.162541ms)
[env] loaded /Users/nithinkswamy/Documents/GitHub/skillonx-erp/skillonx-erp/.env
▶ question paper db e2e
  ✔ imports library rows, generates IA-1 from CO plan, snapshots on finalize, isolates ownership (766.771416ms)
✔ question paper db e2e (767.511917ms)
[env] loaded /Users/nithinkswamy/Documents/GitHub/skillonx-erp/skillonx-erp/.env
▶ real PDF extraction
  ✔ extracts MCA 2023 Even merged file into individual papers with questions (820.742708ms)
✔ real PDF extraction (821.208208ms)
▶ internal QP generator
  ✔ builds 50-mark slots from CO Evaluation distribution (0.400417ms)
  ✔ selects exact total marks and CO distribution without duplicates (5.636625ms)
  ✔ can restrict to previous-year source only (0.154917ms)
  ✔ rejects duplicate fingerprints in validation (0.192209ms)
  ✔ fills remaining slots without dropping already selected questions (0.087916ms)
  ✔ excludes recent previous-year repeats when configured (0.464459ms)
  ✔ never selects non-PYQ sources even if they are in the pool (0.100625ms)
  ✔ never selects a Module 4 question when only Module 1 is in scope (0.093208ms)
✔ internal QP generator (7.667042ms)
[env] loaded /Users/nithinkswamy/Documents/GitHub/skillonx-erp/skillonx-erp/.env
▶ module mapping
  ✔ uses paper module heading rather than question number (0.760334ms)
  ✔ maps by question intent when heading is absent — not Qn = Module n (0.08625ms)
  ✔ does not blindly map Q1 to Module 1 when topics belong to another module (0.085416ms)
  ✔ keeps an explicit paper Module-1 heading even when the topic is normalization (0.068333ms)
✔ module mapping (1.473208ms)
▶ CO mapping is not Module N = CO N
  ✔ maps normalization intent to CO about normalization even under Module 1 heading (4.954125ms)
  ✔ blocks CO mapping when the subject has no outcomes (0.046125ms)
✔ CO mapping is not Module N = CO N (5.058709ms)
[env] loaded /Users/nithinkswamy/Documents/GitHub/skillonx-erp/skillonx-erp/.env
▶ paper metadata extraction
  ✔ reads course code, subject, marks, duration, exam type from header (1.379083ms)
  ✔ detects makeup/supplementary from content not only filename (0.079541ms)
  ✔ extracts header course code even when USN comes first (0.132458ms)
✔ paper metadata extraction (2.065083ms)
▶ question extraction
  ✔ splits module-wise subquestions and preserves OR groups (3.008208ms)
  ✔ preserves 10-mark VTU IA subquestions and both OR alternatives (DBMS reference paper) (0.410959ms)
  ✔ does not concatenate subquestions without per-part marks tracking (0.122958ms)
  ✔ marks MARKS_UNRESOLVED when marks are not visible (0.399ms)
  ✔ preserves original wording and printed CO/RBT without rewriting (0.0765ms)
  ✔ does not invent questions from empty letter stubs (0.061834ms)
✔ question extraction (4.196667ms)
▶ MCQ papers
  ✔ parses numbered 1-mark questions when instructed as fifty questions (0.260709ms)
✔ MCQ papers (0.291625ms)
▶ duplicate paper collapse
  ✔ keeps the richer extraction when the same paper_id appears twice (145.73725ms)
✔ duplicate paper collapse (145.768792ms)
▶ merged document split
  ✔ uses INDEX + Degree Examination headers to split papers (1.585375ms)
✔ merged document split (1.615708ms)
▶ ids and dates
  ✔ builds stable paper ids (0.031125ms)
  ✔ parses Dec/Jan as January of the later year (0.030083ms)
✔ ids and dates (0.086291ms)
▶ index parser
  ✔ reads subject rows from INDEX pages (0.180833ms)
✔ index parser (0.20475ms)
▶ positional (coordinate-aware) extraction
  ✔ rebuilds a VTU OR pair with subquestions and marks from column geometry (old scheme) (1.402292ms)
  ✔ extracts M/L/C columns (new 2022 scheme) as marks, RBT and CO (0.89625ms)
  ✔ ignores in-question data tables sitting in the middle columns (0.134417ms)
  ✔ recovers Q-number sharing a baseline with Important Note footer (0.121625ms)
  ✔ recovers Q3 when footer has a stray leading glyph (fImportant Note) (0.084167ms)
  ✔ recovers continuation-page Q after USN header cell on the same line (0.0895ms)
  ✔ does not treat footer page counters or malpractice note numbers as questions (0.057125ms)
  ✔ keeps multi-page continuation attached and records per-question source page (0.095416ms)
✔ positional (coordinate-aware) extraction (2.950708ms)
▶ wrapped subject title
  ✔ reconstructs multi-line subject title between exam header and Time (0.121041ms)
✔ wrapped subject title (0.1405ms)
▶ paper QA classification
  ✔ flags truncated source when pagesSeen < printed totalK (0.241209ms)
  ✔ treats MBA-style 8-question paper as special format, not parser defect (0.105875ms)
✔ paper QA classification (0.371542ms)
▶ master question bank source policy
  ✔ treats only previous-year papers as a valid question source (0.342458ms)
  ✔ does not mark a question READY without PYQ + textbook-backed solution + scheme (0.161042ms)
  ✔ keeps historical printed CO when it disagrees with current mapping (0.052084ms)
  ✔ reports insufficient PYQ coverage instead of inventing questions (0.093ms)
✔ master question bank source policy (1.106958ms)
▶ master source classification
  ✔ classifies by real provenance: SEE→VTU_SEE_PYQ, explicit module bank→MODULE_QUESTION_BANK, else OTHER_SOURCE (0.406875ms)
  ✔ only allows VTU SEE PYQ and Module Question Bank sources (0.056041ms)
✔ master source classification (0.896209ms)
▶ SEE-first source priority
  ✔ prefers VTU SEE PYQ when both SEE and Module Bank candidates exist (0.768084ms)
  ✔ does NOT use Module Bank when enough SEE questions exist (0 fallback) (0.135041ms)
  ✔ falls back to Module Question Bank for the partner when SEE cannot supply a second alternative (0.621792ms)
  ✔ uses Module Bank when no eligible SEE candidate exists at all (0.116875ms)
  ✔ throws INSUFFICIENT_QUESTION_COVERAGE when neither source can fill a slot (0.131041ms)
  ✔ never auto-selects OTHER_SOURCE (non-SEE PYQ) even to complete the paper (0.07325ms)
  ✔ uses a GENUINE Module Question Bank question (not a non-SEE PYQ) as fallback (0.111ms)
  ✔ ranks a SEE question above a stronger Module Bank question (source priority first) (0.117667ms)
✔ SEE-first source priority (2.220333ms)
▶ finalization source validation
  ✔ accepts a mixed OR pair (A = VTU SEE, B = Module Bank) with equal marks and same module (0.419583ms)
  ✔ rejects finalization when any component has a forbidden source (0.145209ms)
✔ finalization source validation (0.601791ms)
▶ sourceSummaryFromItems
  ✔ summarizes 5/6 SEE + 1/6 Module Bank fallback with a reason (0.118875ms)
  ✔ treats a 20-mark alternative built partly from Module Bank as a fallback alternative (0.036458ms)
✔ sourceSummaryFromItems (0.17875ms)
▶ module hard filter and OR quality
  ✔ never borrows from another module even when that module has excellent candidates (0.169875ms)
  ✔ avoids near-duplicate OR alternatives when a distinct SEE partner exists (0.127208ms)
  ✔ includes module and slot detail in shortage errors (0.065083ms)
  ✔ excludes unverified SEE extraction from automatic selection (0.065542ms)
✔ module hard filter and OR quality (0.467291ms)
[env] loaded /Users/nithinkswamy/Documents/GitHub/skillonx-erp/skillonx-erp/.env
▶ VTU OR / module structure
  ✔ recognises the standard five-module Q1–Q10 paper (0.623375ms)
  ✔ does not invent OR pairs for an MCQ paper (0.048167ms)
  ✔ keeps both alternatives as separate questions after parse (2.481583ms)
  ✔ overrides a standard-pair guess when syllabus topics disagree (0.287541ms)
✔ VTU OR / module structure (3.931375ms)
[env] loaded /Users/nithinkswamy/Documents/GitHub/skillonx-erp/skillonx-erp/.env
▶ coMapping helpers
  ✔ tokenizes academic text and drops stop words (0.425ms)
  ✔ maps by intent keywords — never Module N = CO N (4.914167ms)
  ✔ blocks mapping when the subject has no course outcomes (0.0485ms)
  ✔ marks needs review when overlap is weak (0.075208ms)
  ✔ snapshots derived outcomes to code lists (0.529375ms)
✔ coMapping helpers (6.482416ms)
[env] loaded /Users/nithinkswamy/Documents/GitHub/skillonx-erp/skillonx-erp/.env
▶ decideQuizAccess
  ✔ lets a faculty member manage their own quiz (0.367208ms)
  ✔ forbids a faculty member from another faculty member's quiz in the same college (0.037917ms)
  ✔ lets a college admin manage any quiz in their institution (0.033792ms)
  ✔ hides cross-college quizzes from a college admin as NOT_FOUND (0.034208ms)
  ✔ hides cross-college quizzes from faculty as NOT_FOUND (never FORBIDDEN) (0.033ms)
  ✔ lets a super admin manage quizzes across institutions (0.03025ms)
✔ decideQuizAccess (1.026709ms)
▶ canManageAllQuizzes
  ✔ is true only for admin roles (0.043375ms)
✔ canManageAllQuizzes (0.085417ms)
[env] loaded /Users/nithinkswamy/Documents/GitHub/skillonx-erp/skillonx-erp/.env
▶ quiz CO mapping quality gates
  ✔ does not map shallow SQL acronym recall to a design-normalized-schema CO (0.635166ms)
  ✔ prefers definitional CO for definitional questions (0.319834ms)
  ✔ marks subjects without COs as blocked (no fabricated COs) (0.038084ms)
✔ quiz CO mapping quality gates (1.448ms)
▶ quiz academic coverage
  ✔ reports per-CO counts (0.058458ms)
✔ quiz academic coverage (0.104084ms)
▶ question replacement prefers Primary CO
  ✔ preserves Primary CO when inventory allows (0.141083ms)
✔ question replacement prefers Primary CO (0.193583ms)
▶ CO Performance aggregation (not attainment)
  ✔ computes CO1 50% and CO2 100% for the required example (0.199833ms)
  ✔ preserves grading regression for correct/incorrect scoring (0.048791ms)
✔ CO Performance aggregation (not attainment) (0.317125ms)
▶ quiz.md CO metadata (backward compatible)
  ✔ parses Primary CO fields without breaking classic questions (1.146292ms)
✔ quiz.md CO metadata (backward compatible) (1.17775ms)
▶ snapshot CO fields do not alter public student payload contract
  ✔ keeps answer-key free public shape (3.720625ms)
✔ snapshot CO fields do not alter public student payload contract (3.758541ms)
▶ quiz generator selection
  ✔ selects 10 Easy + 5 Intermediate + 5 Difficult = 20 (0.6515ms)
  ✔ selects 0 Easy + 10 Intermediate + 10 Difficult = 20 (0.084083ms)
  ✔ uses only selected modules (0.085959ms)
  ✔ never selects another subject (0.061333ms)
  ✔ Easy request returns only EASY (0.070417ms)
  ✔ Intermediate request returns only INTERMEDIATE (0.05125ms)
  ✔ Difficult request returns only DIFFICULT (0.050084ms)
  ✔ insufficient inventory returns a clean validation error (0.169583ms)
  ✔ never selects NEEDS_REVIEW questions (0.0945ms)
  ✔ does not select duplicate fingerprint groups twice (0.095083ms)
  ✔ balances Easy=9 across three modules as 3/3/3 (0.103417ms)
  ✔ redistributes when one module has insufficient Easy inventory (0.077375ms)
  ✔ replace keeps difficulty and never duplicates a quiz question (0.103708ms)
  ✔ regenerate-equivalent selection preserves criteria counts (0.662708ms)
✔ quiz generator selection (2.923ms)
▶ single-choice grading
  ✔ awards full marks for the correct option (0.37375ms)
  ✔ awards 0 for an incorrect option (0.053875ms)
  ✔ awards 0 when unanswered (0.039875ms)
✔ single-choice grading (0.917916ms)
▶ multiple-select grading
  ✔ requires all correct selections and no incorrect ones (0.063667ms)
✔ multiple-select grading (0.101875ms)
▶ true/false grading
  ✔ grades a true/false item as single choice (0.043792ms)
✔ true/false grading (0.07025ms)
▶ numeric grading
  ✔ accepts an answer within tolerance and rejects string-style mismatch outside it (0.074833ms)
✔ numeric grading (0.128417ms)
▶ score calculation
  ✔ sums marks, percentage, and pass/fail (0.1095ms)
  ✔ fails below the pass percentage (0.048ms)
✔ score calculation (0.225ms)
▶ attempt limits and timer
  ✔ resumes an in-progress attempt instead of consuming another (0.066792ms)
  ✔ blocks a second start when the attempt limit is reached (0.048083ms)
  ✔ allows unlimited attempts when attemptsAllowed is 0 (0.0335ms)
  ✔ computes expiry from server start time, not the browser clock (0.570875ms)
✔ attempt limits and timer (0.768375ms)
▶ answer-key leak prevention
  ✔ public question payloads contain none of the forbidden grading keys (0.569292ms)
  ✔ detects a leak if grading metadata is accidentally included (0.065542ms)
  ✔ hides the answer key until release policy allows it (0.033708ms)
✔ answer-key leak prevention (0.70275ms)
▶ question snapshot immutability
  ✔ later edits to the live question do not change a stored attempt snapshot (0.097458ms)
✔ question snapshot immutability (0.388208ms)
[env] loaded /Users/nithinkswamy/Documents/GitHub/skillonx-erp/skillonx-erp/.env
▶ question import parsers
  ✔ parses module-wise MCQ text with a verified answer key (1.064333ms)
  ✔ marks questions without an answer key as NEEDS_REVIEW and does not guess (0.11525ms)
  ✔ parses CSV rows (0.178833ms)
  ✔ parses structured JSON without inventing answers (0.115167ms)
  ✔ parses assessment quiz.md headings, options, answers and difficulty (0.963583ms)
✔ question import parsers (2.995959ms)
[env] loaded /Users/nithinkswamy/Documents/GitHub/skillonx-erp/skillonx-erp/.env
▶ Campus OS Phase 6: Research grants administration
  ✔ runs the full lifecycle: create -> submit -> HOD approve -> Coordinator approve -> award -> convert -> utilization -> close (160.66475ms)
  ✔ rejects illegal transitions: cannot award a DRAFT/REJECTED proposal; cannot convert before AWARDED; a CANCELLED project cannot be closed (90.6205ms)
  ✔ prevents self-approval: a PI/Co-PI/team member cannot review a proposal they are on even if they hold HOD/RESEARCH_COORDINATOR role (57.365667ms)
  ✔ generates distinct project codes under concurrent conversions for different proposals (109.208667ms)
  ✔ convertToProject is idempotent and concurrency-safe for the same proposal: exactly one project row results (62.361167ms)
  ✔ closeProject is idempotent under concurrency: both calls succeed with the same end state (65.749167ms)
  ✔ enforces tenant isolation / IDOR: cross-college access returns not found for reads and mutations (24.120834ms)
  ✔ enforces RBAC: FACULTY cannot review/award/close/manage funding agencies; HOD is department-scoped (53.410125ms)
  ✔ rejects awarding an already-AWARDED proposal a second time (not silently accepted) (56.907125ms)
  ✔ handles a department-less proposal by routing straight to Coordinator review (40.838333ms)
✔ Campus OS Phase 6: Research grants administration (722.139458ms)
[env] loaded /Users/nithinkswamy/Documents/GitHub/skillonx-erp/skillonx-erp/.env
▶ Campus OS Phase 4: Security, Gate & Visitor Management
  ✔ runs the full visit lifecycle: request -> approve -> check-in -> check-out (88.572917ms)
  ✔ rejects illegal transitions (cannot check in a rejected/cancelled/checked-out visit) (60.608167ms)
  ✔ an expired visit cannot be approved or checked in again (29.579375ms)
  ✔ two simultaneous check-in requests for the same visit: only one succeeds (25.106375ms)
  ✔ checkout is idempotent under concurrency: only one succeeds, no duplicate history (28.94425ms)
  ✔ enforces tenant isolation / IDOR: cross-college access returns not found (24.67675ms)
  ✔ enforces RBAC: SECURITY_GUARD cannot approve; unrelated FACULTY role is denied entirely (23.278125ms)
  ✔ validates the host server-side: unknown or inactive host is rejected, never trusting client input (15.851125ms)
  ✔ vendor/contractor visits reference the canonical procurement vendor master (19.5155ms)
  ✔ logs and manages security incidents, privacy-scoped from unrelated roles (26.430583ms)
✔ Campus OS Phase 4: Security, Gate & Visitor Management (343.317208ms)
[env] loaded /Users/nithinkswamy/Documents/GitHub/skillonx-erp/skillonx-erp/.env
▶ Grievance & Student Welfare closure
  ✔ 1. student lists canonical categories (88.045ms)
  ✔ 2. student submits a normal case with a tenant-scoped case number (39.237459ms)
  ✔ 3. requester sees own case but not another student case (20.04725ms)
  ✔ 4. cross-college requester cannot read another college case (16.797458ms)
  ✔ 5. HOD scope permits own department academic cases (30.836292ms)
  ✔ 6. HOD department isolation denies other department cases (16.763792ms)
  ✔ 7. restricted welfare case routes to welfare and denies HOD (18.17125ms)
  ✔ 8. management receives only de-identified aggregate analytics (39.386208ms)
  ✔ 9. management raw-case access is denied (15.133ms)
  ✔ 10. unauthorized ERP roles cannot browse raw grievance cases (14.224667ms)
  ✔ 11. super admin is configuration-only, not default case handler (15.213334ms)
  ✔ 12. triage records classification and official priority (21.541458ms)
  ✔ 13. assignment and reassignment preserve assignment history (34.7025ms)
  ✔ 14. clarification request and student response use requester-visible messages (31.015542ms)
  ✔ 15. internal notes never appear in the student payload (20.901667ms)
  ✔ 16. restricted internal notes are hidden from non-eligible HODs (18.611792ms)
  ✔ 17. maintenance referral stores only safe reference, not duplicate maintenance workflow (22.842959ms)
  ✔ 18. finance grievance cannot grant Accountant raw narrative access (13.726ms)
  ✔ 19. examination grievance cannot grant COE raw narrative access (14.229375ms)
  ✔ 20. mentoring referral does not expose confidential welfare details to mentor (11.653ms)
  ✔ 21. valid lifecycle transition resolves case (37.057ms)
  ✔ 22. resolution is idempotent under retry (29.395834ms)
  ✔ 23. student feedback can mark resolution unresolved without closing (32.294834ms)
  ✔ 24. student can acknowledge and close a resolved case (30.430791ms)
  ✔ 25. reopen preserves history and increments counter (31.271041ms)
  ✔ 26. appeal preserves original history and routes upward (32.038791ms)
  ✔ 27. principal oversight can see non-restricted escalated case (33.081125ms)
  ✔ 28. principal does not automatically defeat restricted raw access (16.349291ms)
  ✔ 29. anonymous reporting is deferred safely and not falsely advertised (0.233083ms)
  ✔ 30. case numbering is concurrency-safe (17.0665ms)
  ✔ 31. assignment concurrency preserves final owner and history (29.287959ms)
  ✔ 32. search respects restricted-case authorization (20.6845ms)
  ✔ 33. dashboard separates restricted counts from general queues (24.67175ms)
  ✔ 34. SLA fields are populated for submitted cases (11.791542ms)
  ✔ 35. notifications avoid confidential narrative in stored message body (111.739917ms)
  ✔ 36. audit records privileged mutation evidence (36.840792ms)
  ✔ 37. requester-visible timeline excludes internal note text (31.453084ms)
  ✔ 38. hostel, transport, library, lab and placement categories route as references only (100.9005ms)
  ✔ 39. requester can download own grievance attachment (21.373708ms)
  ✔ 40. another same-college student cannot download the attachment (14.936458ms)
  ✔ 41. cross-college student receives no attachment record (17.790666ms)
  ✔ 42. grievance officer can download normal case attachment (13.32475ms)
  ✔ 43. unrelated finance role cannot read finance-category grievance attachment (14.058458ms)
  ✔ 44. HOD can read own-department academic grievance attachment (12.977584ms)
  ✔ 45. HOD cannot read restricted grievance attachment (15.205125ms)
  ✔ 46. welfare officer can read restricted welfare attachment (16.471875ms)
  ✔ 47. principal oversight does not grant restricted attachment download (15.560833ms)
  ✔ 48. grievance attachment storage keys cannot escape the grievance upload root (13.04675ms)
  ✔ 49. student case payload includes attachment metadata but never file body (20.588042ms)
  ✔ 50. raw-eligible officer sees restricted attachment metadata on restricted case (14.8375ms)
  ✔ 51. redacted principal restricted view hides restricted attachment metadata (18.12575ms)
  ✔ 52. super admin configuration role cannot download grievance attachments (13.202709ms)
  ✔ 53. management cannot download raw grievance attachments (12.785833ms)
  ✔ 54. office role cannot download administrative grievance attachments (13.493791ms)
  ✔ 55. COE role cannot download examination grievance attachments (12.357041ms)
  ✔ 56. transport role cannot download transport grievance attachments (13.0365ms)
  ✔ 57. assigned faculty cannot bypass restricted-case attachment controls (29.048542ms)
  ✔ 58. college admin can download normal attachments but not restricted-case attachments (29.519ms)
  ✔ 59. welfare officer cannot browse unrelated normal academic attachment (12.259292ms)
  ✔ 60. authorized metadata does not mask a missing attachment file (16.581583ms)
✔ Grievance & Student Welfare closure (1492.636042ms)
[env] loaded /Users/nithinkswamy/Documents/GitHub/skillonx-erp/skillonx-erp/.env
▶ Lecturer Portal — student leave/permission requests E2E
  ✔ leave and permission types are installed and route to mentor / coordinator (99.126875ms)
  ✔ canActAsRole enforces the mentor relationship (no cross-mentor act) (6.477958ms)
  ✔ leave approval reconciles attendance idempotently (ABSENT → EXCUSED, no duplicates) (201.365167ms)
  ✔ mentor inbox is relationship-scoped (11.354958ms)
✔ Lecturer Portal — student leave/permission requests E2E (318.878875ms)
▶ Lecturer Portal — mentee snapshot (§1)
  ✔ enriched mentee snapshot exposes portfolio + academic indicators and filters (33.874292ms)
✔ Lecturer Portal — mentee snapshot (§1) (33.95125ms)
▶ Lecturer Portal — class coordinator (§3)
  ✔ coordinator workspace is scoped, non-coordinator faculty is denied, banner is authoritative (41.63775ms)
✔ Lecturer Portal — class coordinator (§3) (41.731667ms)
[env] loaded /Users/nithinkswamy/Documents/GitHub/skillonx-erp/skillonx-erp/.env
▶ Campus OS Phase 9: Student & Registrar Services
  ✔ Transfer Certificate: blocked while dues are outstanding, then succeeds once cleared (846.508084ms)
  ✔ Migration Certificate: institution-issued content generated end-to-end after clearance (415.355833ms)
  ✔ Course Completion Certificate generates end-to-end (440.406417ms)
  ✔ Duplicate Certificate: original stays VALID, new document is separately numbered and idempotent on retry (502.794792ms)
  ✔ Duplicate Certificate rejects a REVOKED original (must be reissued, not duplicated) (705.24ms)
  ✔ Duplicate Certificate: tenant isolation — cannot duplicate another college's document (622.458ms)
  ✔ DOB correction: applies to the authoritative Student record only through the controlled correction flow (501.283334ms)
✔ Campus OS Phase 9: Student & Registrar Services (4035.425917ms)
[env] loaded /Users/nithinkswamy/Documents/GitHub/skillonx-erp/skillonx-erp/.env
▶ student services E2E
  ✔ student services home lists request types (133.205833ms)
  ✔ bonafide request workflow: submit → approve → certificate (178.374917ms)
  ✔ tenant isolation: student cannot access other student certificate (11.3365ms)
  ✔ grievance: submit and staff resolve (62.27725ms)
  ✔ mentor meeting: request and schedule (61.064791ms)
  ✔ invalid verification code returns 404 (0.549375ms)
  ✔ revoked document shows REVOKED status (19.010458ms)
✔ student services E2E (466.483416ms)
[env] loaded /Users/nithinkswamy/Documents/GitHub/skillonx-erp/skillonx-erp/.env
▶ decideSurveyAccess
  ✔ lets a faculty member manage their own survey (1.393834ms)
  ✔ forbids a faculty member from another faculty member's survey in the same college (0.129333ms)
  ✔ lets a college admin manage any survey in their institution (0.082708ms)
  ✔ hides cross-college surveys from a college admin as NOT_FOUND (0.078709ms)
  ✔ hides cross-college surveys from faculty as NOT_FOUND (never FORBIDDEN) (0.208208ms)
  ✔ lets a super admin manage surveys across institutions (0.136708ms)
  ✔ treats HOD/coordinator roles as faculty (own surveys only) (0.078125ms)
✔ decideSurveyAccess (3.691667ms)
▶ canManageAllSurveys
  ✔ is true only for admin roles (0.131375ms)
✔ canManageAllSurveys (0.262834ms)
▶ timetable time helpers
  ✔ detects overlapping clock times without treating adjacent periods as conflicts (1.610625ms)
  ✔ computes hours for multi-period lab blocks (0.157959ms)
  ✔ treats open-ended effective ranges as overlapping later versions (0.23325ms)
  ✔ uses the institution timezone rather than the server local calendar (25.087333ms)
✔ timetable time helpers (29.238916ms)
[env] loaded /Users/nithinkswamy/Documents/GitHub/skillonx-erp/skillonx-erp/.env
▶ timetable e2e
  ✔ loads the seeded class weekly timetable for students and faculty (350.105375ms)
  ✔ rejects a faculty teaching two classes in the same period (33.521292ms)
  ✔ rejects two subjects in the same class period (32.98825ms)
  ✔ shows holiday / no class without deleting the recurring slot (43.726125ms)
  ✔ cancels one date, notifies students, and blocks attendance (34.264ms)
  ✔ adds an extra class without changing the recurring timetable (50.441167ms)
  ✔ rejects two classes booking the same room in the same period (31.752458ms)
  ✔ creates attendance from a timetable slot, loads the class roll, and finalizes (222.403333ms)
✔ timetable e2e (801.5375ms)
[env] loaded /Users/nithinkswamy/Documents/GitHub/skillonx-erp/skillonx-erp/.env
▶ transport ownership and RBAC
  ✔ keeps routine operations with Transport Officer (0.365208ms)
  ✔ does not grant generic admin routine transport mutation (0.058583ms)
  ✔ keeps platform/admin roles limited to oversight/configuration (0.752917ms)
  ✔ keeps finance and maintenance boundaries explicit (0.046083ms)
✔ transport ownership and RBAC (1.705125ms)
[env] loaded /Users/nithinkswamy/Documents/GitHub/skillonx-erp/skillonx-erp/.env
▶ transport closure evidence
  ✔ 01 student access is tenant scoped (9.550166ms)
  ✔ 02 non-member access does not expose operations (7.215416ms)
  ✔ 03 own application is readable (4.351375ms)
  ✔ 04 other student application is not returned (1.878583ms)
  ✔ 05 active assignment belongs to the student (5.949834ms)
  ✔ 06 assignment history preserves status (2.783583ms)
  ✔ 07 active pass belongs to the student (2.56625ms)
  ✔ 08 pass verification is valid (1.775709ms)
  ✔ 09 route list is college scoped (2.229416ms)
  ✔ 10 stop list is college scoped (0.762542ms)
  ✔ 11 route detail has ordered stops (0.940709ms)
  ✔ 12 route is active for allocation (1.455209ms)
  ✔ 13 pickup stop belongs to route (1.502084ms)
  ✔ 14 vehicle list is college scoped (0.822791ms)
  ✔ 15 vehicle capacity is positive (0.947ms)
  ✔ 16 vehicle is compliant (2.232875ms)
  ✔ 17 active route vehicle assignment exists (1.576833ms)
  ✔ 18 capacity metrics are internally consistent (1.851458ms)
  ✔ 19 capacity check honors the policy (4.586416ms)
  ✔ 20 policy requires an explicit pass decision (2.500875ms)
  ✔ 21 pending applications are visible to officer (0.8975ms)
  ✔ 22 officer has route management (0.048291ms)
  ✔ 23 officer has stop management (0.032417ms)
  ✔ 24 officer has vehicle management (0.022333ms)
  ✔ 25 officer has assignment management (0.020042ms)
  ✔ 26 officer has pass management (0.018458ms)
  ✔ 27 officer has review capability (0.018ms)
  ✔ 28 officer has report capability (0.01775ms)
  ✔ 29 principal is oversight only (0.021333ms)
  ✔ 30 management is oversight only (0.02025ms)
  ✔ 31 faculty cannot approve requests (0.018625ms)
  ✔ 32 HOD cannot allocate students (0.017167ms)
  ✔ 33 accountant cannot mutate transport (0.018209ms)
  ✔ 34 COE cannot mutate transport (0.017ms)
  ✔ 35 admissions cannot mutate transport (0.017417ms)
  ✔ 36 office admin cannot mutate transport (0.019792ms)
  ✔ 37 maintenance cannot own transport maintenance (0.019708ms)
  ✔ 38 warden cannot mutate transport (0.01825ms)
  ✔ 39 librarian cannot mutate transport (0.019375ms)
  ✔ 40 TP cannot mutate transport (0.021292ms)
  ✔ 41 HR cannot mutate transport (0.019ms)
  ✔ 42 grievance officer cannot mutate transport (0.023541ms)
  ✔ 43 lab assistant cannot mutate transport (0.01825ms)
  ✔ 44 super admin has oversight without routine mutation (0.021917ms)
  ✔ 45 driver has trip but not route administration (0.019459ms)
  ✔ 46 management dashboard is read-only data (37.591459ms)
  ✔ 47 officer dashboard reports active routes (5.479ms)
  ✔ 48 operations dashboard reports trips (5.620584ms)
  ✔ 49 demand report is aggregated by stop (3.414542ms)
  ✔ 50 student dues come from Finance demand rows (2.104ms)
  ✔ 51 central no-due exposes transport status (8.392917ms)
  ✔ 52 student trips are tenant scoped (2.375625ms)
  ✔ 53 student changes are tenant scoped (2.136292ms)
  ✔ 54 student complaints are tenant scoped (3.580917ms)
  ✔ 55 finance demand source is transport when present (1.536708ms)
  ✔ 56 active pass count per member is bounded (19.64775ms)
  ✔ 57 active assignment count per student is bounded (11.603459ms)
  ✔ 58 maintenance records remain vehicle-owned (4.468417ms)
  ✔ 59 audit log records transport actions by college (4.504875ms)
  ✔ 60 transport permissions reject unauthorized mutation (0.432667ms)
✔ transport closure evidence (230.054958ms)
▶ transport named concurrency evidence
  ✔ A LAST-SEAT CAPACITY CONCURRENCY: one of two simultaneous assignments gets the last seat (53.541958ms)
  ✔ B TRANSPORT FEE DEMAND IDEMPOTENCY: concurrent retries resolve to one Finance demand (5.973458ms)
  ✔ C PASS/CANCELLATION IDEMPOTENCY: simultaneous pass activation retries remain one logical active pass (4.386709ms)
✔ transport named concurrency evidence (64.020958ms)
[env] loaded /Users/nithinkswamy/Documents/GitHub/skillonx-erp/skillonx-erp/.env
▶ transport E2E
  ✔ Aarav has active transport with route assignment (27.414334ms)
  ✔ non-transport student has hidden or application visibility (7.041333ms)
  ✔ central no-due includes TRANSPORT domain (23.560583ms)
  ✔ active transport member clearance is NOT_APPLICABLE (4.349125ms)
  ✔ route capacity metrics are consistent (5.670792ms)
  ✔ Aarav transport pass verifies as VALID (4.118667ms)
  ✔ revoked pass verifies as REVOKED (6.690166ms)
  ✔ Aarav has open transport complaint (3.245ms)
  ✔ vehicle conflict detected for overlapping trips (3.734ms)
  ✔ driver conflict detected for overlapping assignments (4.008ms)
  ✔ boarding events are recorded for morning trip (5.992083ms)
✔ transport E2E (96.591417ms)
[env] loaded /Users/nithinkswamy/Documents/GitHub/skillonx-erp/skillonx-erp/.env
▶ Campus OS Phase 0: shared Workflow / Approval engine
  ✔ definitions version automatically and require exactly one initial step (66.940125ms)
  ✔ an instance cannot start against an unpublished definition, and starts at the initial step once published (31.07275ms)
  ✔ authorized transitions progress the instance to a terminal APPROVED state (37.041833ms)
  ✔ rejects an unauthorized role acting on a step (role not in allowedRoles) (25.3915ms)
  ✔ rejects an invalid action for the current step (27.212666ms)
  ✔ RETURN sends the instance back a step without leaving IN_PROGRESS (30.301375ms)
  ✔ terminal-state protection: no action is accepted once a terminal state is reached (23.902208ms)
  ✔ double approval / stale-state transition is blocked under concurrency via row-locked instance (35.391292ms)
  ✔ tenant isolation: cross-college actor cannot view or act on definitions/instances (38.393167ms)
✔ Campus OS Phase 0: shared Workflow / Approval engine (316.48375ms)
▶ isValidSchedule
  ✔ accepts open-ended windows (0.321541ms)
  ✔ accepts end strictly after start (0.034667ms)
  ✔ rejects end before or equal to start (0.035417ms)
✔ isValidSchedule (0.825625ms)
▶ resolveExtendResult
  ✔ extending a manually closed survey preserves the close (no accidental reopen) (0.088917ms)
  ✔ extend & reopen clears the close and returns to the live window (0.059083ms)
  ✔ extending an ended (not manually closed) survey into the future becomes active (0.036958ms)
  ✔ a future start stays scheduled after extend (0.041333ms)
✔ resolveExtendResult (0.303917ms)
▶ export filenames
  ✔ sanitizes unsafe characters into a clean slug (0.654ms)
  ✔ never yields an empty name (0.042583ms)
  ✔ builds a dated, extensioned filename (0.168791ms)
✔ export filenames (0.95625ms)
▶ password policy
  ✔ rejects passwords shorter than 8 characters (0.373833ms)
  ✔ requires an uppercase letter (0.058625ms)
  ✔ requires a lowercase letter (0.044917ms)
  ✔ requires a number (0.045791ms)
  ✔ accepts a compliant password (0.044584ms)
  ✔ exposes rules that agree with the aggregate validator (0.074958ms)
✔ password policy (1.128167ms)
▶ getSurveyAvailabilityStatus
  ✔ Case 1: before start → SCHEDULED (0.803042ms)
  ✔ Case 2: exactly at start → ACTIVE (0.043875ms)
  ✔ Case 3: between start and end → ACTIVE (0.038916ms)
  ✔ Case 4: exactly at end → ENDED (0.034583ms)
  ✔ Case 5: after end → ENDED (0.035542ms)
  ✔ Case 6: manually closed inside window → CLOSED (0.036125ms)
  ✔ Case 7: reopened (closedAt cleared) inside window → ACTIVE (0.038292ms)
  ✔ Case 8: archived → ARCHIVED (0.032625ms)
  ✔ Case 9: draft → DRAFT (0.042667ms)
  ✔ does not treat scheduled as closed (0.06975ms)
  ✔ deriveStoredStatusAfterSchedule respects window (0.052041ms)
✔ getSurveyAvailabilityStatus (1.764875ms)
▶ timezone Asia/Kolkata roundtrip
  ✔ Case 10: local wall clock → UTC → local (18.05775ms)
  ✔ formats with IST label (0.595709ms)
  ✔ extend +14 days preserves wall clock (0.282583ms)
✔ timezone Asia/Kolkata roundtrip (19.00275ms)
ℹ tests 1488
ℹ suites 251
ℹ pass 1488
ℹ fail 0
ℹ cancelled 0
ℹ skipped 0
ℹ todo 0
ℹ duration_ms 2845448.5555
npm notice
npm notice New minor version of npm available! 11.12.1 -> 11.20.0
npm notice Changelog: https://github.com/npm/cli/releases/tag/v11.20.0
npm notice To update run: npm install -g npm@11.20.0
npm notice
EXIT=0
