sourceFile,paperId,pageStart,pageEnd,subject,subjectCode,semester,branch,scheme,examType,examMonthYear,maxMarks,durationMin,mainQuestions,subquestions,orPairs,isStandardSee,expectedQuestions,classification,extractionStatus,reviewStatus,missingQ,duplicateQ,missingOrPairs,marksIssue,coIssue,rbtIssue,moduleIssue,pageSpanK,pagesSeen,warnings,reviewNote,sourcePageReference
"Previous Years QPs/Basic Science (Physics, Chemistry and Mathematics )/BE – Makeup Exam.pdf",QPB-BBEE103/203-2024-JUN-MAKEUP,4,5,June/July 2024 Basic Electronics for EEE Stream,BBEE103/203,1,Basic Science,,MAKEUP,JUN 2024,100,180,10,30,5,false,,VERIFIED_SPECIAL_FORMAT,EXTRACTED,VERIFIED_SPECIAL_FORMAT,,,,,,,,2,2,,Makeup exam format,"Previous Years QPs/Basic Science (Physics, Chemistry and Mathematics )/BE – Makeup Exam.pdf#p4-5"
"Previous Years QPs/Basic Science (Physics, Chemistry and Mathematics )/BE – Makeup Exam.pdf",QPB-BCHEC102/202-2024-JUN-MAKEUP,6,7,June/July 2024 Applied Chemistry for Civil Engineering Stream,BCHEC102/202,1,Basic Science,,MAKEUP,JUN 2024,100,180,10,30,5,false,,VERIFIED_SPECIAL_FORMAT,EXTRACTED,VERIFIED_SPECIAL_FORMAT,,,,,,,,2,2,,Makeup exam format,"Previous Years QPs/Basic Science (Physics, Chemistry and Mathematics )/BE – Makeup Exam.pdf#p6-7"
"Previous Years QPs/Basic Science (Physics, Chemistry and Mathematics )/BE – Makeup Exam.pdf",QPB-BCHEE102/202-2024-JUN-MAKEUP,8,9,June/July 2024 Chemistry for EEE Stream,BCHEE102/202,1,Basic Science,,MAKEUP,JUN 2024,100,180,10,30,5,false,,VERIFIED_SPECIAL_FORMAT,EXTRACTED,VERIFIED_SPECIAL_FORMAT,,,,,,,,2,2,,Makeup exam format,"Previous Years QPs/Basic Science (Physics, Chemistry and Mathematics )/BE – Makeup Exam.pdf#p8-9"
"Previous Years QPs/Basic Science (Physics, Chemistry and Mathematics )/BE – Makeup Exam.pdf",QPB-BCHEM102/202-2024-JUN-MAKEUP,10,11,June/July 2024 Applied Chemistry for ME Stream,BCHEM102/202,1,Basic Science,,MAKEUP,JUN 2024,100,180,10,30,5,false,,VERIFIED_SPECIAL_FORMAT,EXTRACTED,VERIFIED_SPECIAL_FORMAT,,,,,,,,2,2,,Makeup exam format,"Previous Years QPs/Basic Science (Physics, Chemistry and Mathematics )/BE – Makeup Exam.pdf#p10-11"
"Previous Years QPs/Basic Science (Physics, Chemistry and Mathematics )/BE – Makeup Exam.pdf",QPB-BCHES102/202-2024-JUN-MAKEUP,12,13,June/July 2024 Applied Chemistry for CSE Stream,BCHES102/202,1,Basic Science,,MAKEUP,JUN 2024,100,180,10,30,5,false,,VERIFIED_SPECIAL_FORMAT,EXTRACTED,VERIFIED_SPECIAL_FORMAT,,,,,,,,2,2,,Makeup exam format,"Previous Years QPs/Basic Science (Physics, Chemistry and Mathematics )/BE – Makeup Exam.pdf#p12-13"
"Previous Years QPs/Basic Science (Physics, Chemistry and Mathematics )/BE – Makeup Exam.pdf",QPB-BCIVC103/203-2024-JUN-MAKEUP,14,17,June/July 2024 Engineering Mechanics,BCIVC103/203,1,Basic Science,,MAKEUP,JUN 2024,100,180,10,24,5,false,,VERIFIED_SPECIAL_FORMAT,EXTRACTED,VERIFIED_SPECIAL_FORMAT,,,,,,,,4,4,,Makeup exam format,"Previous Years QPs/Basic Science (Physics, Chemistry and Mathematics )/BE – Makeup Exam.pdf#p14-17"
"Previous Years QPs/Basic Science (Physics, Chemistry and Mathematics )/BE – Makeup Exam.pdf",QPB-BEMEM103/203-2024-JUN-MAKEUP,18,19,June/July 2024 Elements of Mechanical Engineering,BEMEM103/203,1,Basic Science,,MAKEUP,JUN 2024,100,180,10,24,5,false,,VERIFIED_SPECIAL_FORMAT,EXTRACTED,VERIFIED_SPECIAL_FORMAT,,,,,,,,2,2,,Makeup exam format,"Previous Years QPs/Basic Science (Physics, Chemistry and Mathematics )/BE – Makeup Exam.pdf#p18-19"
"Previous Years QPs/Basic Science (Physics, Chemistry and Mathematics )/BE – Makeup Exam.pdf",QPB-BENGK106/206-2024-JUN-MAKEUP,20,23,June/July 2024 Communicative English,BENGK106/206,1,Basic Science,2022 Scheme,MAKEUP,JUN 2024,50,60,52,52,0,false,,VERIFIED_SPECIAL_FORMAT,EXTRACTED,VERIFIED_SPECIAL_FORMAT,,1/2/3/4/5,,,,,some questions unmapped to module,4,4,DUPLICATE_Q:1/2/3/4/5,MCQ / 50-mark format,"Previous Years QPs/Basic Science (Physics, Chemistry and Mathematics )/BE – Makeup Exam.pdf#p20-23"
"Previous Years QPs/Basic Science (Physics, Chemistry and Mathematics )/BE – Makeup Exam.pdf",QPB-BESCK104A/BESCKA104-2024-JUN-MAKEUP,24,26,June/July 2024 Introduction to Civil Engineering,BESCK104A/BESCKA104,1,Basic Science,,MAKEUP,JUN 2024,100,180,10,20,5,false,,VERIFIED_SPECIAL_FORMAT,EXTRACTED,VERIFIED_SPECIAL_FORMAT,,,,,,,,3,3,,Makeup exam format,"Previous Years QPs/Basic Science (Physics, Chemistry and Mathematics )/BE – Makeup Exam.pdf#p24-26"
"Previous Years QPs/Basic Science (Physics, Chemistry and Mathematics )/BE – Makeup Exam.pdf",QPB-BESCK104B/BESCKB104-2024-JUN-MAKEUP,27,29,June/July 2024 Introduction to Electrical Engineering,BESCK104B/BESCKB104,1,Basic Science,,MAKEUP,JUN 2024,100,180,10,30,5,false,,VERIFIED_SPECIAL_FORMAT,EXTRACTED,VERIFIED_SPECIAL_FORMAT,,,,,,,,3,3,,Makeup exam format,"Previous Years QPs/Basic Science (Physics, Chemistry and Mathematics )/BE – Makeup Exam.pdf#p27-29"
"Previous Years QPs/Basic Science (Physics, Chemistry and Mathematics )/BE – Makeup Exam.pdf",QPB-BESCK104C/BESCKC104-2024-JUN-MAKEUP,30,31,Introduction to Electronics and Communication,BESCK104C/BESCKC104,1,Basic Science,,MAKEUP,JUN 2024,100,180,10,30,5,false,,VERIFIED_SPECIAL_FORMAT,EXTRACTED,VERIFIED_SPECIAL_FORMAT,,,,,,,,2,2,,Makeup exam format,"Previous Years QPs/Basic Science (Physics, Chemistry and Mathematics )/BE – Makeup Exam.pdf#p30-31"
"Previous Years QPs/Basic Science (Physics, Chemistry and Mathematics )/BE – Makeup Exam.pdf",QPB-BESCK204B/BESCKB204-2024-JUN-MAKEUP,32,34,June/July 2024 Introduction to Electrical Engineering,BESCK204B/BESCKB204,2,Basic Science,,MAKEUP,JUN 2024,100,180,10,30,5,false,,VERIFIED_SPECIAL_FORMAT,EXTRACTED,VERIFIED_SPECIAL_FORMAT,,,,,,,,3,3,,Makeup exam format,"Previous Years QPs/Basic Science (Physics, Chemistry and Mathematics )/BE – Makeup Exam.pdf#p32-34"
"Previous Years QPs/Basic Science (Physics, Chemistry and Mathematics )/BE – Makeup Exam.pdf",QPB-BESCKE204/BESCK204E-2024-JUN-MAKEUP,35,36,June/July 2024 Introduction to C Programming,BESCKE204/BESCK204E,2,Basic Science,,MAKEUP,JUN 2024,100,180,10,30,5,false,,VERIFIED_SPECIAL_FORMAT,EXTRACTED,VERIFIED_SPECIAL_FORMAT,,,,,,,,2,2,,Makeup exam format,"Previous Years QPs/Basic Science (Physics, Chemistry and Mathematics )/BE – Makeup Exam.pdf#p35-36"
"Previous Years QPs/Basic Science (Physics, Chemistry and Mathematics )/BE – Makeup Exam.pdf",QPB-BETCK205B/BETCKB205-2024-JUN-MAKEUP,37,38,June/July 2024 Green Buildings,BETCK205B/BETCKB205,2,Basic Science,,MAKEUP,JUN 2024,100,180,10,20,5,false,,VERIFIED_SPECIAL_FORMAT,EXTRACTED,VERIFIED_SPECIAL_FORMAT,,,,,,,,2,2,,Makeup exam format,"Previous Years QPs/Basic Science (Physics, Chemistry and Mathematics )/BE – Makeup Exam.pdf#p37-38"
"Previous Years QPs/Basic Science (Physics, Chemistry and Mathematics )/BE – Makeup Exam.pdf",QPB-BICOK107/207-2024-JUN-MAKEUP,39,42,June/July 2024 Indian Constitution,BICOK107/207,1,Basic Science,2022 Scheme,MAKEUP,JUN 2024,50,60,52,52,0,false,,VERIFIED_SPECIAL_FORMAT,EXTRACTED,VERIFIED_SPECIAL_FORMAT,,1/2/3/4/5,,,,,some questions unmapped to module,,4,DUPLICATE_Q:1/2/3/4/5,MCQ / 50-mark format,"Previous Years QPs/Basic Science (Physics, Chemistry and Mathematics )/BE – Makeup Exam.pdf#p39-42"
"Previous Years QPs/Basic Science (Physics, Chemistry and Mathematics )/BE – Makeup Exam.pdf",QPB-BIDTK158/258-2024-JUN-MAKEUP,43,48,June/July 2024 Innovation and Design Thinking,BIDTK158/258,1,Basic Science,2022 Scheme,MAKEUP,JUN 2024,50,60,50,50,0,false,,VERIFIED_SPECIAL_FORMAT,EXTRACTED,VERIFIED_SPECIAL_FORMAT,,1/2/3/4,,,,,some questions unmapped to module,,6,DUPLICATE_Q:1/2/3/4,MCQ / 50-mark format,"Previous Years QPs/Basic Science (Physics, Chemistry and Mathematics )/BE – Makeup Exam.pdf#p43-48"
"Previous Years QPs/Basic Science (Physics, Chemistry and Mathematics )/BE – Makeup Exam.pdf",QPB-BKSKK107/207-2024-JUN-MAKEUP,49,54,June/July 2024 ±ಾಂಸĂĦಕ ಕನÇಡ (COMMON TO ALL BRANCHES),BKSKK107/207,1,Basic Science,2022 Scheme,MAKEUP,JUN 2024,50,60,14,54,0,false,,VERIFIED_SPECIAL_FORMAT,EXTRACTED,VERIFIED_SPECIAL_FORMAT,,,,14 q without marks,,,some questions unmapped to module,6,6,,Makeup exam format,"Previous Years QPs/Basic Science (Physics, Chemistry and Mathematics )/BE – Makeup Exam.pdf#p49-54"
"Previous Years QPs/Basic Science (Physics, Chemistry and Mathematics )/BE – Makeup Exam.pdf",QPB-BMATC101-2024-JUN-MAKEUP,55,57,June/July 2024 Mathematics – I for Civil Engineering Stream,BMATC101,1,Basic Science,,MAKEUP,JUN 2024,100,180,10,30,5,false,,VERIFIED_SPECIAL_FORMAT,EXTRACTED,VERIFIED_SPECIAL_FORMAT,,,,8 q without marks,,,,3,3,,Makeup exam format,"Previous Years QPs/Basic Science (Physics, Chemistry and Mathematics )/BE – Makeup Exam.pdf#p55-57"
"Previous Years QPs/Basic Science (Physics, Chemistry and Mathematics )/BE – Makeup Exam.pdf",QPB-BMATE101-2024-JUN-MAKEUP,58,60,June/July 2024 Mathematics – I for EEE Stream,BMATE101,1,Basic Science,,MAKEUP,JUN 2024,100,180,10,30,5,false,,VERIFIED_SPECIAL_FORMAT,EXTRACTED,VERIFIED_SPECIAL_FORMAT,,,,5 q without marks,,,,3,3,,Makeup exam format,"Previous Years QPs/Basic Science (Physics, Chemistry and Mathematics )/BE – Makeup Exam.pdf#p58-60"
"Previous Years QPs/Basic Science (Physics, Chemistry and Mathematics )/BE – Makeup Exam.pdf",QPB-BMATM101-2024-JUN-MAKEUP,61,63,June/July 2024 Mathematics – I for ME Stream,BMATM101,1,Basic Science,,MAKEUP,JUN 2024,100,180,10,32,5,false,,VERIFIED_SPECIAL_FORMAT,EXTRACTED,VERIFIED_SPECIAL_FORMAT,,,,4 q without marks,,,,3,3,,Makeup exam format,"Previous Years QPs/Basic Science (Physics, Chemistry and Mathematics )/BE – Makeup Exam.pdf#p61-63"
"Previous Years QPs/Basic Science (Physics, Chemistry and Mathematics )/BE – Makeup Exam.pdf",QPB-BMATS101-2024-JUN-MAKEUP,64,66,June/July 2024 Mathematics – I for CSE Stream,BMATS101,1,Basic Science,,MAKEUP,JUN 2024,100,180,10,32,5,false,,VERIFIED_SPECIAL_FORMAT,EXTRACTED,VERIFIED_SPECIAL_FORMAT,,,,6 q without marks,,,,3,3,,Makeup exam format,"Previous Years QPs/Basic Science (Physics, Chemistry and Mathematics )/BE – Makeup Exam.pdf#p64-66"
"Previous Years QPs/Basic Science (Physics, Chemistry and Mathematics )/BE – Makeup Exam.pdf",QPB-BPHYE102/202-2024-JUN-MAKEUP,67,69,Applied Physics for EEE Stream,BPHYE102/202,1,Basic Science,,MAKEUP,JUN 2024,100,180,10,31,5,false,,VERIFIED_SPECIAL_FORMAT,EXTRACTED,VERIFIED_SPECIAL_FORMAT,,,,1 q without marks,,,,3,3,,Makeup exam format,"Previous Years QPs/Basic Science (Physics, Chemistry and Mathematics )/BE – Makeup Exam.pdf#p67-69"
"Previous Years QPs/Basic Science (Physics, Chemistry and Mathematics )/BE – Makeup Exam.pdf",QPB-BPHYM102/202-2024-JUN-MAKEUP,70,72,June/July 2024 Applied Physics for ME Stream,BPHYM102/202,1,Basic Science,,MAKEUP,JUN 2024,100,180,10,30,5,false,,VERIFIED_SPECIAL_FORMAT,EXTRACTED,VERIFIED_SPECIAL_FORMAT,,,,,,,,3,3,,Makeup exam format,"Previous Years QPs/Basic Science (Physics, Chemistry and Mathematics )/BE – Makeup Exam.pdf#p70-72"
"Previous Years QPs/Basic Science (Physics, Chemistry and Mathematics )/BE – Makeup Exam.pdf",QPB-BPHYS102/202-2024-JUN-MAKEUP,73,74,June/July 2024 Applied Physics for CSE Stream,BPHYS102/202,1,Basic Science,,MAKEUP,JUN 2024,100,180,10,30,5,false,,VERIFIED_SPECIAL_FORMAT,EXTRACTED,VERIFIED_SPECIAL_FORMAT,,,,,,,,2,2,,Makeup exam format,"Previous Years QPs/Basic Science (Physics, Chemistry and Mathematics )/BE – Makeup Exam.pdf#p73-74"
"Previous Years QPs/Basic Science (Physics, Chemistry and Mathematics )/BE – Makeup Exam.pdf",QPB-BPLCK105B/BPLCKB105-2024-JUN-MAKEUP,75,76,June/July 2024 Introduction to Python Programming,BPLCK105B/BPLCKB105,1,Basic Science,,MAKEUP,JUN 2024,100,180,10,24,5,false,,VERIFIED_SPECIAL_FORMAT,EXTRACTED,VERIFIED_SPECIAL_FORMAT,,,,,,,,2,2,,Makeup exam format,"Previous Years QPs/Basic Science (Physics, Chemistry and Mathematics )/BE – Makeup Exam.pdf#p75-76"
"Previous Years QPs/Basic Science (Physics, Chemistry and Mathematics )/BE – Makeup Exam.pdf",QPB-BPLCK205B/BPLCKB205-2024-JUN-MAKEUP,77,78,June/July 2024 Introduction to Python Programming,BPLCK205B/BPLCKB205,2,Basic Science,,MAKEUP,JUN 2024,100,180,10,26,5,false,,VERIFIED_SPECIAL_FORMAT,EXTRACTED,VERIFIED_SPECIAL_FORMAT,,,,,,,,2,2,,Makeup exam format,"Previous Years QPs/Basic Science (Physics, Chemistry and Mathematics )/BE – Makeup Exam.pdf#p77-78"
"Previous Years QPs/Basic Science (Physics, Chemistry and Mathematics )/BE – Makeup Exam.pdf",QPB-BPLCK205C/BPLCKC205-2024-JUN-MAKEUP,79,80,June/July 2024 Basics of Java Programming,BPLCK205C/BPLCKC205,2,Basic Science,2022 Scheme,MAKEUP,JUN 2024,100,180,10,24,5,false,,VERIFIED_SPECIAL_FORMAT,EXTRACTED,VERIFIED_SPECIAL_FORMAT,,,,,,,,2,2,,Makeup exam format,"Previous Years QPs/Basic Science (Physics, Chemistry and Mathematics )/BE – Makeup Exam.pdf#p79-80"
"Previous Years QPs/Basic Science (Physics, Chemistry and Mathematics )/BE – Makeup Exam.pdf",QPB-BPOPS103/203-2024-JUN-MAKEUP,81,82,June/July 2024 Principles of Programming Using C,BPOPS103/203,1,Basic Science,,MAKEUP,JUN 2024,100,180,10,29,5,false,,VERIFIED_SPECIAL_FORMAT,EXTRACTED,VERIFIED_SPECIAL_FORMAT,,,,,,,,2,2,,Makeup exam format,"Previous Years QPs/Basic Science (Physics, Chemistry and Mathematics )/BE – Makeup Exam.pdf#p81-82"
"Previous Years QPs/Basic Science (Physics, Chemistry and Mathematics )/BE – Makeup Exam.pdf",QPB-BPWSK106/206-2024-JUN-MAKEUP,83,87,June/July 2024 Professional Writing Skills in English,BPWSK106/206,1,Basic Science,2022 Scheme,MAKEUP,JUN 2024,50,60,51,51,0,false,,VERIFIED_SPECIAL_FORMAT,EXTRACTED,VERIFIED_SPECIAL_FORMAT,,1/2/3/4/5,,,,,some questions unmapped to module,5,5,DUPLICATE_Q:1/2/3/4/5,MCQ / 50-mark format,"Previous Years QPs/Basic Science (Physics, Chemistry and Mathematics )/BE – Makeup Exam.pdf#p83-87"
"Previous Years QPs/Basic Science (Physics, Chemistry and Mathematics )/Basic Science.pdf",QPB-BENGK106/206/22BD17-2024-JUN-SEE,15,18,June/July 2024 Communicative English (COMMON TO ALL BRANCHES),BENGK106/206/22BD17,1,Basic Science,2022 Scheme,SEE,JUN 2024,50,60,52,52,0,false,,VERIFIED_SPECIAL_FORMAT,EXTRACTED,VERIFIED_SPECIAL_FORMAT,,1/2/3/4/5,,,,,some questions unmapped to module,4,4,DUPLICATE_Q:1/2/3/4/5,MCQ / 50-mark format,"Previous Years QPs/Basic Science (Physics, Chemistry and Mathematics )/Basic Science.pdf#p15-18"
"Previous Years QPs/Basic Science (Physics, Chemistry and Mathematics )/Basic Science.pdf",QPB-BENGK106/206/22BD17-2024-JUN-SEE,19,22,June/July 2024 Communicative English (COMMON TO ALL BRANCHES),BENGK106/206/22BD17,1,Basic Science,2022 Scheme,SEE,JUN 2024,50,60,52,52,0,false,,VERIFIED_SPECIAL_FORMAT,EXTRACTED,VERIFIED_SPECIAL_FORMAT,,1/2/3/4/5,,,,,some questions unmapped to module,4,4,DUPLICATE_Q:1/2/3/4/5,MCQ / 50-mark format,"Previous Years QPs/Basic Science (Physics, Chemistry and Mathematics )/Basic Science.pdf#p19-22"
"Previous Years QPs/Basic Science (Physics, Chemistry and Mathematics )/Basic Science.pdf",QPB-BENGK106/206/22BD17-2024-JUN-SEE,23,26,June/July 2024 Communicative English (COMMON TO ALL BRANCHES),BENGK106/206/22BD17,1,Basic Science,2022 Scheme,SEE,JUN 2024,50,60,52,52,0,false,,VERIFIED_SPECIAL_FORMAT,EXTRACTED,VERIFIED_SPECIAL_FORMAT,,1/2/3/4/5,,,,,some questions unmapped to module,4,4,DUPLICATE_Q:1/2/3/4/5,MCQ / 50-mark format,"Previous Years QPs/Basic Science (Physics, Chemistry and Mathematics )/Basic Science.pdf#p23-26"
"Previous Years QPs/Basic Science (Physics, Chemistry and Mathematics )/Basic Science.pdf",QPB-BENGK106/206/22BD17-2024-JUN-SEE,27,30,June/July 2024 Communicative English (COMMON TO ALL BRANCHES),BENGK106/206/22BD17,1,Basic Science,2022 Scheme,SEE,JUN 2024,50,60,52,52,0,false,,VERIFIED_SPECIAL_FORMAT,EXTRACTED,VERIFIED_SPECIAL_FORMAT,,1/2/3/4/5,,,,,some questions unmapped to module,4,4,DUPLICATE_Q:1/2/3/4/5,MCQ / 50-mark format,"Previous Years QPs/Basic Science (Physics, Chemistry and Mathematics )/Basic Science.pdf#p27-30"
"Previous Years QPs/Basic Science (Physics, Chemistry and Mathematics )/Basic Science.pdf",QPB-BICOK107/207-2024-JUN-SEE,35,38,Indian Constitution,BICOK107/207,1,Basic Science,2022 Scheme,SEE,JUN 2024,50,60,52,52,0,false,,VERIFIED_SPECIAL_FORMAT,EXTRACTED,VERIFIED_SPECIAL_FORMAT,,1/2/3/4/5,,,,,some questions unmapped to module,4,4,DUPLICATE_Q:1/2/3/4/5,MCQ / 50-mark format,"Previous Years QPs/Basic Science (Physics, Chemistry and Mathematics )/Basic Science.pdf#p35-38"
"Previous Years QPs/Basic Science (Physics, Chemistry and Mathematics )/Basic Science.pdf",QPB-BICOK107/207-2024-JUN-SEE,39,42,Indian Constitution,BICOK107/207,1,Basic Science,2022 Scheme,SEE,JUN 2024,50,60,52,52,0,false,,VERIFIED_SPECIAL_FORMAT,EXTRACTED,VERIFIED_SPECIAL_FORMAT,,1/2/3/4/5,,,,,some questions unmapped to module,4,4,DUPLICATE_Q:1/2/3/4/5,MCQ / 50-mark format,"Previous Years QPs/Basic Science (Physics, Chemistry and Mathematics )/Basic Science.pdf#p39-42"
"Previous Years QPs/Basic Science (Physics, Chemistry and Mathematics )/Basic Science.pdf",QPB-BICOK107/207-2024-JUN-SEE,43,46,Indian Constitution,BICOK107/207,1,Basic Science,2022 Scheme,SEE,JUN 2024,50,60,52,52,0,false,,VERIFIED_SPECIAL_FORMAT,EXTRACTED,VERIFIED_SPECIAL_FORMAT,,1/2/3/4/5,,,,,some questions unmapped to module,4,4,DUPLICATE_Q:1/2/3/4/5,MCQ / 50-mark format,"Previous Years QPs/Basic Science (Physics, Chemistry and Mathematics )/Basic Science.pdf#p43-46"
"Previous Years QPs/Basic Science (Physics, Chemistry and Mathematics )/Basic Science.pdf",QPB-BICOK107/207-2024-JUN-SEE,47,50,Indian Constitution,BICOK107/207,1,Basic Science,2022 Scheme,SEE,JUN 2024,50,60,52,52,0,false,,VERIFIED_SPECIAL_FORMAT,EXTRACTED,VERIFIED_SPECIAL_FORMAT,,1/2/3/4/5,,,,,some questions unmapped to module,4,4,DUPLICATE_Q:1/2/3/4/5,MCQ / 50-mark format,"Previous Years QPs/Basic Science (Physics, Chemistry and Mathematics )/Basic Science.pdf#p47-50"
"Previous Years QPs/Basic Science (Physics, Chemistry and Mathematics )/Basic Science.pdf",QPB-BIDTK158/258/22BD16-2024-JUN-MODEL,51,56,June/July 2024 Innovation and Design Thinking,BIDTK158/258/22BD16,1,Basic Science,2022 Scheme,MODEL,JUN 2024,50,60,50,50,0,false,,VERIFIED_SPECIAL_FORMAT,EXTRACTED,VERIFIED_SPECIAL_FORMAT,,1/2/3/4/5,,,,,some questions unmapped to module,6,6,DUPLICATE_Q:1/2/3/4/5,MCQ / 50-mark format,"Previous Years QPs/Basic Science (Physics, Chemistry and Mathematics )/Basic Science.pdf#p51-56"
"Previous Years QPs/Basic Science (Physics, Chemistry and Mathematics )/Basic Science.pdf",QPB-BIDTK158/258/22BD16-2024-JUN-MODEL,57,62,June/July 2024 Innovation and Design Thinking,BIDTK158/258/22BD16,1,Basic Science,2022 Scheme,MODEL,JUN 2024,50,60,50,50,0,false,,VERIFIED_SPECIAL_FORMAT,EXTRACTED,VERIFIED_SPECIAL_FORMAT,,1/2/3/4,,,,,some questions unmapped to module,6,6,DUPLICATE_Q:1/2/3/4,MCQ / 50-mark format,"Previous Years QPs/Basic Science (Physics, Chemistry and Mathematics )/Basic Science.pdf#p57-62"
"Previous Years QPs/Basic Science (Physics, Chemistry and Mathematics )/Basic Science.pdf",QPB-BIDTK158/258/22BD16-2024-JUN-MODEL,63,68,June/July 2024 Innovation and Design Thinking,BIDTK158/258/22BD16,1,Basic Science,2022 Scheme,MODEL,JUN 2024,50,60,50,50,0,false,,VERIFIED_SPECIAL_FORMAT,EXTRACTED,VERIFIED_SPECIAL_FORMAT,,1/2/3/4,,,,,some questions unmapped to module,6,6,DUPLICATE_Q:1/2/3/4,MCQ / 50-mark format,"Previous Years QPs/Basic Science (Physics, Chemistry and Mathematics )/Basic Science.pdf#p63-68"
"Previous Years QPs/Basic Science (Physics, Chemistry and Mathematics )/Basic Science.pdf",QPB-BIDTK158/258/22BD16-2024-JUN-MODEL,69,74,June/July 2024 Innovation and Design Thinking,BIDTK158/258/22BD16,1,Basic Science,2022 Scheme,MODEL,JUN 2024,50,60,50,50,0,false,,VERIFIED_SPECIAL_FORMAT,EXTRACTED,VERIFIED_SPECIAL_FORMAT,,1/2/3/4,,,,,some questions unmapped to module,6,6,DUPLICATE_Q:1/2/3/4,MCQ / 50-mark format,"Previous Years QPs/Basic Science (Physics, Chemistry and Mathematics )/Basic Science.pdf#p69-74"
"Previous Years QPs/Basic Science (Physics, Chemistry and Mathematics )/Basic Science.pdf",QPB-BKBKK107/207-2024-JUN-MODEL,75,78,Balake Kannada (COMMON TO ALL BRANCHES),BKBKK107/207,1,Basic Science,2022 Scheme,MODEL,JUN 2024,50,60,52,52,0,false,,VERIFIED_SPECIAL_FORMAT,EXTRACTED,VERIFIED_SPECIAL_FORMAT,,1/2/3/4/5,,,,,some questions unmapped to module,4,4,DUPLICATE_Q:1/2/3/4/5,MCQ / 50-mark format,"Previous Years QPs/Basic Science (Physics, Chemistry and Mathematics )/Basic Science.pdf#p75-78"
"Previous Years QPs/Basic Science (Physics, Chemistry and Mathematics )/Basic Science.pdf",QPB-BKBKK107/207-2024-JUN-MODEL,79,82,Balake Kannada (COMMON TO ALL BRANCHES),BKBKK107/207,1,Basic Science,2022 Scheme,MODEL,JUN 2024,50,60,4,4,0,false,,VERIFIED_SPECIAL_FORMAT,EXTRACTED,VERIFIED_SPECIAL_FORMAT,,,,,,,some questions unmapped to module,4,4,,MCQ / 50-mark format,"Previous Years QPs/Basic Science (Physics, Chemistry and Mathematics )/Basic Science.pdf#p79-82"
"Previous Years QPs/Basic Science (Physics, Chemistry and Mathematics )/Basic Science.pdf",QPB-BKBKK107/207-2024-JUN-MODEL,83,86,Balake Kannada (COMMON TO ALL BRANCHES),BKBKK107/207,1,Basic Science,2022 Scheme,MODEL,JUN 2024,50,60,4,4,0,false,,VERIFIED_SPECIAL_FORMAT,EXTRACTED,VERIFIED_SPECIAL_FORMAT,,,,,,,some questions unmapped to module,4,4,,MCQ / 50-mark format,"Previous Years QPs/Basic Science (Physics, Chemistry and Mathematics )/Basic Science.pdf#p83-86"
"Previous Years QPs/Basic Science (Physics, Chemistry and Mathematics )/Basic Science.pdf",QPB-BKBKK107/207-2024-JUN-MODEL,87,90,Balake Kannada (COMMON TO ALL BRANCHES),BKBKK107/207,1,Basic Science,2022 Scheme,MODEL,JUN 2024,50,60,4,4,0,false,,VERIFIED_SPECIAL_FORMAT,EXTRACTED,VERIFIED_SPECIAL_FORMAT,,,,,,,some questions unmapped to module,4,4,,MCQ / 50-mark format,"Previous Years QPs/Basic Science (Physics, Chemistry and Mathematics )/Basic Science.pdf#p87-90"
"Previous Years QPs/Basic Science (Physics, Chemistry and Mathematics )/Basic Science.pdf",QPB-BKSKK107/207-2024-JUN-SEE,91,96,±ಾಂಸĂĦಕ ಕನÇಡ (COMMON TO ALL BRANCHES),BKSKK107/207,1,Basic Science,2022 Scheme,SEE,JUN 2024,50,60,14,70,0,false,,VERIFIED_SPECIAL_FORMAT,EXTRACTED,VERIFIED_SPECIAL_FORMAT,,,,14 q without marks,,,some questions unmapped to module,6,6,,Non-standard VTU format (not five-module SEE),"Previous Years QPs/Basic Science (Physics, Chemistry and Mathematics )/Basic Science.pdf#p91-96"
"Previous Years QPs/Basic Science (Physics, Chemistry and Mathematics )/Basic Science.pdf",QPB-BKSKK107/207-2024-JUN-SEE,97,102,±ಾಂಸĂĦಕ ಕನÇಡ (COMMON TO ALL BRANCHES),BKSKK107/207,1,Basic Science,2022 Scheme,SEE,JUN 2024,50,60,14,69,0,false,,VERIFIED_SPECIAL_FORMAT,EXTRACTED,VERIFIED_SPECIAL_FORMAT,,,,14 q without marks,,,some questions unmapped to module,6,6,,Non-standard VTU format (not five-module SEE),"Previous Years QPs/Basic Science (Physics, Chemistry and Mathematics )/Basic Science.pdf#p97-102"
"Previous Years QPs/Basic Science (Physics, Chemistry and Mathematics )/Basic Science.pdf",QPB-BKSKK107/207-2024-JUN-SEE,103,108,±ಾಂಸĂĦಕ ಕನÇಡ (COMMON TO ALL BRANCHES),BKSKK107/207,1,Basic Science,2022 Scheme,SEE,JUN 2024,50,60,14,70,0,false,,VERIFIED_SPECIAL_FORMAT,EXTRACTED,VERIFIED_SPECIAL_FORMAT,,,,14 q without marks,,,some questions unmapped to module,6,6,,Non-standard VTU format (not five-module SEE),"Previous Years QPs/Basic Science (Physics, Chemistry and Mathematics )/Basic Science.pdf#p103-108"
"Previous Years QPs/Basic Science (Physics, Chemistry and Mathematics )/Basic Science.pdf",QPB-BKSKK107/207-2024-JUN-SEE,109,114,±ಾಂಸĂĦಕ ಕನÇಡ (COMMON TO ALL BRANCHES),BKSKK107/207,1,Basic Science,2022 Scheme,SEE,JUN 2024,50,60,14,68,0,false,,VERIFIED_SPECIAL_FORMAT,EXTRACTED,VERIFIED_SPECIAL_FORMAT,,,,14 q without marks,,,some questions unmapped to module,6,6,,Non-standard VTU format (not five-module SEE),"Previous Years QPs/Basic Science (Physics, Chemistry and Mathematics )/Basic Science.pdf#p109-114"
"Previous Years QPs/Basic Science (Physics, Chemistry and Mathematics )/Basic Science.pdf",QPB-BPWSK106/206/22BD26-2024-JUN-SEE,165,170,Professional Writing Skills in English,BPWSK106/206/22BD26,1,Basic Science,2022 Scheme,SEE,JUN 2024,50,60,50,50,0,false,,VERIFIED_SPECIAL_FORMAT,EXTRACTED,VERIFIED_SPECIAL_FORMAT,,1/2/3/4,,,,,some questions unmapped to module,5,6,DUPLICATE_Q:1/2/3/4,MCQ / 50-mark format,"Previous Years QPs/Basic Science (Physics, Chemistry and Mathematics )/Basic Science.pdf#p165-170"
"Previous Years QPs/Basic Science (Physics, Chemistry and Mathematics )/Basic Science.pdf",QPB-BPWSK106/206/22BD26-2024-JUN-SEE,171,176,Professional Writing Skills in English,BPWSK106/206/22BD26,1,Basic Science,2022 Scheme,SEE,JUN 2024,50,60,50,50,0,false,,VERIFIED_SPECIAL_FORMAT,EXTRACTED,VERIFIED_SPECIAL_FORMAT,,1/2/3/4,,,,,some questions unmapped to module,5,6,DUPLICATE_Q:1/2/3/4,MCQ / 50-mark format,"Previous Years QPs/Basic Science (Physics, Chemistry and Mathematics )/Basic Science.pdf#p171-176"
"Previous Years QPs/Basic Science (Physics, Chemistry and Mathematics )/Basic Science.pdf",QPB-BPWSK106/206/22BD26-2024-JUN-SEE,177,182,Professional Writing Skills in English,BPWSK106/206/22BD26,1,Basic Science,2022 Scheme,SEE,JUN 2024,50,60,50,50,0,false,,VERIFIED_SPECIAL_FORMAT,EXTRACTED,VERIFIED_SPECIAL_FORMAT,,1/2/3/4,,,,,some questions unmapped to module,5,6,DUPLICATE_Q:1/2/3/4,MCQ / 50-mark format,"Previous Years QPs/Basic Science (Physics, Chemistry and Mathematics )/Basic Science.pdf#p177-182"
"Previous Years QPs/Basic Science (Physics, Chemistry and Mathematics )/Basic Science.pdf",QPB-BPWSK106/206/22BD26-2024-JUN-SEE,183,188,Professional Writing Skills in English,BPWSK106/206/22BD26,1,Basic Science,2022 Scheme,SEE,JUN 2024,50,60,50,50,0,false,,VERIFIED_SPECIAL_FORMAT,EXTRACTED,VERIFIED_SPECIAL_FORMAT,,1/2/3/4,,,,,some questions unmapped to module,5,6,DUPLICATE_Q:1/2/3/4,MCQ / 50-mark format,"Previous Years QPs/Basic Science (Physics, Chemistry and Mathematics )/Basic Science.pdf#p183-188"
"Previous Years QPs/Basic Science (Physics, Chemistry and Mathematics )/Basic Science.pdf",QPB-22BD27-2024-JUN-MODEL,189,194,June/July 2024 Scientific Foundations of Health,22BD27,1,Basic Science,2022 Scheme,MODEL,JUN 2024,50,60,50,50,0,false,,VERIFIED_SPECIAL_FORMAT,EXTRACTED,VERIFIED_SPECIAL_FORMAT,,1/2/3/4,,,,,some questions unmapped to module,5,6,DUPLICATE_Q:1/2/3/4,MCQ / 50-mark format,"Previous Years QPs/Basic Science (Physics, Chemistry and Mathematics )/Basic Science.pdf#p189-194"
"Previous Years QPs/Basic Science (Physics, Chemistry and Mathematics )/Basic Science.pdf",QPB-22BD27-2024-JUN-MODEL,195,200,June/July 2024 Scientific Foundations of Health,22BD27,1,Basic Science,2022 Scheme,MODEL,JUN 2024,50,60,50,50,0,false,,VERIFIED_SPECIAL_FORMAT,EXTRACTED,VERIFIED_SPECIAL_FORMAT,,1/2/3/4/5,,,,,some questions unmapped to module,5,6,DUPLICATE_Q:1/2/3/4/5,MCQ / 50-mark format,"Previous Years QPs/Basic Science (Physics, Chemistry and Mathematics )/Basic Science.pdf#p195-200"
"Previous Years QPs/Basic Science (Physics, Chemistry and Mathematics )/Basic Science.pdf",QPB-22BD27-2024-JUN-MODEL,201,206,June/July 2024 Scientific Foundations of Health,22BD27,1,Basic Science,2022 Scheme,MODEL,JUN 2024,50,60,50,50,0,false,,VERIFIED_SPECIAL_FORMAT,EXTRACTED,VERIFIED_SPECIAL_FORMAT,,1/2/3/4/5,,,,,some questions unmapped to module,5,6,DUPLICATE_Q:1/2/3/4/5,MCQ / 50-mark format,"Previous Years QPs/Basic Science (Physics, Chemistry and Mathematics )/Basic Science.pdf#p201-206"
"Previous Years QPs/Basic Science (Physics, Chemistry and Mathematics )/Basic Science.pdf",QPB-22BD27-2024-JUN-MODEL,207,211,June/July 2024 Scientific Foundations of Health,22BD27,1,Basic Science,2022 Scheme,MODEL,JUN 2024,50,60,51,51,0,false,,VERIFIED_SPECIAL_FORMAT,EXTRACTED,VERIFIED_SPECIAL_FORMAT,,1/2/3/4/5,,,,,some questions unmapped to module,5,5,DUPLICATE_Q:1/2/3/4/5,MCQ / 50-mark format,"Previous Years QPs/Basic Science (Physics, Chemistry and Mathematics )/Basic Science.pdf#p207-211"
"Previous Years QPs/Basic Science (Physics, Chemistry and Mathematics )/Basic Science.pdf",QPB-BUHK408-2024-JUN-SEE,212,215,Universal Human Values Course,BUHK408,4,Basic Science,2022 Scheme,SEE,JUN 2024,50,60,52,52,0,false,,VERIFIED_SPECIAL_FORMAT,EXTRACTED,VERIFIED_SPECIAL_FORMAT,,1/2/3/4/5,,,,,some questions unmapped to module,4,4,DUPLICATE_Q:1/2/3/4/5,MCQ / 50-mark format,"Previous Years QPs/Basic Science (Physics, Chemistry and Mathematics )/Basic Science.pdf#p212-215"
"Previous Years QPs/Basic Science (Physics, Chemistry and Mathematics )/Basic Science.pdf",QPB-BUHK408-2024-JUN-SEE,216,219,Universal Human Values Course,BUHK408,4,Basic Science,2022 Scheme,SEE,JUN 2024,50,60,52,52,0,false,,VERIFIED_SPECIAL_FORMAT,EXTRACTED,VERIFIED_SPECIAL_FORMAT,,1/2/3/4/5,,,,,some questions unmapped to module,4,4,DUPLICATE_Q:1/2/3/4/5,MCQ / 50-mark format,"Previous Years QPs/Basic Science (Physics, Chemistry and Mathematics )/Basic Science.pdf#p216-219"
"Previous Years QPs/Basic Science (Physics, Chemistry and Mathematics )/Basic Science.pdf",QPB-BUHK408-2024-JUN-SEE,220,223,Universal Human Values Course,BUHK408,4,Basic Science,2022 Scheme,SEE,JUN 2024,50,60,4,4,0,false,,VERIFIED_SPECIAL_FORMAT,EXTRACTED,VERIFIED_SPECIAL_FORMAT,,,,,,,some questions unmapped to module,4,4,,MCQ / 50-mark format,"Previous Years QPs/Basic Science (Physics, Chemistry and Mathematics )/Basic Science.pdf#p220-223"
"Previous Years QPs/Basic Science (Physics, Chemistry and Mathematics )/Basic Science.pdf",QPB-BUHK408-2024-JUN-SEE,224,227,Universal Human Values Course,BUHK408,4,Basic Science,2022 Scheme,SEE,JUN 2024,50,60,4,4,0,false,,VERIFIED_SPECIAL_FORMAT,EXTRACTED,VERIFIED_SPECIAL_FORMAT,,,,,,,some questions unmapped to module,4,4,,MCQ / 50-mark format,"Previous Years QPs/Basic Science (Physics, Chemistry and Mathematics )/Basic Science.pdf#p224-227"
"Previous Years QPs/Basic Science (Physics, Chemistry and Mathematics )/Basic Science.pdf",QPB-BCEDK103/203-2024-JUN-SEE,228,228,COMPUTER AIDED ENGINEERING DRAWING,BCEDK103/203,1,Basic Science,CBCS Scheme,SEE,JUN 2024,100,180,3,3,0,false,,VERIFIED_SPECIAL_FORMAT,EXTRACTED,VERIFIED_SPECIAL_FORMAT,,,,1 q without marks,,,,,1,,Non-standard VTU format (not five-module SEE),"Previous Years QPs/Basic Science (Physics, Chemistry and Mathematics )/Basic Science.pdf#p228-228"
"Previous Years QPs/Basic Science (Physics, Chemistry and Mathematics )/Basic Science.pdf",QPB-BCEDK103/203-2024-JUN-SEE,229,229,COMPUTER AIDED ENGINEERING DRAWING,BCEDK103/203,1,Basic Science,CBCS Scheme,SEE,JUN 2024,100,180,3,3,0,false,,VERIFIED_SPECIAL_FORMAT,EXTRACTED,VERIFIED_SPECIAL_FORMAT,,,,,,,,,1,,Non-standard VTU format (not five-module SEE),"Previous Years QPs/Basic Science (Physics, Chemistry and Mathematics )/Basic Science.pdf#p229-229"
"Previous Years QPs/Basic Science (Physics, Chemistry and Mathematics )/Basic Science.pdf",QPB-BCEDK103/203-2024-JUN-SEE,230,230,COMPUTER AIDED ENGINEERING DRAWING,BCEDK103/203,2,Basic Science,CBCS Scheme,SEE,JUN 2024,100,180,4,4,0,false,,VERIFIED_SPECIAL_FORMAT,EXTRACTED,VERIFIED_SPECIAL_FORMAT,,,,,,,,,1,,Non-standard VTU format (not five-module SEE),"Previous Years QPs/Basic Science (Physics, Chemistry and Mathematics )/Basic Science.pdf#p230-230"
"Previous Years QPs/Basic Science (Physics, Chemistry and Mathematics )/Basic Science.pdf",QPB-BCEDK103/203-2024-JUN-SEE,231,231,COMPUTER AIDED ENGINEERING DRAWING,BCEDK103/203,1,Basic Science,CBCS Scheme,SEE,JUN 2024,100,180,4,4,0,false,,VERIFIED_SPECIAL_FORMAT,EXTRACTED,VERIFIED_SPECIAL_FORMAT,,,,,,,,,1,,Non-standard VTU format (not five-module SEE),"Previous Years QPs/Basic Science (Physics, Chemistry and Mathematics )/Basic Science.pdf#p231-231"
"Previous Years QPs/Basic Science (Physics, Chemistry and Mathematics )/Mathematics, Physics & Chemistry Cycle.pdf",QPB-BENGK106/206/22BD17-2025-JAN-SEE,20,25,Dec.2024/Jan.2025 Communicative English,BENGK106/206/22BD17,1,Basic Science,2022 Scheme,SEE,JAN 2025,50,60,50,50,0,false,,VERIFIED_SPECIAL_FORMAT,EXTRACTED,VERIFIED_SPECIAL_FORMAT,,1/2/3/4,,,,,some questions unmapped to module,5,6,DUPLICATE_Q:1/2/3/4,MCQ / 50-mark format,"Previous Years QPs/Basic Science (Physics, Chemistry and Mathematics )/Mathematics, Physics & Chemistry Cycle.pdf#p20-25"
"Previous Years QPs/Basic Science (Physics, Chemistry and Mathematics )/Mathematics, Physics & Chemistry Cycle.pdf",QPB-BENGK106/206/22BD17-2025-JAN-SEE,26,31,Dec.2024/Jan.2025 Communicative English,BENGK106/206/22BD17,1,Basic Science,2022 Scheme,SEE,JAN 2025,50,60,50,50,0,false,,VERIFIED_SPECIAL_FORMAT,EXTRACTED,VERIFIED_SPECIAL_FORMAT,,1/2/3/4/5,,,,,some questions unmapped to module,5,6,DUPLICATE_Q:1/2/3/4/5,MCQ / 50-mark format,"Previous Years QPs/Basic Science (Physics, Chemistry and Mathematics )/Mathematics, Physics & Chemistry Cycle.pdf#p26-31"
"Previous Years QPs/Basic Science (Physics, Chemistry and Mathematics )/Mathematics, Physics & Chemistry Cycle.pdf",QPB-BENGK106/206/22BD17-2025-JAN-SEE,32,37,Dec.2024/Jan.2025 Communicative English,BENGK106/206/22BD17,1,Basic Science,2022 Scheme,SEE,JAN 2025,50,60,50,50,0,false,,VERIFIED_SPECIAL_FORMAT,EXTRACTED,VERIFIED_SPECIAL_FORMAT,,1/2/3/4/5,,,,,some questions unmapped to module,5,6,DUPLICATE_Q:1/2/3/4/5,MCQ / 50-mark format,"Previous Years QPs/Basic Science (Physics, Chemistry and Mathematics )/Mathematics, Physics & Chemistry Cycle.pdf#p32-37"
"Previous Years QPs/Basic Science (Physics, Chemistry and Mathematics )/Mathematics, Physics & Chemistry Cycle.pdf",QPB-BENGK106/206/22BD17-2025-JAN-SEE,38,43,Dec.2024/Jan.2025 Communicative English,BENGK106/206/22BD17,1,Basic Science,2022 Scheme,SEE,JAN 2025,50,60,50,50,0,false,,VERIFIED_SPECIAL_FORMAT,EXTRACTED,VERIFIED_SPECIAL_FORMAT,,1/2/3/4/5,,,,,some questions unmapped to module,5,6,DUPLICATE_Q:1/2/3/4/5,MCQ / 50-mark format,"Previous Years QPs/Basic Science (Physics, Chemistry and Mathematics )/Mathematics, Physics & Chemistry Cycle.pdf#p38-43"
"Previous Years QPs/Basic Science (Physics, Chemistry and Mathematics )/Mathematics, Physics & Chemistry Cycle.pdf",QPB-BICOK107/207-2025-JAN-SEE,62,67,Dec.2024/Jan.2025 Indian Constitution,BICOK107/207,2,Basic Science,2022 Scheme,SEE,JAN 2025,50,60,50,50,0,false,,VERIFIED_SPECIAL_FORMAT,EXTRACTED,VERIFIED_SPECIAL_FORMAT,,1/2/3/4/5,,,,,some questions unmapped to module,5,6,DUPLICATE_Q:1/2/3/4/5,MCQ / 50-mark format,"Previous Years QPs/Basic Science (Physics, Chemistry and Mathematics )/Mathematics, Physics & Chemistry Cycle.pdf#p62-67"
"Previous Years QPs/Basic Science (Physics, Chemistry and Mathematics )/Mathematics, Physics & Chemistry Cycle.pdf",QPB-BICOK107/207-2025-JAN-SEE,68,73,Dec.2024/Jan.2025 Indian Constitution,BICOK107/207,2,Basic Science,2022 Scheme,SEE,JAN 2025,50,60,50,50,0,false,,VERIFIED_SPECIAL_FORMAT,EXTRACTED,VERIFIED_SPECIAL_FORMAT,,1/2/3/4/5,,,,,some questions unmapped to module,5,6,DUPLICATE_Q:1/2/3/4/5,MCQ / 50-mark format,"Previous Years QPs/Basic Science (Physics, Chemistry and Mathematics )/Mathematics, Physics & Chemistry Cycle.pdf#p68-73"
"Previous Years QPs/Basic Science (Physics, Chemistry and Mathematics )/Mathematics, Physics & Chemistry Cycle.pdf",QPB-BICOK107/207-2025-JAN-SEE,74,79,Dec.2024/Jan.2025 Indian Constitution,BICOK107/207,2,Basic Science,2022 Scheme,SEE,JAN 2025,50,60,50,50,0,false,,VERIFIED_SPECIAL_FORMAT,EXTRACTED,VERIFIED_SPECIAL_FORMAT,,1/2/3/4/5,,,,,some questions unmapped to module,5,6,DUPLICATE_Q:1/2/3/4/5,MCQ / 50-mark format,"Previous Years QPs/Basic Science (Physics, Chemistry and Mathematics )/Mathematics, Physics & Chemistry Cycle.pdf#p74-79"
"Previous Years QPs/Basic Science (Physics, Chemistry and Mathematics )/Mathematics, Physics & Chemistry Cycle.pdf",QPB-BICOK107/207-2025-JAN-SEE,80,85,Dec.2024/Jan.2025 Indian Constitution,BICOK107/207,2,Basic Science,2022 Scheme,SEE,JAN 2025,50,60,50,50,0,false,,VERIFIED_SPECIAL_FORMAT,EXTRACTED,VERIFIED_SPECIAL_FORMAT,,1/2/3/4/5,,,,,some questions unmapped to module,5,6,DUPLICATE_Q:1/2/3/4/5,MCQ / 50-mark format,"Previous Years QPs/Basic Science (Physics, Chemistry and Mathematics )/Mathematics, Physics & Chemistry Cycle.pdf#p80-85"
"Previous Years QPs/Basic Science (Physics, Chemistry and Mathematics )/Mathematics, Physics & Chemistry Cycle.pdf",QPB-BIDTK158/258/22BD16-2025-JAN-MODEL,86,91,Dec.2024/Jan.2025 Innovation and Design Thinking,BIDTK158/258/22BD16,1,Basic Science,2022 Scheme,MODEL,JAN 2025,50,60,50,50,0,false,,VERIFIED_SPECIAL_FORMAT,EXTRACTED,VERIFIED_SPECIAL_FORMAT,,1/2/3/4,,,,,some questions unmapped to module,5,6,DUPLICATE_Q:1/2/3/4,MCQ / 50-mark format,"Previous Years QPs/Basic Science (Physics, Chemistry and Mathematics )/Mathematics, Physics & Chemistry Cycle.pdf#p86-91"
"Previous Years QPs/Basic Science (Physics, Chemistry and Mathematics )/Mathematics, Physics & Chemistry Cycle.pdf",QPB-BIDTK158/258/22BD16-2025-JAN-MODEL,92,97,Dec.2024/Jan.2025 Innovation and Design Thinking,BIDTK158/258/22BD16,1,Basic Science,2022 Scheme,MODEL,JAN 2025,50,60,50,50,0,false,,VERIFIED_SPECIAL_FORMAT,EXTRACTED,VERIFIED_SPECIAL_FORMAT,,1/2/3/4,,,,,some questions unmapped to module,5,6,DUPLICATE_Q:1/2/3/4,MCQ / 50-mark format,"Previous Years QPs/Basic Science (Physics, Chemistry and Mathematics )/Mathematics, Physics & Chemistry Cycle.pdf#p92-97"
"Previous Years QPs/Basic Science (Physics, Chemistry and Mathematics )/Mathematics, Physics & Chemistry Cycle.pdf",QPB-BIDTK158/258/22BD16-2025-JAN-MODEL,98,103,Dec.2024/Jan.2025 Innovation and Design Thinking,BIDTK158/258/22BD16,1,Basic Science,2022 Scheme,MODEL,JAN 2025,50,60,50,50,0,false,,VERIFIED_SPECIAL_FORMAT,EXTRACTED,VERIFIED_SPECIAL_FORMAT,,1/2/3/4,,,,,some questions unmapped to module,5,6,DUPLICATE_Q:1/2/3/4,MCQ / 50-mark format,"Previous Years QPs/Basic Science (Physics, Chemistry and Mathematics )/Mathematics, Physics & Chemistry Cycle.pdf#p98-103"
"Previous Years QPs/Basic Science (Physics, Chemistry and Mathematics )/Mathematics, Physics & Chemistry Cycle.pdf",QPB-BIDTK158/258/22BD16-2025-JAN-MODEL,104,109,Dec.2024/Jan.2025 Innovation and Design Thinking,BIDTK158/258/22BD16,1,Basic Science,2022 Scheme,MODEL,JAN 2025,50,60,50,50,0,false,,VERIFIED_SPECIAL_FORMAT,EXTRACTED,VERIFIED_SPECIAL_FORMAT,,1/2/3/4/5,,,,,some questions unmapped to module,5,6,DUPLICATE_Q:1/2/3/4/5,MCQ / 50-mark format,"Previous Years QPs/Basic Science (Physics, Chemistry and Mathematics )/Mathematics, Physics & Chemistry Cycle.pdf#p104-109"
"Previous Years QPs/Basic Science (Physics, Chemistry and Mathematics )/Mathematics, Physics & Chemistry Cycle.pdf",QPB-BKBKK107/207-2025-JAN-MODEL,110,115,Dec.2024/Jan.2025 Balake Kannada,BKBKK107/207,1,Basic Science,2022 Scheme,MODEL,JAN 2025,50,60,50,50,0,false,,VERIFIED_SPECIAL_FORMAT,EXTRACTED,VERIFIED_SPECIAL_FORMAT,,1/2/3/4/5,,,,,some questions unmapped to module,5,6,DUPLICATE_Q:1/2/3/4/5,MCQ / 50-mark format,"Previous Years QPs/Basic Science (Physics, Chemistry and Mathematics )/Mathematics, Physics & Chemistry Cycle.pdf#p110-115"
"Previous Years QPs/Basic Science (Physics, Chemistry and Mathematics )/Mathematics, Physics & Chemistry Cycle.pdf",QPB-BKBKK107/207-2025-JAN-MODEL,116,121,Dec.2024/Jan.2025 Balake Kannada,BKBKK107/207,1,Basic Science,2022 Scheme,MODEL,JAN 2025,50,60,50,50,0,false,,VERIFIED_SPECIAL_FORMAT,EXTRACTED,VERIFIED_SPECIAL_FORMAT,,1/2/3/4/5,,,,,some questions unmapped to module,5,6,DUPLICATE_Q:1/2/3/4/5,MCQ / 50-mark format,"Previous Years QPs/Basic Science (Physics, Chemistry and Mathematics )/Mathematics, Physics & Chemistry Cycle.pdf#p116-121"
"Previous Years QPs/Basic Science (Physics, Chemistry and Mathematics )/Mathematics, Physics & Chemistry Cycle.pdf",QPB-BKBKK107/207-2025-JAN-MODEL,122,127,Dec.2024/Jan.2025 Balake Kannada,BKBKK107/207,1,Basic Science,2022 Scheme,MODEL,JAN 2025,50,60,50,50,0,false,,VERIFIED_SPECIAL_FORMAT,EXTRACTED,VERIFIED_SPECIAL_FORMAT,,1/2/3/4,,,,,some questions unmapped to module,5,6,DUPLICATE_Q:1/2/3/4,MCQ / 50-mark format,"Previous Years QPs/Basic Science (Physics, Chemistry and Mathematics )/Mathematics, Physics & Chemistry Cycle.pdf#p122-127"
"Previous Years QPs/Basic Science (Physics, Chemistry and Mathematics )/Mathematics, Physics & Chemistry Cycle.pdf",QPB-BKBKK107/207-2025-JAN-MODEL,128,133,Dec.2024/Jan.2025 Balake Kannada,BKBKK107/207,1,Basic Science,2022 Scheme,MODEL,JAN 2025,50,60,50,50,0,false,,VERIFIED_SPECIAL_FORMAT,EXTRACTED,VERIFIED_SPECIAL_FORMAT,,1/2/3/4/5,,,,,some questions unmapped to module,5,6,DUPLICATE_Q:1/2/3/4/5,MCQ / 50-mark format,"Previous Years QPs/Basic Science (Physics, Chemistry and Mathematics )/Mathematics, Physics & Chemistry Cycle.pdf#p128-133"
"Previous Years QPs/Basic Science (Physics, Chemistry and Mathematics )/Mathematics, Physics & Chemistry Cycle.pdf",QPB-BKSKK107/207-2025-JAN-SEE,134,139,ಸಂಸĂĦಕ ಕನÇಡ (COMMON TO ALL BRANCHES),BKSKK107/207,1,Basic Science,2022 Scheme,SEE,JAN 2025,50,60,14,66,0,false,,VERIFIED_SPECIAL_FORMAT,EXTRACTED,VERIFIED_SPECIAL_FORMAT,,,,14 q without marks,,,some questions unmapped to module,6,6,,Non-standard VTU format (not five-module SEE),"Previous Years QPs/Basic Science (Physics, Chemistry and Mathematics )/Mathematics, Physics & Chemistry Cycle.pdf#p134-139"
"Previous Years QPs/Basic Science (Physics, Chemistry and Mathematics )/Mathematics, Physics & Chemistry Cycle.pdf",QPB-BKSKK107/207-2025-JAN-SEE,140,145,ಸಂಸĂĦಕ ಕನÇಡ (COMMON TO ALL BRANCHES),BKSKK107/207,1,Basic Science,2022 Scheme,SEE,JAN 2025,50,60,14,67,0,false,,VERIFIED_SPECIAL_FORMAT,EXTRACTED,VERIFIED_SPECIAL_FORMAT,,,,14 q without marks,,,some questions unmapped to module,6,6,,Non-standard VTU format (not five-module SEE),"Previous Years QPs/Basic Science (Physics, Chemistry and Mathematics )/Mathematics, Physics & Chemistry Cycle.pdf#p140-145"
"Previous Years QPs/Basic Science (Physics, Chemistry and Mathematics )/Mathematics, Physics & Chemistry Cycle.pdf",QPB-BKSKK107/207-2025-JAN-SEE,146,151,ಸಂಸĂĦಕ ಕನÇಡ (COMMON TO ALL BRANCHES),BKSKK107/207,1,Basic Science,2022 Scheme,SEE,JAN 2025,50,60,14,69,0,false,,VERIFIED_SPECIAL_FORMAT,EXTRACTED,VERIFIED_SPECIAL_FORMAT,,,,14 q without marks,,,some questions unmapped to module,6,6,,Non-standard VTU format (not five-module SEE),"Previous Years QPs/Basic Science (Physics, Chemistry and Mathematics )/Mathematics, Physics & Chemistry Cycle.pdf#p146-151"
"Previous Years QPs/Basic Science (Physics, Chemistry and Mathematics )/Mathematics, Physics & Chemistry Cycle.pdf",QPB-BKSKK107/207-2025-JAN-SEE,152,157,ಸಂಸĂĦಕ ಕನÇಡ (COMMON TO ALL BRANCHES),BKSKK107/207,1,Basic Science,2022 Scheme,SEE,JAN 2025,50,60,14,67,0,false,,VERIFIED_SPECIAL_FORMAT,EXTRACTED,VERIFIED_SPECIAL_FORMAT,,,,14 q without marks,,,some questions unmapped to module,6,6,,Non-standard VTU format (not five-module SEE),"Previous Years QPs/Basic Science (Physics, Chemistry and Mathematics )/Mathematics, Physics & Chemistry Cycle.pdf#p152-157"
"Previous Years QPs/Basic Science (Physics, Chemistry and Mathematics )/Mathematics, Physics & Chemistry Cycle.pdf",QPB-BSFHK158/258-2025-JAN-SEE,197,202,Dec.2024/Jan.2025 Scientific Foundations of Health,BSFHK158/258,1,Basic Science,2022 Scheme,SEE,JAN 2025,50,60,50,50,0,false,,VERIFIED_SPECIAL_FORMAT,EXTRACTED,VERIFIED_SPECIAL_FORMAT,,1/2/3/4,,,,,some questions unmapped to module,5,6,DUPLICATE_Q:1/2/3/4,MCQ / 50-mark format,"Previous Years QPs/Basic Science (Physics, Chemistry and Mathematics )/Mathematics, Physics & Chemistry Cycle.pdf#p197-202"
"Previous Years QPs/Basic Science (Physics, Chemistry and Mathematics )/Mathematics, Physics & Chemistry Cycle.pdf",QPB-BSFHK158/258-2025-JAN-SEE,203,208,Dec.2024/Jan.2025 Scientific Foundations of Health,BSFHK158/258,1,Basic Science,2022 Scheme,SEE,JAN 2025,50,60,50,50,0,false,,VERIFIED_SPECIAL_FORMAT,EXTRACTED,VERIFIED_SPECIAL_FORMAT,,1/2/3/4/5,,,,,some questions unmapped to module,5,6,DUPLICATE_Q:1/2/3/4/5,MCQ / 50-mark format,"Previous Years QPs/Basic Science (Physics, Chemistry and Mathematics )/Mathematics, Physics & Chemistry Cycle.pdf#p203-208"
"Previous Years QPs/Basic Science (Physics, Chemistry and Mathematics )/Mathematics, Physics & Chemistry Cycle.pdf",QPB-BSFHK158/258-2025-JAN-SEE,209,214,Dec.2024/Jan.2025 Scientific Foundations of Health,BSFHK158/258,1,Basic Science,2022 Scheme,SEE,JAN 2025,50,60,50,50,0,false,,VERIFIED_SPECIAL_FORMAT,EXTRACTED,VERIFIED_SPECIAL_FORMAT,,1/2/3/4/5,,,,,some questions unmapped to module,5,6,DUPLICATE_Q:1/2/3/4/5,MCQ / 50-mark format,"Previous Years QPs/Basic Science (Physics, Chemistry and Mathematics )/Mathematics, Physics & Chemistry Cycle.pdf#p209-214"
"Previous Years QPs/Basic Science (Physics, Chemistry and Mathematics )/Mathematics, Physics & Chemistry Cycle.pdf",QPB-BSFHK158/258-2025-JAN-SEE,215,220,Dec.2024/Jan.2025 Scientific Foundations of Health,BSFHK158/258,1,Basic Science,2022 Scheme,SEE,JAN 2025,50,60,50,50,0,false,,VERIFIED_SPECIAL_FORMAT,EXTRACTED,VERIFIED_SPECIAL_FORMAT,,1/2/3/4/5,,,,,some questions unmapped to module,5,6,DUPLICATE_Q:1/2/3/4/5,MCQ / 50-mark format,"Previous Years QPs/Basic Science (Physics, Chemistry and Mathematics )/Mathematics, Physics & Chemistry Cycle.pdf#p215-220"
Previous Years QPs/CS/2023 CSE Even Sem.pdf,QPB-21CIP37/21CIP47-2023-JUN-SEE,5,8,CONSTITUTION OF INDIA AND PROFESSIONAL ETHICS,21CIP37/21CIP47,4,CSE,2021 Scheme,SEE,JUN 2023,50,60,52,52,0,false,,VERIFIED_SPECIAL_FORMAT,EXTRACTED,VERIFIED_SPECIAL_FORMAT,,1/2/3/4/5,,,,,some questions unmapped to module,4,4,DUPLICATE_Q:1/2/3/4/5,MCQ / 50-mark format,Previous Years QPs/CS/2023 CSE Even Sem.pdf#p5-8
Previous Years QPs/CS/2023 CSE Even Sem.pdf,QPB-21CIP37/21CIP47-2023-JUN-SEE,9,12,CONSTITUTION OF INDIA AND PROFESSIONAL ETHICS,21CIP37/21CIP47,4,CSE,2021 Scheme,SEE,JUN 2023,50,60,52,52,0,false,,VERIFIED_SPECIAL_FORMAT,EXTRACTED,VERIFIED_SPECIAL_FORMAT,,1/2/3/4/5,,,,,some questions unmapped to module,4,4,DUPLICATE_Q:1/2/3/4/5,MCQ / 50-mark format,Previous Years QPs/CS/2023 CSE Even Sem.pdf#p9-12
Previous Years QPs/CS/2023 CSE Even Sem.pdf,QPB-21CIP37/21CIP47-2023-JUN-SEE,13,16,CONSTITUTION OF INDIA AND PROFESSIONAL ETHICS,21CIP37/21CIP47,4,CSE,2021 Scheme,SEE,JUN 2023,50,60,52,52,0,false,,VERIFIED_SPECIAL_FORMAT,EXTRACTED,VERIFIED_SPECIAL_FORMAT,,1/2/3/4/5,,,,,some questions unmapped to module,4,4,DUPLICATE_Q:1/2/3/4/5,MCQ / 50-mark format,Previous Years QPs/CS/2023 CSE Even Sem.pdf#p13-16
Previous Years QPs/CS/2023 CSE Even Sem.pdf,QPB-21CIP37/21CIP47-2023-JUN-SEE,17,20,CONSTITUTION OF INDIA AND PROFESSIONAL ETHICS,21CIP37/21CIP47,4,CSE,2021 Scheme,SEE,JUN 2023,50,60,52,52,0,false,,VERIFIED_SPECIAL_FORMAT,EXTRACTED,VERIFIED_SPECIAL_FORMAT,,1/2/3/4/5,,,,,some questions unmapped to module,4,4,DUPLICATE_Q:1/2/3/4/5,MCQ / 50-mark format,Previous Years QPs/CS/2023 CSE Even Sem.pdf#p17-20
Previous Years QPs/CS/2023 CSE Even Sem.pdf,QPB-21KBK47-2023-JUN-SEE,26,29,Balake Kannada,21KBK47,4,CSE,2021 Scheme,SEE,JUN 2023,50,60,52,52,0,false,,VERIFIED_SPECIAL_FORMAT,EXTRACTED,VERIFIED_SPECIAL_FORMAT,,1/2/3/4/5,,,,,some questions unmapped to module,4,4,DUPLICATE_Q:1/2/3/4/5,MCQ / 50-mark format,Previous Years QPs/CS/2023 CSE Even Sem.pdf#p26-29
Previous Years QPs/CS/2023 CSE Even Sem.pdf,QPB-21KBK47-2023-JUN-SEE,30,33,Balake Kannada,21KBK47,4,CSE,2021 Scheme,SEE,JUN 2023,50,60,52,52,0,false,,VERIFIED_SPECIAL_FORMAT,EXTRACTED,VERIFIED_SPECIAL_FORMAT,,1/2/3/4/5,,,,,some questions unmapped to module,4,4,DUPLICATE_Q:1/2/3/4/5,MCQ / 50-mark format,Previous Years QPs/CS/2023 CSE Even Sem.pdf#p30-33
Previous Years QPs/CS/2023 CSE Even Sem.pdf,QPB-21KBK47-2023-JUN-SEE,34,37,Balake Kannada,21KBK47,4,CSE,2021 Scheme,SEE,JUN 2023,50,60,52,52,0,false,,VERIFIED_SPECIAL_FORMAT,EXTRACTED,VERIFIED_SPECIAL_FORMAT,,1/2/3/4/5,,,,,some questions unmapped to module,4,4,DUPLICATE_Q:1/2/3/4/5,MCQ / 50-mark format,Previous Years QPs/CS/2023 CSE Even Sem.pdf#p34-37
Previous Years QPs/CS/2023 CSE Even Sem.pdf,QPB-21KBK47-2023-JUN-SEE,38,44,Balake Kannada,21KBK47,4,CSE,2021 Scheme,SEE,JUN 2023,50,60,57,57,0,false,,VERIFIED_SPECIAL_FORMAT,EXTRACTED,VERIFIED_SPECIAL_FORMAT,,1/2/3/4/5/38/39/40,,,,,some questions unmapped to module,6,7,DUPLICATE_Q:1/2/3/4/5/38/39/40,MCQ / 50-mark format,Previous Years QPs/CS/2023 CSE Even Sem.pdf#p38-44
Previous Years QPs/CS/2023 CSE Even Sem.pdf,QPB-21UH49-2023-JUN-SEE,45,48,Universal Human Values,21UH49,4,CSE,2021 Scheme,SEE,JUN 2023,50,60,52,52,0,false,,VERIFIED_SPECIAL_FORMAT,EXTRACTED,VERIFIED_SPECIAL_FORMAT,,1/2/3/4/5,,,,,some questions unmapped to module,4,4,DUPLICATE_Q:1/2/3/4/5,MCQ / 50-mark format,Previous Years QPs/CS/2023 CSE Even Sem.pdf#p45-48
Previous Years QPs/CS/2023 CSE Even Sem.pdf,QPB-21UH49-2023-JUN-SEE,49,52,Universal Human Values,21UH49,4,CSE,2021 Scheme,SEE,JUN 2023,50,60,53,53,0,false,,VERIFIED_SPECIAL_FORMAT,EXTRACTED,VERIFIED_SPECIAL_FORMAT,,1/2/3/4/5,,,,,some questions unmapped to module,4,4,DUPLICATE_Q:1/2/3/4/5,MCQ / 50-mark format,Previous Years QPs/CS/2023 CSE Even Sem.pdf#p49-52
Previous Years QPs/CS/2023 CSE Even Sem.pdf,QPB-21UH49-2023-JUN-SEE,53,56,Universal Human Values,21UH49,4,CSE,2021 Scheme,SEE,JUN 2023,50,60,52,52,0,false,,VERIFIED_SPECIAL_FORMAT,EXTRACTED,VERIFIED_SPECIAL_FORMAT,,1/2/3/4/5,,,,,some questions unmapped to module,4,4,DUPLICATE_Q:1/2/3/4/5,MCQ / 50-mark format,Previous Years QPs/CS/2023 CSE Even Sem.pdf#p53-56
Previous Years QPs/CS/2023 CSE Even Sem.pdf,QPB-21UH49-2023-JUN-SEE,57,60,Universal Human Values,21UH49,4,CSE,2021 Scheme,SEE,JUN 2023,50,60,52,52,0,false,,VERIFIED_SPECIAL_FORMAT,EXTRACTED,VERIFIED_SPECIAL_FORMAT,,1/2/3/4/5,,,,,some questions unmapped to module,4,4,DUPLICATE_Q:1/2/3/4/5,MCQ / 50-mark format,Previous Years QPs/CS/2023 CSE Even Sem.pdf#p57-60
Previous Years QPs/CS/2023 CSE Odd sem.pdf,QPB-18CIV59-2023-JAN-SEE,15,22,Environmental Studies (COMMON TO ALL BRANCHES),18CIV59,5,CSE,2018 Scheme,SEE,JAN 2023,100,120,51,51,0,false,,VERIFIED_SPECIAL_FORMAT,EXTRACTED,VERIFIED_SPECIAL_FORMAT,,1/2/3/4/5,,,,,some questions unmapped to module,8,8,DUPLICATE_Q:1/2/3/4/5,MCQ / 50-mark format,Previous Years QPs/CS/2023 CSE Odd sem.pdf#p15-22
Previous Years QPs/CS/2023 CSE Odd sem.pdf,QPB-18CIV59-2023-JAN-SEE,23,30,Environmental Studies (COMMON TO ALL BRANCHES),18CIV59,5,CSE,2018 Scheme,SEE,JAN 2023,100,120,51,51,0,false,,VERIFIED_SPECIAL_FORMAT,EXTRACTED,VERIFIED_SPECIAL_FORMAT,,1/2/3/4/5,,,,,some questions unmapped to module,8,8,DUPLICATE_Q:1/2/3/4/5,MCQ / 50-mark format,Previous Years QPs/CS/2023 CSE Odd sem.pdf#p23-30
Previous Years QPs/CS/2023 CSE Odd sem.pdf,QPB-18CIV59-2023-JAN-SEE,31,38,Environmental Studies (COMMON TO ALL BRANCHES),18CIV59,5,CSE,2018 Scheme,SEE,JAN 2023,100,120,51,51,0,false,,VERIFIED_SPECIAL_FORMAT,EXTRACTED,VERIFIED_SPECIAL_FORMAT,,1/2/3/4/5,,,,,some questions unmapped to module,8,8,DUPLICATE_Q:1/2/3/4/5,MCQ / 50-mark format,Previous Years QPs/CS/2023 CSE Odd sem.pdf#p31-38
Previous Years QPs/CS/2023 CSE Odd sem.pdf,QPB-18CIV59-2023-JAN-SEE,39,46,Environmental Studies (COMMON TO ALL BRANCHES),18CIV59,5,CSE,2018 Scheme,SEE,JAN 2023,100,120,51,51,0,false,,VERIFIED_SPECIAL_FORMAT,EXTRACTED,VERIFIED_SPECIAL_FORMAT,,1/2/3/4/5,,,,,some questions unmapped to module,8,8,DUPLICATE_Q:1/2/3/4/5,MCQ / 50-mark format,Previous Years QPs/CS/2023 CSE Odd sem.pdf#p39-46
Previous Years QPs/CS/2023 CSE Odd sem.pdf,QPB-21KBK37-2023-JAN-SEE,71,74,Balake Kannada,21KBK37,3,CSE,2021 Scheme,SEE,JAN 2023,50,60,52,52,0,false,,VERIFIED_SPECIAL_FORMAT,EXTRACTED,VERIFIED_SPECIAL_FORMAT,,1/2/3/4/5,,,,,some questions unmapped to module,4,4,DUPLICATE_Q:1/2/3/4/5,MCQ / 50-mark format,Previous Years QPs/CS/2023 CSE Odd sem.pdf#p71-74
Previous Years QPs/CS/2023 CSE Odd sem.pdf,QPB-21KBK37-2023-JAN-SEE,75,78,Balake Kannada,21KBK37,3,CSE,2021 Scheme,SEE,JAN 2023,50,60,52,52,0,false,,VERIFIED_SPECIAL_FORMAT,EXTRACTED,VERIFIED_SPECIAL_FORMAT,,1/2/3/4/5,,,,,some questions unmapped to module,4,4,DUPLICATE_Q:1/2/3/4/5,MCQ / 50-mark format,Previous Years QPs/CS/2023 CSE Odd sem.pdf#p75-78
Previous Years QPs/CS/2023 CSE Odd sem.pdf,QPB-21KBK37-2023-JAN-SEE,79,82,Balake Kannada,21KBK37,3,CSE,2021 Scheme,SEE,JAN 2023,50,60,52,52,0,false,,VERIFIED_SPECIAL_FORMAT,EXTRACTED,VERIFIED_SPECIAL_FORMAT,,1/2/3/4/5,,,,,some questions unmapped to module,4,4,DUPLICATE_Q:1/2/3/4/5,MCQ / 50-mark format,Previous Years QPs/CS/2023 CSE Odd sem.pdf#p79-82
Previous Years QPs/CS/2023 CSE Odd sem.pdf,QPB-21KBK37-2023-JAN-SEE,83,95,Balake Kannada,21KBK37,3,CSE,2021 Scheme,SEE,JAN 2023,50,60,51,51,0,false,,VERIFIED_SPECIAL_FORMAT,EXTRACTED,VERIFIED_SPECIAL_FORMAT,,1/2/3/4/5,,,,,some questions unmapped to module,6,13,DUPLICATE_Q:1/2/3/4/5,MCQ / 50-mark format,Previous Years QPs/CS/2023 CSE Odd sem.pdf#p83-95
Previous Years QPs/CS/CS Qp -merged 2024.pdf,QPB-21CS482-2024-JUN-SEE,63,67,Unix Shell Programming,21CS482,4,CSE,2021 Scheme,SEE,JUN 2024,50,60,51,51,0,false,,VERIFIED_SPECIAL_FORMAT,EXTRACTED,VERIFIED_SPECIAL_FORMAT,,1/2/3/4/5,,,,,some questions unmapped to module,,5,DUPLICATE_Q:1/2/3/4/5,MCQ / 50-mark format,Previous Years QPs/CS/CS Qp -merged 2024.pdf#p63-67
Previous Years QPs/CS/CS qp merged dec2024 jan 2025.pdf,QPB-BUHK408-2025-JAN-SEE,60,63,Universal Human Values,BUHK408,4,CSE,2022 Scheme,SEE,JAN 2025,50,60,52,52,0,false,,VERIFIED_SPECIAL_FORMAT,EXTRACTED,VERIFIED_SPECIAL_FORMAT,,1/2/3/4/5,,,,,some questions unmapped to module,4,4,DUPLICATE_Q:1/2/3/4/5,MCQ / 50-mark format,Previous Years QPs/CS/CS qp merged dec2024 jan 2025.pdf#p60-63
Previous Years QPs/CS/CS qp merged dec2024 jan 2025.pdf,QPB-BCS508-2025-JAN-SEE,70,75,Environmental Studies and E – Waste Management,BCS508,5,CSE,2022 Scheme,SEE,JAN 2025,50,60,51,51,0,false,,VERIFIED_SPECIAL_FORMAT,EXTRACTED,VERIFIED_SPECIAL_FORMAT,,1/2/3/4/5,,,,,some questions unmapped to module,5,6,DUPLICATE_Q:1/2/3/4/5,MCQ / 50-mark format,Previous Years QPs/CS/CS qp merged dec2024 jan 2025.pdf#p70-75
Previous Years QPs/CS/CS qp merged dec2024 jan 2025.pdf,QPB-BCS508-2025-JAN-SEE,76,81,Environmental Studies and E – Waste Management,BCS508,5,CSE,2022 Scheme,SEE,JAN 2025,50,60,51,51,0,false,,VERIFIED_SPECIAL_FORMAT,EXTRACTED,VERIFIED_SPECIAL_FORMAT,,1/2/3/4/5,,,,,some questions unmapped to module,5,6,DUPLICATE_Q:1/2/3/4/5,MCQ / 50-mark format,Previous Years QPs/CS/CS qp merged dec2024 jan 2025.pdf#p76-81
Previous Years QPs/CS/CS qp merged dec2024 jan 2025.pdf,QPB-BCS508-2025-JAN-SEE,82,87,Environmental Studies and E – Waste Management,BCS508,5,CSE,2022 Scheme,SEE,JAN 2025,50,60,51,51,0,false,,VERIFIED_SPECIAL_FORMAT,EXTRACTED,VERIFIED_SPECIAL_FORMAT,,1/2/3/4/5,,,,,some questions unmapped to module,5,6,DUPLICATE_Q:1/2/3/4/5,MCQ / 50-mark format,Previous Years QPs/CS/CS qp merged dec2024 jan 2025.pdf#p82-87
Previous Years QPs/CS/CS qp merged dec2024 jan 2025.pdf,QPB-BCS508-2025-JAN-SEE,88,93,Environmental Studies and E – Waste Management,BCS508,5,CSE,2022 Scheme,SEE,JAN 2025,50,60,51,51,0,false,,VERIFIED_SPECIAL_FORMAT,EXTRACTED,VERIFIED_SPECIAL_FORMAT,,1/2/3/4/5,,,,,some questions unmapped to module,5,6,DUPLICATE_Q:1/2/3/4/5,MCQ / 50-mark format,Previous Years QPs/CS/CS qp merged dec2024 jan 2025.pdf#p88-93
Previous Years QPs/CS/CS qp merged dec2024 jan 2025.pdf,QPB-BESK508-2025-JAN-SEE,95,98,Environmental Studies,BESK508,5,CSE,2022 Scheme,SEE,JAN 2025,50,60,52,52,0,false,,VERIFIED_SPECIAL_FORMAT,EXTRACTED,VERIFIED_SPECIAL_FORMAT,,1/2/3/4/5,,,,,some questions unmapped to module,4,4,DUPLICATE_Q:1/2/3/4/5,MCQ / 50-mark format,Previous Years QPs/CS/CS qp merged dec2024 jan 2025.pdf#p95-98
Previous Years QPs/CS/CS qp merged dec2024 jan 2025.pdf,QPB-BESK508-2025-JAN-SEE,99,102,Environmental Studies,BESK508,5,CSE,2022 Scheme,SEE,JAN 2025,50,60,52,52,0,false,,VERIFIED_SPECIAL_FORMAT,EXTRACTED,VERIFIED_SPECIAL_FORMAT,,1/2/3/4/5,,,,,some questions unmapped to module,4,4,DUPLICATE_Q:1/2/3/4/5,MCQ / 50-mark format,Previous Years QPs/CS/CS qp merged dec2024 jan 2025.pdf#p99-102
Previous Years QPs/CS/CS qp merged dec2024 jan 2025.pdf,QPB-BESK508-2025-JAN-SEE,103,106,Environmental Studies,BESK508,5,CSE,2022 Scheme,SEE,JAN 2025,50,60,52,52,0,false,,VERIFIED_SPECIAL_FORMAT,EXTRACTED,VERIFIED_SPECIAL_FORMAT,,1/2/3/4/5,,,,,some questions unmapped to module,4,4,DUPLICATE_Q:1/2/3/4/5,MCQ / 50-mark format,Previous Years QPs/CS/CS qp merged dec2024 jan 2025.pdf#p103-106
Previous Years QPs/CS/CS qp merged dec2024 jan 2025.pdf,QPB-BESK508-2025-JAN-SEE,107,110,Environmental Studies,BESK508,5,CSE,2022 Scheme,SEE,JAN 2025,50,60,52,52,0,false,,VERIFIED_SPECIAL_FORMAT,EXTRACTED,VERIFIED_SPECIAL_FORMAT,,1/2/3/4/5,,,,,some questions unmapped to module,4,4,DUPLICATE_Q:1/2/3/4/5,MCQ / 50-mark format,Previous Years QPs/CS/CS qp merged dec2024 jan 2025.pdf#p107-110
Previous Years QPs/CS/CSE_Even (1).pdf,QPB-BCS456B-2025-JAN-MODEL,21,26,Capacity Planning for IT,BCS456B,4,CSE,,MODEL,JAN 2025,50,60,50,50,0,false,,VERIFIED_SPECIAL_FORMAT,EXTRACTED,VERIFIED_SPECIAL_FORMAT,,1/2/3/4,,,,,some questions unmapped to module,6,6,DUPLICATE_Q:1/2/3/4,MCQ / 50-mark format,Previous Years QPs/CS/CSE_Even (1).pdf#p21-26
Previous Years QPs/CS/CSE_Even (1).pdf,QPB-BCS456C-2025-JAN-MODEL,27,34,Full Stack Development,BCS456C,4,CSE,,MODEL,JAN 2025,50,60,48,48,0,false,,VERIFIED_SPECIAL_FORMAT,EXTRACTED,VERIFIED_SPECIAL_FORMAT,,1/3/4/5,,,,,some questions unmapped to module,8,8,DUPLICATE_Q:1/3/4/5,MCQ / 50-mark format,Previous Years QPs/CS/CSE_Even (1).pdf#p27-34
Previous Years QPs/CS/CSE_Even (1).pdf,QPB-BUHK408-2025-JAN-SEE,35,38,Universal Human Values,BUHK408,4,CSE,2022 Scheme,SEE,JAN 2025,50,60,52,52,0,false,,VERIFIED_SPECIAL_FORMAT,EXTRACTED,VERIFIED_SPECIAL_FORMAT,,1/2/3/4/5,,,,,some questions unmapped to module,4,4,DUPLICATE_Q:1/2/3/4/5,MCQ / 50-mark format,Previous Years QPs/CS/CSE_Even (1).pdf#p35-38
Previous Years QPs/CV/2022-CV-Even Sem.pdf,QPB-18CIV59-2022-JUN-SEE,48,55,Environmental Studies (COMMON TO ALL BRANCHES),18CIV59,5,CV,2018 Scheme,SEE,JUN 2022,100,120,51,51,0,false,,VERIFIED_SPECIAL_FORMAT,EXTRACTED,VERIFIED_SPECIAL_FORMAT,,1/2/3/4/25,,,,,some questions unmapped to module,8,8,DUPLICATE_Q:1/2/3/4/25,MCQ / 50-mark format,Previous Years QPs/CV/2022-CV-Even Sem.pdf#p48-55
Previous Years QPs/CV/2022-CV-Even Sem.pdf,QPB-18CV72-2022-JUN-SEE,68,69,Design of RCC & Steel Structures,18CV72,7,CV,2018 Scheme,SEE,JUN 2022,100,180,4,4,2,false,,VERIFIED_SPECIAL_FORMAT,EXTRACTED,VERIFIED_SPECIAL_FORMAT,,,,,,,,2,2,,Reduced-module / high-mark design paper (not Q1–Q10),Previous Years QPs/CV/2022-CV-Even Sem.pdf#p68-69
Previous Years QPs/CV/2022-CV-Odd Sem.pdf,QPB-18CPC39/49-2022-FEB-SEE,20,29,"Constitution of India, Professional Ethics and Cyber Law (COMMON TO ALL BRANCHES)",18CPC39/49,4,CV,,SEE,FEB 2022,100,120,50,50,0,false,,VERIFIED_SPECIAL_FORMAT,EXTRACTED,VERIFIED_SPECIAL_FORMAT,,1/2/3/4/5,,,,,some questions unmapped to module,10,10,DUPLICATE_Q:1/2/3/4/5,MCQ / 50-mark format,Previous Years QPs/CV/2022-CV-Odd Sem.pdf#p20-29
Previous Years QPs/CV/2022-CV-Odd Sem.pdf,QPB-18CPC39/49-2022-FEB-SEE,30,39,"Constitution of India, Professional Ethics and Cyber Law (COMMON TO ALL BRANCHES)",18CPC39/49,4,CV,,SEE,FEB 2022,100,120,50,50,0,false,,VERIFIED_SPECIAL_FORMAT,EXTRACTED,VERIFIED_SPECIAL_FORMAT,,1/2/3/4/5,,,,,some questions unmapped to module,10,10,DUPLICATE_Q:1/2/3/4/5,MCQ / 50-mark format,Previous Years QPs/CV/2022-CV-Odd Sem.pdf#p30-39
Previous Years QPs/CV/2022-CV-Odd Sem.pdf,QPB-18CPC39/49-2022-FEB-SEE,40,49,"Constitution of India, Professional Ethics and Cyber Law (COMMON TO ALL BRANCHES)",18CPC39/49,4,CV,2018 Scheme,SEE,FEB 2022,100,120,51,51,0,false,,VERIFIED_SPECIAL_FORMAT,EXTRACTED,VERIFIED_SPECIAL_FORMAT,,1/2/3/4/5,,,,,some questions unmapped to module,10,10,DUPLICATE_Q:1/2/3/4/5,MCQ / 50-mark format,Previous Years QPs/CV/2022-CV-Odd Sem.pdf#p40-49
Previous Years QPs/CV/2022-CV-Odd Sem.pdf,QPB-18CPC39/49-2022-FEB-SEE,50,59,"Constitution of India, Professional Ethics and Cyber Law (COMMON TO ALL BRANCHES)",18CPC39/49,4,CV,,SEE,FEB 2022,100,120,50,50,0,false,,VERIFIED_SPECIAL_FORMAT,EXTRACTED,VERIFIED_SPECIAL_FORMAT,,1/2/3/4/5,,,,,some questions unmapped to module,10,10,DUPLICATE_Q:1/2/3/4/5,MCQ / 50-mark format,Previous Years QPs/CV/2022-CV-Odd Sem.pdf#p50-59
Previous Years QPs/CV/2022-CV-Odd Sem.pdf,QPB-MATDIP301-2022-FEB-SEE,62,63,Advanced Mathematics – I,MATDIP301,3,CV,,SEE,FEB 2022,100,180,8,22,0,false,,VERIFIED_SPECIAL_FORMAT,EXTRACTED,VERIFIED_SPECIAL_FORMAT,,,,2 q without marks,,,some questions unmapped to module,2,2,,Non-standard VTU format (not five-module SEE),Previous Years QPs/CV/2022-CV-Odd Sem.pdf#p62-63
Previous Years QPs/CV/2022-CV-Odd Sem.pdf,QPB-18CIV59-2022-FEB-SEE,77,84,Environmental Studies (COMMON TO ALL BRANCHES),18CIV59,5,CV,2018 Scheme,SEE,FEB 2022,100,120,50,50,0,false,,VERIFIED_SPECIAL_FORMAT,EXTRACTED,VERIFIED_SPECIAL_FORMAT,,1/2/3/4/5,,,,,some questions unmapped to module,8,8,DUPLICATE_Q:1/2/3/4/5,MCQ / 50-mark format,Previous Years QPs/CV/2022-CV-Odd Sem.pdf#p77-84
Previous Years QPs/CV/2022-CV-Odd Sem.pdf,QPB-18CIV59-2022-FEB-SEE,85,92,Environmental Studies (COMMON TO ALL BRANCHES),18CIV59,5,CV,2018 Scheme,SEE,FEB 2022,100,120,51,51,0,false,,VERIFIED_SPECIAL_FORMAT,EXTRACTED,VERIFIED_SPECIAL_FORMAT,,1/2/3/4/5,,,,,some questions unmapped to module,8,8,DUPLICATE_Q:1/2/3/4/5,MCQ / 50-mark format,Previous Years QPs/CV/2022-CV-Odd Sem.pdf#p85-92
Previous Years QPs/CV/2022-CV-Odd Sem.pdf,QPB-18CIV59-2022-FEB-SEE,93,100,Environmental Studies (COMMON TO ALL BRANCHES),18CIV59,5,CV,2018 Scheme,SEE,FEB 2022,100,120,51,51,0,false,,VERIFIED_SPECIAL_FORMAT,EXTRACTED,VERIFIED_SPECIAL_FORMAT,,1/2/3/4/5,,,,,some questions unmapped to module,8,8,DUPLICATE_Q:1/2/3/4/5,MCQ / 50-mark format,Previous Years QPs/CV/2022-CV-Odd Sem.pdf#p93-100
Previous Years QPs/CV/2022-CV-Odd Sem.pdf,QPB-18CIV59-2022-FEB-SEE,101,108,Environmental Studies (COMMON TO ALL BRANCHES),18CIV59,5,CV,2018 Scheme,SEE,FEB 2022,100,120,51,51,0,false,,VERIFIED_SPECIAL_FORMAT,EXTRACTED,VERIFIED_SPECIAL_FORMAT,,1/2/3/4/5,,,,,some questions unmapped to module,8,8,DUPLICATE_Q:1/2/3/4/5,MCQ / 50-mark format,Previous Years QPs/CV/2022-CV-Odd Sem.pdf#p101-108
Previous Years QPs/CV/2022-CV-Odd Sem.pdf,QPB-18CV72-2022-FEB-SEE,112,113,Design of RCC and Steel Structures,18CV72,7,CV,2018 Scheme,SEE,FEB 2022,100,180,4,4,2,false,,VERIFIED_SPECIAL_FORMAT,EXTRACTED,VERIFIED_SPECIAL_FORMAT,,,,,,,,2,2,,Non-standard VTU format (not five-module SEE),Previous Years QPs/CV/2022-CV-Odd Sem.pdf#p112-113
Previous Years QPs/CV/2024-CV-Odd Sem.pdf,QPB-BCEDK103/203-2024-JAN-SEE,3,3,COMPUTER AIDED ENGINEERING DRAWING,BCEDK103/203,1,CV,CBCS Scheme,SEE,JAN 2024,100,180,4,4,0,false,,VERIFIED_SPECIAL_FORMAT,EXTRACTED,VERIFIED_SPECIAL_FORMAT,,,,2 q without marks,,,,,1,,Non-standard VTU format (not five-module SEE),Previous Years QPs/CV/2024-CV-Odd Sem.pdf#p3-3
Previous Years QPs/CV/2024-CV-Odd Sem.pdf,QPB-BENGK106/BENGK206/22BD17-2024-JAN-SEE,10,13,Communicative English,BENGK106/BENGK206/22BD17,1,CV,2022 Scheme,SEE,JAN 2024,50,60,52,52,0,false,,VERIFIED_SPECIAL_FORMAT,EXTRACTED,VERIFIED_SPECIAL_FORMAT,,1/2/3/4/5,,,,,some questions unmapped to module,4,4,DUPLICATE_Q:1/2/3/4/5,MCQ / 50-mark format,Previous Years QPs/CV/2024-CV-Odd Sem.pdf#p10-13
Previous Years QPs/CV/2024-CV-Odd Sem.pdf,QPB-22BD17-2024-JAN-SEE,14,17,Communicative English,22BD17,1,CV,2022 Scheme,SEE,JAN 2024,50,60,52,52,0,false,,VERIFIED_SPECIAL_FORMAT,EXTRACTED,VERIFIED_SPECIAL_FORMAT,,1/2/3/4,,,,,some questions unmapped to module,4,4,DUPLICATE_Q:1/2/3/4,MCQ / 50-mark format,Previous Years QPs/CV/2024-CV-Odd Sem.pdf#p14-17
Previous Years QPs/CV/2024-CV-Odd Sem.pdf,QPB-22BD17-2024-JAN-SEE,18,21,Communicative English,22BD17,1,CV,2022 Scheme,SEE,JAN 2024,50,60,52,52,0,false,,VERIFIED_SPECIAL_FORMAT,EXTRACTED,VERIFIED_SPECIAL_FORMAT,,1/2/3/4/5,,,,,some questions unmapped to module,4,4,DUPLICATE_Q:1/2/3/4/5,MCQ / 50-mark format,Previous Years QPs/CV/2024-CV-Odd Sem.pdf#p18-21
Previous Years QPs/CV/2024-CV-Odd Sem.pdf,QPB-22BD17-2024-JAN-SEE,22,25,Communicative English,22BD17,1,CV,2022 Scheme,SEE,JAN 2024,50,60,52,52,0,false,,VERIFIED_SPECIAL_FORMAT,EXTRACTED,VERIFIED_SPECIAL_FORMAT,,1/2/3/4/5,,,,,some questions unmapped to module,4,4,DUPLICATE_Q:1/2/3/4/5,MCQ / 50-mark format,Previous Years QPs/CV/2024-CV-Odd Sem.pdf#p22-25
Previous Years QPs/CV/2024-CV-Odd Sem.pdf,QPB-BICOK107/207-2024-JAN-SUPPLEMENTARY,31,34,Indian Constitution,BICOK107/207,1,CV,,SUPPLEMENTARY,JAN 2024,50,60,52,52,0,false,,VERIFIED_SPECIAL_FORMAT,EXTRACTED,VERIFIED_SPECIAL_FORMAT,,1/2/3/4/5,,,,,some questions unmapped to module,4,4,DUPLICATE_Q:1/2/3/4/5,MCQ / 50-mark format,Previous Years QPs/CV/2024-CV-Odd Sem.pdf#p31-34
Previous Years QPs/CV/2024-CV-Odd Sem.pdf,QPB-BICOK107/207-2024-JAN-SUPPLEMENTARY,35,38,Indian Constitution,BICOK107/207,1,CV,,SUPPLEMENTARY,JAN 2024,50,60,52,52,0,false,,VERIFIED_SPECIAL_FORMAT,EXTRACTED,VERIFIED_SPECIAL_FORMAT,,1/2/3/4/5,,,,,some questions unmapped to module,4,4,DUPLICATE_Q:1/2/3/4/5,MCQ / 50-mark format,Previous Years QPs/CV/2024-CV-Odd Sem.pdf#p35-38
Previous Years QPs/CV/2024-CV-Odd Sem.pdf,QPB-BICOK107/207-2024-JAN-SUPPLEMENTARY,39,42,Indian Constitution,BICOK107/207,1,CV,,SUPPLEMENTARY,JAN 2024,50,60,52,52,0,false,,VERIFIED_SPECIAL_FORMAT,EXTRACTED,VERIFIED_SPECIAL_FORMAT,,1/2/3/4/5,,,,,some questions unmapped to module,4,4,DUPLICATE_Q:1/2/3/4/5,MCQ / 50-mark format,Previous Years QPs/CV/2024-CV-Odd Sem.pdf#p39-42
Previous Years QPs/CV/2024-CV-Odd Sem.pdf,QPB-BICOK107/207-2024-JAN-SUPPLEMENTARY,43,46,Indian Constitution,BICOK107/207,1,CV,,SUPPLEMENTARY,JAN 2024,50,60,52,52,0,false,,VERIFIED_SPECIAL_FORMAT,EXTRACTED,VERIFIED_SPECIAL_FORMAT,,1/2/3/4/5,,,,,some questions unmapped to module,4,4,DUPLICATE_Q:1/2/3/4/5,MCQ / 50-mark format,Previous Years QPs/CV/2024-CV-Odd Sem.pdf#p43-46
Previous Years QPs/CV/BE Civil Qp -2024 odd Sem.pdf,QPB-21CIV57-2024-JAN-SEE,12,15,Environmental Studies,21CIV57,5,CV,2021 Scheme,SEE,JAN 2024,50,60,52,52,0,false,,VERIFIED_SPECIAL_FORMAT,EXTRACTED,VERIFIED_SPECIAL_FORMAT,,1/2/3/4/5,,,,,some questions unmapped to module,4,4,DUPLICATE_Q:1/2/3/4/5,MCQ / 50-mark format,Previous Years QPs/CV/BE Civil Qp -2024 odd Sem.pdf#p12-15
Previous Years QPs/CV/BE Civil Qp -2024 odd Sem.pdf,QPB-21CIV57-2024-JAN-SEE,16,19,Environmental Studies,21CIV57,5,CV,2021 Scheme,SEE,JAN 2024,50,60,4,4,0,false,,VERIFIED_SPECIAL_FORMAT,EXTRACTED,VERIFIED_SPECIAL_FORMAT,,,,,,,some questions unmapped to module,4,4,,MCQ / 50-mark format,Previous Years QPs/CV/BE Civil Qp -2024 odd Sem.pdf#p16-19
Previous Years QPs/CV/BE Civil Qp -2024 odd Sem.pdf,QPB-21CIV57-2024-JAN-SEE,20,23,Environmental Studies,21CIV57,5,CV,2021 Scheme,SEE,JAN 2024,50,60,4,4,0,false,,VERIFIED_SPECIAL_FORMAT,EXTRACTED,VERIFIED_SPECIAL_FORMAT,,,,,,,some questions unmapped to module,4,4,,MCQ / 50-mark format,Previous Years QPs/CV/BE Civil Qp -2024 odd Sem.pdf#p20-23
Previous Years QPs/CV/BE Civil Qp -2024 odd Sem.pdf,QPB-21CIV57-2024-JAN-SEE,24,27,Environmental Studies,21CIV57,5,CV,2021 Scheme,SEE,JAN 2024,50,60,4,4,0,false,,VERIFIED_SPECIAL_FORMAT,EXTRACTED,VERIFIED_SPECIAL_FORMAT,,,,,,,some questions unmapped to module,4,4,,MCQ / 50-mark format,Previous Years QPs/CV/BE Civil Qp -2024 odd Sem.pdf#p24-27
Previous Years QPs/CV/BE Civil Qp -2024 odd Sem.pdf,QPB-18CV72-2024-JAN-SEE,41,41,Design of RCC and Steel Structure,18CV72,7,CV,,SEE,JAN 2024,100,180,4,4,2,false,,VERIFIED_SPECIAL_FORMAT,EXTRACTED,VERIFIED_SPECIAL_FORMAT,,,,,,,,,1,,Reduced-module / high-mark design paper (not Q1–Q10),Previous Years QPs/CV/BE Civil Qp -2024 odd Sem.pdf#p41-41
Previous Years QPs/CV/CIV_Odd- Dec-jan 2025.pdf,QPB-BESK508-2025-JAN-SEE,17,20,Environmental Studies,BESK508,5,CV,2022 Scheme,SEE,JAN 2025,50,60,52,52,0,false,,VERIFIED_SPECIAL_FORMAT,EXTRACTED,VERIFIED_SPECIAL_FORMAT,,1/2/3/4/5,,,,,some questions unmapped to module,4,4,DUPLICATE_Q:1/2/3/4/5,MCQ / 50-mark format,Previous Years QPs/CV/CIV_Odd- Dec-jan 2025.pdf#p17-20
Previous Years QPs/CV/CIV_Odd- Dec-jan 2025.pdf,QPB-BESK508-2025-JAN-SEE,21,24,Environmental Studies,BESK508,5,CV,2022 Scheme,SEE,JAN 2025,50,60,52,52,0,false,,VERIFIED_SPECIAL_FORMAT,EXTRACTED,VERIFIED_SPECIAL_FORMAT,,1/2/3/4/5,,,,,some questions unmapped to module,4,4,DUPLICATE_Q:1/2/3/4/5,MCQ / 50-mark format,Previous Years QPs/CV/CIV_Odd- Dec-jan 2025.pdf#p21-24
Previous Years QPs/CV/CIV_Odd- Dec-jan 2025.pdf,QPB-BESK508-2025-JAN-SEE,25,28,Environmental Studies,BESK508,5,CV,2022 Scheme,SEE,JAN 2025,50,60,52,52,0,false,,VERIFIED_SPECIAL_FORMAT,EXTRACTED,VERIFIED_SPECIAL_FORMAT,,1/2/3/4/5,,,,,some questions unmapped to module,4,4,DUPLICATE_Q:1/2/3/4/5,MCQ / 50-mark format,Previous Years QPs/CV/CIV_Odd- Dec-jan 2025.pdf#p25-28
Previous Years QPs/CV/CIV_Odd- Dec-jan 2025.pdf,QPB-BESK508-2025-JAN-SEE,29,32,Environmental Studies,BESK508,5,CV,2022 Scheme,SEE,JAN 2025,50,60,52,52,0,false,,VERIFIED_SPECIAL_FORMAT,EXTRACTED,VERIFIED_SPECIAL_FORMAT,,1/2/3/4/5,,,,,some questions unmapped to module,4,4,DUPLICATE_Q:1/2/3/4/5,MCQ / 50-mark format,Previous Years QPs/CV/CIV_Odd- Dec-jan 2025.pdf#p29-32
Previous Years QPs/CV/CIV_Odd- Dec-jan 2025.pdf,QPB-21CIV57-2025-JAN-SEE,38,41,Environmental Studies,21CIV57,5,CV,2021 Scheme,SEE,JAN 2025,50,60,52,52,0,false,,VERIFIED_SPECIAL_FORMAT,EXTRACTED,VERIFIED_SPECIAL_FORMAT,,1/2/3/4/5,,,,,some questions unmapped to module,4,4,DUPLICATE_Q:1/2/3/4/5,MCQ / 50-mark format,Previous Years QPs/CV/CIV_Odd- Dec-jan 2025.pdf#p38-41
Previous Years QPs/CV/CV QP Dec 2024- Jan 2025.pdf,QPB-21CV384-2025-JAN-SEE,3,7,Infrastructure Finance,21CV384,3,CV,2021 Scheme,SEE,JAN 2025,50,60,51,51,0,false,,VERIFIED_SPECIAL_FORMAT,EXTRACTED,VERIFIED_SPECIAL_FORMAT,,1/2/3/4/5,,,,,some questions unmapped to module,5,5,DUPLICATE_Q:1/2/3/4/5,MCQ / 50-mark format,Previous Years QPs/CV/CV QP Dec 2024- Jan 2025.pdf#p3-7
Previous Years QPs/CV/CV QP Dec 2024- Jan 2025.pdf,QPB-21CIV57-2025-JAN-SEE,18,21,Environmental Studies,21CIV57,5,CV,2021 Scheme,SEE,JAN 2025,50,60,52,52,0,false,,VERIFIED_SPECIAL_FORMAT,EXTRACTED,VERIFIED_SPECIAL_FORMAT,,1/2/3/4/5,,,,,some questions unmapped to module,4,4,DUPLICATE_Q:1/2/3/4/5,MCQ / 50-mark format,Previous Years QPs/CV/CV QP Dec 2024- Jan 2025.pdf#p18-21
Previous Years QPs/CV/CV QP Dec 2024- Jan 2025.pdf,QPB-21CV731-2025-JAN-SEE,28,29,Advanced Design of RCC and Steel Structures,21CV731,7,CV,,SEE,JAN 2025,100,180,4,4,2,false,,VERIFIED_SPECIAL_FORMAT,EXTRACTED,VERIFIED_SPECIAL_FORMAT,,,,,,,,2,2,,Reduced-module / high-mark design paper (not Q1–Q10),Previous Years QPs/CV/CV QP Dec 2024- Jan 2025.pdf#p28-29
Previous Years QPs/CV/CV QP Dec 2024- Jan 2025.pdf,QPB-BCV456C-2025-JAN-SEE,50,54,Electronic Waste Management - Issues and Challenges,BCV456C,4,CV,,SEE,JAN 2025,50,60,53,53,0,false,,VERIFIED_SPECIAL_FORMAT,EXTRACTED,VERIFIED_SPECIAL_FORMAT,,1/2/3/4/5,,,,,some questions unmapped to module,5,5,DUPLICATE_Q:1/2/3/4/5,MCQ / 50-mark format,Previous Years QPs/CV/CV QP Dec 2024- Jan 2025.pdf#p50-54
Previous Years QPs/CV/CV QP Dec 2024- Jan 2025.pdf,QPB-BUHK408-2025-JAN-SEE,57,60,Universal Human Values,BUHK408,4,CV,2022 Scheme,SEE,JAN 2025,50,60,52,52,0,false,,VERIFIED_SPECIAL_FORMAT,EXTRACTED,VERIFIED_SPECIAL_FORMAT,,1/2/3/4/5,,,,,some questions unmapped to module,4,4,DUPLICATE_Q:1/2/3/4/5,MCQ / 50-mark format,Previous Years QPs/CV/CV QP Dec 2024- Jan 2025.pdf#p57-60
Previous Years QPs/CV/CV QP Dec 2024- Jan 2025.pdf,QPB-BESK508-2025-JAN-SEE,70,73,Environmental Studies,BESK508,5,CV,2022 Scheme,SEE,JAN 2025,50,60,52,52,0,false,,VERIFIED_SPECIAL_FORMAT,EXTRACTED,VERIFIED_SPECIAL_FORMAT,,1/2/3/4/5,,,,,some questions unmapped to module,4,4,DUPLICATE_Q:1/2/3/4/5,MCQ / 50-mark format,Previous Years QPs/CV/CV QP Dec 2024- Jan 2025.pdf#p70-73
Previous Years QPs/CV/CV QP Dec 2024- Jan 2025.pdf,QPB-BESK508-2025-JAN-SEE,74,77,Environmental Studies,BESK508,5,CV,2022 Scheme,SEE,JAN 2025,50,60,52,52,0,false,,VERIFIED_SPECIAL_FORMAT,EXTRACTED,VERIFIED_SPECIAL_FORMAT,,1/2/3/4/5,,,,,some questions unmapped to module,4,4,DUPLICATE_Q:1/2/3/4/5,MCQ / 50-mark format,Previous Years QPs/CV/CV QP Dec 2024- Jan 2025.pdf#p74-77
Previous Years QPs/CV/CV QP Dec 2024- Jan 2025.pdf,QPB-BESK508-2025-JAN-SEE,78,81,Environmental Studies,BESK508,5,CV,2022 Scheme,SEE,JAN 2025,50,60,52,52,0,false,,VERIFIED_SPECIAL_FORMAT,EXTRACTED,VERIFIED_SPECIAL_FORMAT,,1/2/3/4/5,,,,,some questions unmapped to module,4,4,DUPLICATE_Q:1/2/3/4/5,MCQ / 50-mark format,Previous Years QPs/CV/CV QP Dec 2024- Jan 2025.pdf#p78-81
Previous Years QPs/CV/CV QP Dec 2024- Jan 2025.pdf,QPB-BESK508-2025-JAN-SEE,82,85,Environmental Studies,BESK508,5,CV,2022 Scheme,SEE,JAN 2025,50,60,52,52,0,false,,VERIFIED_SPECIAL_FORMAT,EXTRACTED,VERIFIED_SPECIAL_FORMAT,,1/2/3/4/5,,,,,some questions unmapped to module,4,4,DUPLICATE_Q:1/2/3/4/5,MCQ / 50-mark format,Previous Years QPs/CV/CV QP Dec 2024- Jan 2025.pdf#p82-85
Previous Years QPs/CV/CV QP2024.pdf,QPB-18CV72-2024-JUN-SEE,29,30,Design of RCC and Steel Structures,18CV72,7,CV,,SEE,JUN 2024,100,180,4,4,2,false,,VERIFIED_SPECIAL_FORMAT,EXTRACTED,VERIFIED_SPECIAL_FORMAT,,,,,,,,2,2,,Non-standard VTU format (not five-module SEE),Previous Years QPs/CV/CV QP2024.pdf#p29-30
Previous Years QPs/CV/CV QP2024.pdf,QPB-21CV485-2024-JUN-MODEL,52,57,Green Buildings,21CV485,4,CV,2021 Scheme,MODEL,JUN 2024,50,60,50,50,0,false,,VERIFIED_SPECIAL_FORMAT,EXTRACTED,VERIFIED_SPECIAL_FORMAT,,1/2/3/4,,,,,some questions unmapped to module,6,6,DUPLICATE_Q:1/2/3/4,MCQ / 50-mark format,Previous Years QPs/CV/CV QP2024.pdf#p52-57
Previous Years QPs/EC/2023 ECE Even sem.pdf,QPB-21CIP37/21CIP47-2023-JUN-SEE,4,7,CONSTITUTION OF INDIA AND PROFESSIONAL ETHICS,21CIP37/21CIP47,4,ECE,2021 Scheme,SEE,JUN 2023,50,60,52,52,0,false,,VERIFIED_SPECIAL_FORMAT,EXTRACTED,VERIFIED_SPECIAL_FORMAT,,1/2/3/4/5,,,,,some questions unmapped to module,4,4,DUPLICATE_Q:1/2/3/4/5,MCQ / 50-mark format,Previous Years QPs/EC/2023 ECE Even sem.pdf#p4-7
Previous Years QPs/EC/2023 ECE Even sem.pdf,QPB-21CIP37/21CIP47-2023-JUN-SEE,8,11,CONSTITUTION OF INDIA AND PROFESSIONAL ETHICS,21CIP37/21CIP47,4,ECE,2021 Scheme,SEE,JUN 2023,50,60,52,52,0,false,,VERIFIED_SPECIAL_FORMAT,EXTRACTED,VERIFIED_SPECIAL_FORMAT,,1/2/3/4/5,,,,,some questions unmapped to module,4,4,DUPLICATE_Q:1/2/3/4/5,MCQ / 50-mark format,Previous Years QPs/EC/2023 ECE Even sem.pdf#p8-11
Previous Years QPs/EC/2023 ECE Even sem.pdf,QPB-21CIP37/21CIP47-2023-JUN-SEE,12,15,CONSTITUTION OF INDIA AND PROFESSIONAL ETHICS,21CIP37/21CIP47,4,ECE,2021 Scheme,SEE,JUN 2023,50,60,52,52,0,false,,VERIFIED_SPECIAL_FORMAT,EXTRACTED,VERIFIED_SPECIAL_FORMAT,,1/2/3/4/5,,,,,some questions unmapped to module,4,4,DUPLICATE_Q:1/2/3/4/5,MCQ / 50-mark format,Previous Years QPs/EC/2023 ECE Even sem.pdf#p12-15
Previous Years QPs/EC/2023 ECE Even sem.pdf,QPB-21CIP37/21CIP47-2023-JUN-SEE,16,19,CONSTITUTION OF INDIA AND PROFESSIONAL ETHICS,21CIP37/21CIP47,4,ECE,2021 Scheme,SEE,JUN 2023,50,60,52,52,0,false,,VERIFIED_SPECIAL_FORMAT,EXTRACTED,VERIFIED_SPECIAL_FORMAT,,1/2/3/4/5,,,,,some questions unmapped to module,4,4,DUPLICATE_Q:1/2/3/4/5,MCQ / 50-mark format,Previous Years QPs/EC/2023 ECE Even sem.pdf#p16-19
Previous Years QPs/EC/2023 ECE Even sem.pdf,QPB-21KBK47-2023-JUN-SEE,27,30,Balake Kannada,21KBK47,4,ECE,2021 Scheme,SEE,JUN 2023,50,60,52,52,0,false,,VERIFIED_SPECIAL_FORMAT,EXTRACTED,VERIFIED_SPECIAL_FORMAT,,1/2/3/4/5,,,,,some questions unmapped to module,4,4,DUPLICATE_Q:1/2/3/4/5,MCQ / 50-mark format,Previous Years QPs/EC/2023 ECE Even sem.pdf#p27-30
Previous Years QPs/EC/2023 ECE Even sem.pdf,QPB-21KBK47-2023-JUN-SEE,31,34,Balake Kannada,21KBK47,4,ECE,2021 Scheme,SEE,JUN 2023,50,60,51,51,0,false,,VERIFIED_SPECIAL_FORMAT,EXTRACTED,VERIFIED_SPECIAL_FORMAT,,1/2/3/4/5,,,,,some questions unmapped to module,4,4,DUPLICATE_Q:1/2/3/4/5,MCQ / 50-mark format,Previous Years QPs/EC/2023 ECE Even sem.pdf#p31-34
Previous Years QPs/EC/2023 ECE Even sem.pdf,QPB-21KBK47-2023-JUN-SEE,35,38,Balake Kannada,21KBK47,4,ECE,2021 Scheme,SEE,JUN 2023,50,60,52,52,0,false,,VERIFIED_SPECIAL_FORMAT,EXTRACTED,VERIFIED_SPECIAL_FORMAT,,1/2/3/4/5,,,,,some questions unmapped to module,4,4,DUPLICATE_Q:1/2/3/4/5,MCQ / 50-mark format,Previous Years QPs/EC/2023 ECE Even sem.pdf#p35-38
Previous Years QPs/EC/2023 ECE Even sem.pdf,QPB-21KBK47-2023-JUN-SEE,39,42,Balake Kannada,21KBK47,4,ECE,2021 Scheme,SEE,JUN 2023,50,60,52,52,0,false,,VERIFIED_SPECIAL_FORMAT,EXTRACTED,VERIFIED_SPECIAL_FORMAT,,1/2/3/4/5,,,,,some questions unmapped to module,4,4,DUPLICATE_Q:1/2/3/4/5,MCQ / 50-mark format,Previous Years QPs/EC/2023 ECE Even sem.pdf#p39-42
Previous Years QPs/EC/2023 ECE Even sem.pdf,QPB-21KSK47-2023-JUN-SEE,43,48,±ಾ ಾ ಸ ĂĦ ಕ ಕನ Ç ಡ - Samskruthika Kannada,21KSK47,,ECE,2021 Scheme,SEE,JUN 2023,50,60,14,54,0,false,,VERIFIED_SPECIAL_FORMAT,EXTRACTED,VERIFIED_SPECIAL_FORMAT,,,,12 q without marks,,,some questions unmapped to module,6,6,,Non-standard VTU format (not five-module SEE),Previous Years QPs/EC/2023 ECE Even sem.pdf#p43-48
Previous Years QPs/EC/2023 ECE Even sem.pdf,QPB-21KSK47-2023-JUN-SEE,49,54,±ಾ ಾ ಸ ĂĦ ಕ ಕನ Ç ಡ - Samskruthika Kannada,21KSK47,4,ECE,2021 Scheme,SEE,JUN 2023,50,60,14,55,0,false,,VERIFIED_SPECIAL_FORMAT,EXTRACTED,VERIFIED_SPECIAL_FORMAT,,,,12 q without marks,,,some questions unmapped to module,6,6,,Non-standard VTU format (not five-module SEE),Previous Years QPs/EC/2023 ECE Even sem.pdf#p49-54
Previous Years QPs/EC/2023 ECE Even sem.pdf,QPB-21KSK47-2023-JUN-SEE,55,61,±ಾ ಾ ಸ ĂĦ ಕ ಕನ Ç ಡ - Samskruthika Kannada,21KSK47,,ECE,2021 Scheme,SEE,JUN 2023,50,60,14,56,0,false,,VERIFIED_SPECIAL_FORMAT,EXTRACTED,VERIFIED_SPECIAL_FORMAT,,,,11 q without marks,,,some questions unmapped to module,6,7,,Non-standard VTU format (not five-module SEE),Previous Years QPs/EC/2023 ECE Even sem.pdf#p55-61
Previous Years QPs/EC/2023 ECE Even sem.pdf,QPB-21KSK47-2023-JUN-SEE,62,67,±ಾ ಾ ಸ ĂĦ ಕ ಕನ Ç ಡ - Samskruthika Kannada,21KSK47,4,ECE,2021 Scheme,SEE,JUN 2023,50,60,14,57,0,false,,VERIFIED_SPECIAL_FORMAT,EXTRACTED,VERIFIED_SPECIAL_FORMAT,,,,12 q without marks,,,some questions unmapped to module,6,6,,Non-standard VTU format (not five-module SEE),Previous Years QPs/EC/2023 ECE Even sem.pdf#p62-67
Previous Years QPs/EC/2023 ECE Even sem.pdf,QPB-21UH49-2023-JUN-SEE,68,71,Universal Human Values,21UH49,4,ECE,2021 Scheme,SEE,JUN 2023,50,60,52,52,0,false,,VERIFIED_SPECIAL_FORMAT,EXTRACTED,VERIFIED_SPECIAL_FORMAT,,1/2/3/4/5,,,,,some questions unmapped to module,4,4,DUPLICATE_Q:1/2/3/4/5,MCQ / 50-mark format,Previous Years QPs/EC/2023 ECE Even sem.pdf#p68-71
Previous Years QPs/EC/2023 ECE Even sem.pdf,QPB-21UH49-2023-JUN-SEE,72,75,Universal Human Values,21UH49,4,ECE,2021 Scheme,SEE,JUN 2023,50,60,53,53,0,false,,VERIFIED_SPECIAL_FORMAT,EXTRACTED,VERIFIED_SPECIAL_FORMAT,,1/2/3/4/5,,,,,some questions unmapped to module,4,4,DUPLICATE_Q:1/2/3/4/5,MCQ / 50-mark format,Previous Years QPs/EC/2023 ECE Even sem.pdf#p72-75
Previous Years QPs/EC/2023 ECE Even sem.pdf,QPB-21UH49-2023-JUN-SEE,76,79,Universal Human Values,21UH49,4,ECE,2021 Scheme,SEE,JUN 2023,50,60,52,52,0,false,,VERIFIED_SPECIAL_FORMAT,EXTRACTED,VERIFIED_SPECIAL_FORMAT,,1/2/3/4/5,,,,,some questions unmapped to module,4,4,DUPLICATE_Q:1/2/3/4/5,MCQ / 50-mark format,Previous Years QPs/EC/2023 ECE Even sem.pdf#p76-79
Previous Years QPs/EC/2023 ECE Even sem.pdf,QPB-21UH49-2023-JUN-SEE,80,83,Universal Human Values,21UH49,4,ECE,2021 Scheme,SEE,JUN 2023,50,60,52,52,0,false,,VERIFIED_SPECIAL_FORMAT,EXTRACTED,VERIFIED_SPECIAL_FORMAT,,1/2/3/4/5,,,,,some questions unmapped to module,4,4,DUPLICATE_Q:1/2/3/4/5,MCQ / 50-mark format,Previous Years QPs/EC/2023 ECE Even sem.pdf#p80-83
Previous Years QPs/EC/2023 ECE Odd sem.pdf,QPB-18CIV59-2023-JAN-SEE,18,26,Environmental Studies (COMMON TO ALL BRANCHES),18CIV59,5,ECE,2018 Scheme,SEE,JAN 2023,100,120,51,51,0,false,,VERIFIED_SPECIAL_FORMAT,EXTRACTED,VERIFIED_SPECIAL_FORMAT,,1/2/3/4/5,,,,,some questions unmapped to module,8,9,DUPLICATE_Q:1/2/3/4/5,MCQ / 50-mark format,Previous Years QPs/EC/2023 ECE Odd sem.pdf#p18-26
Previous Years QPs/EC/2023 ECE Odd sem.pdf,QPB-18CIV59-2023-JAN-SEE,27,34,Environmental Studies (COMMON TO ALL BRANCHES),18CIV59,5,ECE,2018 Scheme,SEE,JAN 2023,100,120,51,51,0,false,,VERIFIED_SPECIAL_FORMAT,EXTRACTED,VERIFIED_SPECIAL_FORMAT,,1/2/3/4/5,,,,,some questions unmapped to module,8,8,DUPLICATE_Q:1/2/3/4/5,MCQ / 50-mark format,Previous Years QPs/EC/2023 ECE Odd sem.pdf#p27-34
Previous Years QPs/EC/2023 ECE Odd sem.pdf,QPB-18CIV59-2023-JAN-SEE,35,42,Environmental Studies (COMMON TO ALL BRANCHES),18CIV59,5,ECE,2018 Scheme,SEE,JAN 2023,100,120,51,51,0,false,,VERIFIED_SPECIAL_FORMAT,EXTRACTED,VERIFIED_SPECIAL_FORMAT,,1/2/3/4/5,,,,,some questions unmapped to module,8,8,DUPLICATE_Q:1/2/3/4/5,MCQ / 50-mark format,Previous Years QPs/EC/2023 ECE Odd sem.pdf#p35-42
Previous Years QPs/EC/2023 ECE Odd sem.pdf,QPB-18CIV59-2023-JAN-SEE,43,50,Environmental Studies (COMMON TO ALL BRANCHES),18CIV59,5,ECE,2018 Scheme,SEE,JAN 2023,100,120,51,51,0,false,,VERIFIED_SPECIAL_FORMAT,EXTRACTED,VERIFIED_SPECIAL_FORMAT,,1/2/3/4/5,,,,,some questions unmapped to module,8,8,DUPLICATE_Q:1/2/3/4/5,MCQ / 50-mark format,Previous Years QPs/EC/2023 ECE Odd sem.pdf#p43-50
Previous Years QPs/EC/2023 ECE Odd sem.pdf,QPB-21CIP37-2023-JAN-SEE,77,80,CONSTITUTION OF INDIA AND PROFESSIONAL ETHICS,21CIP37,3,ECE,2021 Scheme,SEE,JAN 2023,50,60,52,52,0,false,,VERIFIED_SPECIAL_FORMAT,EXTRACTED,VERIFIED_SPECIAL_FORMAT,,1/2/3/4/5,,,,,some questions unmapped to module,4,4,DUPLICATE_Q:1/2/3/4/5,MCQ / 50-mark format,Previous Years QPs/EC/2023 ECE Odd sem.pdf#p77-80
Previous Years QPs/EC/2023 ECE Odd sem.pdf,QPB-21CIP37-2023-JAN-SEE,81,84,CONSTITUTION OF INDIA AND PROFESSIONAL ETHICS,21CIP37,3,ECE,2021 Scheme,SEE,JAN 2023,50,60,52,52,0,false,,VERIFIED_SPECIAL_FORMAT,EXTRACTED,VERIFIED_SPECIAL_FORMAT,,1/2/3/4/5,,,,,some questions unmapped to module,4,4,DUPLICATE_Q:1/2/3/4/5,MCQ / 50-mark format,Previous Years QPs/EC/2023 ECE Odd sem.pdf#p81-84
Previous Years QPs/EC/2023 ECE Odd sem.pdf,QPB-21CIP37-2023-JAN-SEE,85,88,CONSTITUTION OF INDIA AND PROFESSIONAL ETHICS,21CIP37,3,ECE,2021 Scheme,SEE,JAN 2023,50,60,52,52,0,false,,VERIFIED_SPECIAL_FORMAT,EXTRACTED,VERIFIED_SPECIAL_FORMAT,,1/2/3/4/5,,,,,some questions unmapped to module,4,4,DUPLICATE_Q:1/2/3/4/5,MCQ / 50-mark format,Previous Years QPs/EC/2023 ECE Odd sem.pdf#p85-88
Previous Years QPs/EC/2023 ECE Odd sem.pdf,QPB-21CIP37-2023-JAN-SEE,89,92,CONSTITUTION OF INDIA AND PROFESSIONAL ETHICS,21CIP37,3,ECE,2021 Scheme,SEE,JAN 2023,50,60,52,52,0,false,,VERIFIED_SPECIAL_FORMAT,EXTRACTED,VERIFIED_SPECIAL_FORMAT,,1/2/3/4/5,,,,,some questions unmapped to module,4,4,DUPLICATE_Q:1/2/3/4/5,MCQ / 50-mark format,Previous Years QPs/EC/2023 ECE Odd sem.pdf#p89-92
Previous Years QPs/EC/2024 ECE Odd sem.pdf,QPB-21CIV57-2024-JAN-SEE,16,19,Environmental Studies,21CIV57,5,ECE,2021 Scheme,SEE,JAN 2024,50,60,52,52,0,false,,VERIFIED_SPECIAL_FORMAT,EXTRACTED,VERIFIED_SPECIAL_FORMAT,,1/2/3/4/5,,,,,some questions unmapped to module,4,4,DUPLICATE_Q:1/2/3/4/5,MCQ / 50-mark format,Previous Years QPs/EC/2024 ECE Odd sem.pdf#p16-19
Previous Years QPs/EC/2024 ECE Odd sem.pdf,QPB-21CIV57-2024-JAN-SEE,20,23,Environmental Studies,21CIV57,5,ECE,2021 Scheme,SEE,JAN 2024,50,60,4,4,0,false,,VERIFIED_SPECIAL_FORMAT,EXTRACTED,VERIFIED_SPECIAL_FORMAT,,,,,,,some questions unmapped to module,4,4,,MCQ / 50-mark format,Previous Years QPs/EC/2024 ECE Odd sem.pdf#p20-23
Previous Years QPs/EC/2024 ECE Odd sem.pdf,QPB-21CIV57-2024-JAN-SEE,24,27,Environmental Studies,21CIV57,5,ECE,2021 Scheme,SEE,JAN 2024,50,60,4,4,0,false,,VERIFIED_SPECIAL_FORMAT,EXTRACTED,VERIFIED_SPECIAL_FORMAT,,,,,,,some questions unmapped to module,4,4,,MCQ / 50-mark format,Previous Years QPs/EC/2024 ECE Odd sem.pdf#p24-27
Previous Years QPs/EC/2024 ECE Odd sem.pdf,QPB-21CIV57-2024-JAN-SEE,28,31,Environmental Studies,21CIV57,5,ECE,2021 Scheme,SEE,JAN 2024,50,60,4,4,0,false,,VERIFIED_SPECIAL_FORMAT,EXTRACTED,VERIFIED_SPECIAL_FORMAT,,,,,,,some questions unmapped to module,4,4,,MCQ / 50-mark format,Previous Years QPs/EC/2024 ECE Odd sem.pdf#p28-31
Previous Years QPs/EC/EC 2023-24.pdf,QPB-21CIV57-2024-JAN-SEE,16,19,Environmental Studies,21CIV57,5,ECE,2021 Scheme,SEE,JAN 2024,50,60,52,52,0,false,,VERIFIED_SPECIAL_FORMAT,EXTRACTED,VERIFIED_SPECIAL_FORMAT,,1/2/3/4/5,,,,,some questions unmapped to module,4,4,DUPLICATE_Q:1/2/3/4/5,MCQ / 50-mark format,Previous Years QPs/EC/EC 2023-24.pdf#p16-19
Previous Years QPs/EC/EC 2023-24.pdf,QPB-21CIV57-2024-JAN-SEE,20,23,Environmental Studies,21CIV57,5,ECE,2021 Scheme,SEE,JAN 2024,50,60,4,4,0,false,,VERIFIED_SPECIAL_FORMAT,EXTRACTED,VERIFIED_SPECIAL_FORMAT,,,,,,,some questions unmapped to module,4,4,,MCQ / 50-mark format,Previous Years QPs/EC/EC 2023-24.pdf#p20-23
Previous Years QPs/EC/EC 2023-24.pdf,QPB-21CIV57-2024-JAN-SEE,24,27,Environmental Studies,21CIV57,5,ECE,2021 Scheme,SEE,JAN 2024,50,60,4,4,0,false,,VERIFIED_SPECIAL_FORMAT,EXTRACTED,VERIFIED_SPECIAL_FORMAT,,,,,,,some questions unmapped to module,4,4,,MCQ / 50-mark format,Previous Years QPs/EC/EC 2023-24.pdf#p24-27
Previous Years QPs/EC/EC 2023-24.pdf,QPB-21CIV57-2024-JAN-SEE,28,31,Environmental Studies,21CIV57,5,ECE,2021 Scheme,SEE,JAN 2024,50,60,4,4,0,false,,VERIFIED_SPECIAL_FORMAT,EXTRACTED,VERIFIED_SPECIAL_FORMAT,,,,,,,some questions unmapped to module,4,4,,MCQ / 50-mark format,Previous Years QPs/EC/EC 2023-24.pdf#p28-31
Previous Years QPs/EC/EC- Dec-jan 2024.pdf,QPB-BUHK408-2025-JAN-SEE,59,62,Universal Human Values,BUHK408,4,ECE,2022 Scheme,SEE,JAN 2025,50,60,52,52,0,false,,VERIFIED_SPECIAL_FORMAT,EXTRACTED,VERIFIED_SPECIAL_FORMAT,,1/2/3/4/5,,,,,some questions unmapped to module,4,4,DUPLICATE_Q:1/2/3/4/5,MCQ / 50-mark format,Previous Years QPs/EC/EC- Dec-jan 2024.pdf#p59-62
Previous Years QPs/EC/EC- Dec-jan 2024.pdf,QPB-BESK508-2025-JAN-SEE,70,73,Environmental Studies,BESK508,5,ECE,2022 Scheme,SEE,JAN 2025,50,60,52,52,0,false,,VERIFIED_SPECIAL_FORMAT,EXTRACTED,VERIFIED_SPECIAL_FORMAT,,1/2/3/4/5,,,,,some questions unmapped to module,4,4,DUPLICATE_Q:1/2/3/4/5,MCQ / 50-mark format,Previous Years QPs/EC/EC- Dec-jan 2024.pdf#p70-73
Previous Years QPs/EC/EC- Dec-jan 2024.pdf,QPB-BESK508-2025-JAN-SEE,74,77,Environmental Studies,BESK508,5,ECE,2022 Scheme,SEE,JAN 2025,50,60,52,52,0,false,,VERIFIED_SPECIAL_FORMAT,EXTRACTED,VERIFIED_SPECIAL_FORMAT,,1/2/3/4/5,,,,,some questions unmapped to module,4,4,DUPLICATE_Q:1/2/3/4/5,MCQ / 50-mark format,Previous Years QPs/EC/EC- Dec-jan 2024.pdf#p74-77
Previous Years QPs/EC/EC- Dec-jan 2024.pdf,QPB-BESK508-2025-JAN-SEE,78,81,Environmental Studies,BESK508,5,ECE,2022 Scheme,SEE,JAN 2025,50,60,52,52,0,false,,VERIFIED_SPECIAL_FORMAT,EXTRACTED,VERIFIED_SPECIAL_FORMAT,,1/2/3/4/5,,,,,some questions unmapped to module,4,4,DUPLICATE_Q:1/2/3/4/5,MCQ / 50-mark format,Previous Years QPs/EC/EC- Dec-jan 2024.pdf#p78-81
Previous Years QPs/EC/EC- Dec-jan 2024.pdf,QPB-BESK508-2025-JAN-SEE,82,85,Environmental Studies,BESK508,5,ECE,2022 Scheme,SEE,JAN 2025,50,60,52,52,0,false,,VERIFIED_SPECIAL_FORMAT,EXTRACTED,VERIFIED_SPECIAL_FORMAT,,1/2/3/4/5,,,,,some questions unmapped to module,4,4,DUPLICATE_Q:1/2/3/4/5,MCQ / 50-mark format,Previous Years QPs/EC/EC- Dec-jan 2024.pdf#p82-85
Previous Years QPs/EC/EC_Even.pdf,QPB-BUHK408-2025-JAN-SEE,14,17,Universal Human Values,BUHK408,4,ECE,2022 Scheme,SEE,JAN 2025,50,60,52,52,0,false,,VERIFIED_SPECIAL_FORMAT,EXTRACTED,VERIFIED_SPECIAL_FORMAT,,1/2/3/4/5,,,,,some questions unmapped to module,4,4,DUPLICATE_Q:1/2/3/4/5,MCQ / 50-mark format,Previous Years QPs/EC/EC_Even.pdf#p14-17
Previous Years QPs/EC/EC_Odd.pdf,QPB-BESK508-2025-JAN-SEE,23,26,Environmental Studies,BESK508,5,ECE,2022 Scheme,SEE,JAN 2025,50,60,52,52,0,false,,VERIFIED_SPECIAL_FORMAT,EXTRACTED,VERIFIED_SPECIAL_FORMAT,,1/2/3/4/5,,,,,some questions unmapped to module,4,4,DUPLICATE_Q:1/2/3/4/5,MCQ / 50-mark format,Previous Years QPs/EC/EC_Odd.pdf#p23-26
Previous Years QPs/EC/EC_Odd.pdf,QPB-BESK508-2025-JAN-SEE,27,30,Environmental Studies,BESK508,5,ECE,2022 Scheme,SEE,JAN 2025,50,60,52,52,0,false,,VERIFIED_SPECIAL_FORMAT,EXTRACTED,VERIFIED_SPECIAL_FORMAT,,1/2/3/4/5,,,,,some questions unmapped to module,4,4,DUPLICATE_Q:1/2/3/4/5,MCQ / 50-mark format,Previous Years QPs/EC/EC_Odd.pdf#p27-30
Previous Years QPs/EC/EC_Odd.pdf,QPB-BESK508-2025-JAN-SEE,31,34,Environmental Studies,BESK508,5,ECE,2022 Scheme,SEE,JAN 2025,50,60,52,52,0,false,,VERIFIED_SPECIAL_FORMAT,EXTRACTED,VERIFIED_SPECIAL_FORMAT,,1/2/3/4/5,,,,,some questions unmapped to module,4,4,DUPLICATE_Q:1/2/3/4/5,MCQ / 50-mark format,Previous Years QPs/EC/EC_Odd.pdf#p31-34
Previous Years QPs/EC/EC_Odd.pdf,QPB-BESK508-2025-JAN-SEE,35,38,Environmental Studies,BESK508,5,ECE,2022 Scheme,SEE,JAN 2025,50,60,52,52,0,false,,VERIFIED_SPECIAL_FORMAT,EXTRACTED,VERIFIED_SPECIAL_FORMAT,,1/2/3/4/5,,,,,some questions unmapped to module,4,4,DUPLICATE_Q:1/2/3/4/5,MCQ / 50-mark format,Previous Years QPs/EC/EC_Odd.pdf#p35-38
Previous Years QPs/EC/Ec Dec-Jan 2024.pdf,QPB-21CIV57-2024-JAN-SEE,16,19,Environmental Studies,21CIV57,5,ECE,2021 Scheme,SEE,JAN 2024,50,60,52,52,0,false,,VERIFIED_SPECIAL_FORMAT,EXTRACTED,VERIFIED_SPECIAL_FORMAT,,1/2/3/4/5,,,,,some questions unmapped to module,4,4,DUPLICATE_Q:1/2/3/4/5,MCQ / 50-mark format,Previous Years QPs/EC/Ec Dec-Jan 2024.pdf#p16-19
Previous Years QPs/EC/Ec Dec-Jan 2024.pdf,QPB-21CIV57-2024-JAN-SEE,20,23,Environmental Studies,21CIV57,5,ECE,2021 Scheme,SEE,JAN 2024,50,60,4,4,0,false,,VERIFIED_SPECIAL_FORMAT,EXTRACTED,VERIFIED_SPECIAL_FORMAT,,,,,,,some questions unmapped to module,4,4,,MCQ / 50-mark format,Previous Years QPs/EC/Ec Dec-Jan 2024.pdf#p20-23
Previous Years QPs/EC/Ec Dec-Jan 2024.pdf,QPB-21CIV57-2024-JAN-SEE,24,27,Environmental Studies,21CIV57,5,ECE,2021 Scheme,SEE,JAN 2024,50,60,4,4,0,false,,VERIFIED_SPECIAL_FORMAT,EXTRACTED,VERIFIED_SPECIAL_FORMAT,,,,,,,some questions unmapped to module,4,4,,MCQ / 50-mark format,Previous Years QPs/EC/Ec Dec-Jan 2024.pdf#p24-27
Previous Years QPs/EC/Ec Dec-Jan 2024.pdf,QPB-21CIV57-2024-JAN-SEE,28,31,Environmental Studies,21CIV57,5,ECE,2021 Scheme,SEE,JAN 2024,50,60,4,4,0,false,,VERIFIED_SPECIAL_FORMAT,EXTRACTED,VERIFIED_SPECIAL_FORMAT,,,,,,,some questions unmapped to module,4,4,,MCQ / 50-mark format,Previous Years QPs/EC/Ec Dec-Jan 2024.pdf#p28-31
Previous Years QPs/IS/2023 ISE Even sem.pdf,QPB-21CIP37/21CIP47-2023-JUN-SEE,5,8,CONSTITUTION OF INDIA AND PROFESSIONAL ETHICS,21CIP37/21CIP47,4,ISE,2021 Scheme,SEE,JUN 2023,50,60,52,52,0,false,,VERIFIED_SPECIAL_FORMAT,EXTRACTED,VERIFIED_SPECIAL_FORMAT,,1/2/3/4/5,,,,,some questions unmapped to module,4,4,DUPLICATE_Q:1/2/3/4/5,MCQ / 50-mark format,Previous Years QPs/IS/2023 ISE Even sem.pdf#p5-8
Previous Years QPs/IS/2023 ISE Even sem.pdf,QPB-21CIP37/21CIP47-2023-JUN-SEE,9,12,CONSTITUTION OF INDIA AND PROFESSIONAL ETHICS,21CIP37/21CIP47,4,ISE,2021 Scheme,SEE,JUN 2023,50,60,52,52,0,false,,VERIFIED_SPECIAL_FORMAT,EXTRACTED,VERIFIED_SPECIAL_FORMAT,,1/2/3/4/5,,,,,some questions unmapped to module,4,4,DUPLICATE_Q:1/2/3/4/5,MCQ / 50-mark format,Previous Years QPs/IS/2023 ISE Even sem.pdf#p9-12
Previous Years QPs/IS/2023 ISE Even sem.pdf,QPB-21CIP37/21CIP47-2023-JUN-SEE,13,16,CONSTITUTION OF INDIA AND PROFESSIONAL ETHICS,21CIP37/21CIP47,4,ISE,2021 Scheme,SEE,JUN 2023,50,60,52,52,0,false,,VERIFIED_SPECIAL_FORMAT,EXTRACTED,VERIFIED_SPECIAL_FORMAT,,1/2/3/4/5,,,,,some questions unmapped to module,4,4,DUPLICATE_Q:1/2/3/4/5,MCQ / 50-mark format,Previous Years QPs/IS/2023 ISE Even sem.pdf#p13-16
Previous Years QPs/IS/2023 ISE Even sem.pdf,QPB-21CIP37/21CIP47-2023-JUN-SEE,17,20,CONSTITUTION OF INDIA AND PROFESSIONAL ETHICS,21CIP37/21CIP47,4,ISE,2021 Scheme,SEE,JUN 2023,50,60,52,52,0,false,,VERIFIED_SPECIAL_FORMAT,EXTRACTED,VERIFIED_SPECIAL_FORMAT,,1/2/3/4/5,,,,,some questions unmapped to module,4,4,DUPLICATE_Q:1/2/3/4/5,MCQ / 50-mark format,Previous Years QPs/IS/2023 ISE Even sem.pdf#p17-20
Previous Years QPs/IS/2023 ISE Even sem.pdf,QPB-21KBK47-2023-JUN-SEE,26,29,Balake Kannada,21KBK47,4,ISE,2021 Scheme,SEE,JUN 2023,50,60,52,52,0,false,,VERIFIED_SPECIAL_FORMAT,EXTRACTED,VERIFIED_SPECIAL_FORMAT,,1/2/3/4/5,,,,,some questions unmapped to module,4,4,DUPLICATE_Q:1/2/3/4/5,MCQ / 50-mark format,Previous Years QPs/IS/2023 ISE Even sem.pdf#p26-29
Previous Years QPs/IS/2023 ISE Even sem.pdf,QPB-21KBK47-2023-JUN-SEE,30,33,Balake Kannada,21KBK47,4,ISE,2021 Scheme,SEE,JUN 2023,50,60,52,52,0,false,,VERIFIED_SPECIAL_FORMAT,EXTRACTED,VERIFIED_SPECIAL_FORMAT,,1/2/3/4/5,,,,,some questions unmapped to module,4,4,DUPLICATE_Q:1/2/3/4/5,MCQ / 50-mark format,Previous Years QPs/IS/2023 ISE Even sem.pdf#p30-33
Previous Years QPs/IS/2023 ISE Even sem.pdf,QPB-21KBK47-2023-JUN-SEE,34,37,Balake Kannada,21KBK47,4,ISE,2021 Scheme,SEE,JUN 2023,50,60,52,52,0,false,,VERIFIED_SPECIAL_FORMAT,EXTRACTED,VERIFIED_SPECIAL_FORMAT,,1/2/3/4/5,,,,,some questions unmapped to module,4,4,DUPLICATE_Q:1/2/3/4/5,MCQ / 50-mark format,Previous Years QPs/IS/2023 ISE Even sem.pdf#p34-37
Previous Years QPs/IS/2023 ISE Even sem.pdf,QPB-21KBK47-2023-JUN-SEE,38,41,Balake Kannada,21KBK47,4,ISE,2021 Scheme,SEE,JUN 2023,50,60,52,52,0,false,,VERIFIED_SPECIAL_FORMAT,EXTRACTED,VERIFIED_SPECIAL_FORMAT,,1/2/3/4/5,,,,,some questions unmapped to module,4,4,DUPLICATE_Q:1/2/3/4/5,MCQ / 50-mark format,Previous Years QPs/IS/2023 ISE Even sem.pdf#p38-41
Previous Years QPs/IS/2023 ISE Even sem.pdf,QPB-21KSK47-2023-JUN-SEE,42,47,±ಾ ಾ ಸ ĂĦ ಕ ಕನ Ç ಡ - Samskruthika Kannada,21KSK47,4,ISE,2021 Scheme,SEE,JUN 2023,50,60,14,54,0,false,,VERIFIED_SPECIAL_FORMAT,EXTRACTED,VERIFIED_SPECIAL_FORMAT,,,,12 q without marks,,,some questions unmapped to module,6,6,,Non-standard VTU format (not five-module SEE),Previous Years QPs/IS/2023 ISE Even sem.pdf#p42-47
Previous Years QPs/IS/2023 ISE Even sem.pdf,QPB-21KSK47-2023-JUN-SEE,48,53,±ಾ ಾ ಸ ĂĦ ಕ ಕನ Ç ಡ - Samskruthika Kannada,21KSK47,4,ISE,2021 Scheme,SEE,JUN 2023,50,60,14,55,0,false,,VERIFIED_SPECIAL_FORMAT,EXTRACTED,VERIFIED_SPECIAL_FORMAT,,,,12 q without marks,,,some questions unmapped to module,6,6,,Non-standard VTU format (not five-module SEE),Previous Years QPs/IS/2023 ISE Even sem.pdf#p48-53
Previous Years QPs/IS/2023 ISE Even sem.pdf,QPB-21KSK47-2023-JUN-SEE,54,60,±ಾ ಾ ಸ ĂĦ ಕ ಕನ Ç ಡ - Samskruthika Kannada,21KSK47,4,ISE,2021 Scheme,SEE,JUN 2023,50,60,14,56,0,false,,VERIFIED_SPECIAL_FORMAT,EXTRACTED,VERIFIED_SPECIAL_FORMAT,,,,11 q without marks,,,some questions unmapped to module,6,7,,Non-standard VTU format (not five-module SEE),Previous Years QPs/IS/2023 ISE Even sem.pdf#p54-60
Previous Years QPs/IS/2023 ISE Even sem.pdf,QPB-21KSK47-2023-JUN-SEE,61,66,±ಾ ಾ ಸ ĂĦ ಕ ಕನ Ç ಡ - Samskruthika Kannada,21KSK47,4,ISE,2021 Scheme,SEE,JUN 2023,50,60,14,57,0,false,,VERIFIED_SPECIAL_FORMAT,EXTRACTED,VERIFIED_SPECIAL_FORMAT,,,,12 q without marks,,,some questions unmapped to module,6,6,,Non-standard VTU format (not five-module SEE),Previous Years QPs/IS/2023 ISE Even sem.pdf#p61-66
Previous Years QPs/IS/2023 ISE Even sem.pdf,QPB-21UH49-2023-JUN-SEE,67,70,Universal Human Values,21UH49,4,ISE,2021 Scheme,SEE,JUN 2023,50,60,52,52,0,false,,VERIFIED_SPECIAL_FORMAT,EXTRACTED,VERIFIED_SPECIAL_FORMAT,,1/2/3/4/5,,,,,some questions unmapped to module,4,4,DUPLICATE_Q:1/2/3/4/5,MCQ / 50-mark format,Previous Years QPs/IS/2023 ISE Even sem.pdf#p67-70
Previous Years QPs/IS/2023 ISE Even sem.pdf,QPB-21UH49-2023-JUN-SEE,71,74,Universal Human Values,21UH49,4,ISE,2021 Scheme,SEE,JUN 2023,50,60,53,53,0,false,,VERIFIED_SPECIAL_FORMAT,EXTRACTED,VERIFIED_SPECIAL_FORMAT,,1/2/3/4/5,,,,,some questions unmapped to module,4,4,DUPLICATE_Q:1/2/3/4/5,MCQ / 50-mark format,Previous Years QPs/IS/2023 ISE Even sem.pdf#p71-74
Previous Years QPs/IS/2023 ISE Even sem.pdf,QPB-21UH49-2023-JUN-SEE,75,78,Universal Human Values,21UH49,4,ISE,2021 Scheme,SEE,JUN 2023,50,60,52,52,0,false,,VERIFIED_SPECIAL_FORMAT,EXTRACTED,VERIFIED_SPECIAL_FORMAT,,1/2/3/4/5,,,,,some questions unmapped to module,4,4,DUPLICATE_Q:1/2/3/4/5,MCQ / 50-mark format,Previous Years QPs/IS/2023 ISE Even sem.pdf#p75-78
Previous Years QPs/IS/2023 ISE Even sem.pdf,QPB-21UH49-2023-JUN-SEE,79,82,Universal Human Values,21UH49,4,ISE,2021 Scheme,SEE,JUN 2023,50,60,52,52,0,false,,VERIFIED_SPECIAL_FORMAT,EXTRACTED,VERIFIED_SPECIAL_FORMAT,,1/2/3/4/5,,,,,some questions unmapped to module,4,4,DUPLICATE_Q:1/2/3/4/5,MCQ / 50-mark format,Previous Years QPs/IS/2023 ISE Even sem.pdf#p79-82
Previous Years QPs/IS/2023 ISE Odd sem.pdf,QPB-18CIV59-2023-JAN-SEE,15,22,Environmental Studies (COMMON TO ALL BRANCHES),18CIV59,5,ISE,2018 Scheme,SEE,JAN 2023,100,120,51,51,0,false,,VERIFIED_SPECIAL_FORMAT,EXTRACTED,VERIFIED_SPECIAL_FORMAT,,1/2/3/4/5,,,,,some questions unmapped to module,8,8,DUPLICATE_Q:1/2/3/4/5,MCQ / 50-mark format,Previous Years QPs/IS/2023 ISE Odd sem.pdf#p15-22
Previous Years QPs/IS/2023 ISE Odd sem.pdf,QPB-18CIV59-2023-JAN-SEE,23,30,Environmental Studies (COMMON TO ALL BRANCHES),18CIV59,5,ISE,2018 Scheme,SEE,JAN 2023,100,120,51,51,0,false,,VERIFIED_SPECIAL_FORMAT,EXTRACTED,VERIFIED_SPECIAL_FORMAT,,1/2/3/4/5,,,,,some questions unmapped to module,8,8,DUPLICATE_Q:1/2/3/4/5,MCQ / 50-mark format,Previous Years QPs/IS/2023 ISE Odd sem.pdf#p23-30
Previous Years QPs/IS/2023 ISE Odd sem.pdf,QPB-18CIV59-2023-JAN-SEE,31,38,Environmental Studies (COMMON TO ALL BRANCHES),18CIV59,5,ISE,2018 Scheme,SEE,JAN 2023,100,120,51,51,0,false,,VERIFIED_SPECIAL_FORMAT,EXTRACTED,VERIFIED_SPECIAL_FORMAT,,1/2/3/4/5,,,,,some questions unmapped to module,8,8,DUPLICATE_Q:1/2/3/4/5,MCQ / 50-mark format,Previous Years QPs/IS/2023 ISE Odd sem.pdf#p31-38
Previous Years QPs/IS/2023 ISE Odd sem.pdf,QPB-18CIV59-2023-JAN-SEE,39,46,Environmental Studies (COMMON TO ALL BRANCHES),18CIV59,5,ISE,2018 Scheme,SEE,JAN 2023,100,120,51,51,0,false,,VERIFIED_SPECIAL_FORMAT,EXTRACTED,VERIFIED_SPECIAL_FORMAT,,1/2/3/4/5,,,,,some questions unmapped to module,8,8,DUPLICATE_Q:1/2/3/4/5,MCQ / 50-mark format,Previous Years QPs/IS/2023 ISE Odd sem.pdf#p39-46
Previous Years QPs/IS/2023 ISE Odd sem.pdf,QPB-21KBK37-2023-JAN-SEE,73,76,Balake Kannada,21KBK37,3,ISE,2021 Scheme,SEE,JAN 2023,50,60,52,52,0,false,,VERIFIED_SPECIAL_FORMAT,EXTRACTED,VERIFIED_SPECIAL_FORMAT,,1/2/3/4/5,,,,,some questions unmapped to module,4,4,DUPLICATE_Q:1/2/3/4/5,MCQ / 50-mark format,Previous Years QPs/IS/2023 ISE Odd sem.pdf#p73-76
Previous Years QPs/IS/2023 ISE Odd sem.pdf,QPB-21KBK37-2023-JAN-SEE,77,80,Balake Kannada,21KBK37,3,ISE,2021 Scheme,SEE,JAN 2023,50,60,52,52,0,false,,VERIFIED_SPECIAL_FORMAT,EXTRACTED,VERIFIED_SPECIAL_FORMAT,,1/2/3/4/5,,,,,some questions unmapped to module,4,4,DUPLICATE_Q:1/2/3/4/5,MCQ / 50-mark format,Previous Years QPs/IS/2023 ISE Odd sem.pdf#p77-80
Previous Years QPs/IS/2023 ISE Odd sem.pdf,QPB-21KBK37-2023-JAN-SEE,81,84,Balake Kannada,21KBK37,3,ISE,2021 Scheme,SEE,JAN 2023,50,60,52,52,0,false,,VERIFIED_SPECIAL_FORMAT,EXTRACTED,VERIFIED_SPECIAL_FORMAT,,1/2/3/4/5,,,,,some questions unmapped to module,4,4,DUPLICATE_Q:1/2/3/4/5,MCQ / 50-mark format,Previous Years QPs/IS/2023 ISE Odd sem.pdf#p81-84
Previous Years QPs/IS/2023 ISE Odd sem.pdf,QPB-21KBK37-2023-JAN-SEE,85,88,Balake Kannada,21KBK37,3,ISE,2021 Scheme,SEE,JAN 2023,50,60,52,52,0,false,,VERIFIED_SPECIAL_FORMAT,EXTRACTED,VERIFIED_SPECIAL_FORMAT,,1/2/3/4/5,,,,,some questions unmapped to module,4,4,DUPLICATE_Q:1/2/3/4/5,MCQ / 50-mark format,Previous Years QPs/IS/2023 ISE Odd sem.pdf#p85-88
Previous Years QPs/IS/2023 ISE Odd sem.pdf,QPB-21KSK37-2023-JAN-SEE,89,96,Samskruthika Kannada,21KSK37,3,ISE,2021 Scheme,SEE,JAN 2023,50,60,53,53,0,false,,VERIFIED_SPECIAL_FORMAT,EXTRACTED,VERIFIED_SPECIAL_FORMAT,,1/2/3/4/8/6/9/23,,,,,some questions unmapped to module,6,8,DUPLICATE_Q:1/2/3/4/8/6/9/23,MCQ / 50-mark format,Previous Years QPs/IS/2023 ISE Odd sem.pdf#p89-96
Previous Years QPs/IS/2023 ISE Odd sem.pdf,QPB-21KSK37-2023-JAN-SEE,97,104,Samskruthika Kannada,21KSK37,3,ISE,2021 Scheme,SEE,JAN 2023,50,60,55,55,0,false,,VERIFIED_SPECIAL_FORMAT,EXTRACTED,VERIFIED_SPECIAL_FORMAT,,1/2/3/4/8/6/9/23,,,,,some questions unmapped to module,6,8,DUPLICATE_Q:1/2/3/4/8/6/9/23,MCQ / 50-mark format,Previous Years QPs/IS/2023 ISE Odd sem.pdf#p97-104
Previous Years QPs/IS/2023 ISE Odd sem.pdf,QPB-21KSK37-2023-JAN-SEE,105,114,Samskruthika Kannada,21KSK37,3,ISE,2021 Scheme,SEE,JAN 2023,50,60,53,53,0,false,,VERIFIED_SPECIAL_FORMAT,EXTRACTED,VERIFIED_SPECIAL_FORMAT,,1/2/3/4/8/9/6/23,,,,,some questions unmapped to module,6,10,DUPLICATE_Q:1/2/3/4/8/9/6/23,MCQ / 50-mark format,Previous Years QPs/IS/2023 ISE Odd sem.pdf#p105-114
Previous Years QPs/IS/2023 ISE Odd sem.pdf,QPB-21KSK37-2023-JAN-SEE,115,120,Samskruthika Kannada,21KSK37,3,ISE,2021 Scheme,SEE,JAN 2023,50,60,55,55,0,false,,VERIFIED_SPECIAL_FORMAT,EXTRACTED,VERIFIED_SPECIAL_FORMAT,,1/2/3/5/8/9/23,,,,,some questions unmapped to module,6,6,DUPLICATE_Q:1/2/3/5/8/9/23,MCQ / 50-mark format,Previous Years QPs/IS/2023 ISE Odd sem.pdf#p115-120
Previous Years QPs/IS/2024 ISE Odd sem.pdf,QPB-15MATDIP31-2024-JAN-SEE,3,4,Additional Mathematics – I,15MATDIP31,3,ISE,,SEE,JAN 2024,80,180,10,30,5,false,,VERIFIED_SPECIAL_FORMAT,EXTRACTED,VERIFIED_SPECIAL_FORMAT,,,,1 q without marks,,,,2,2,,Non-standard VTU format (not five-module SEE),Previous Years QPs/IS/2024 ISE Odd sem.pdf#p3-4
Previous Years QPs/IS/2024 ISE Odd sem.pdf,QPB-15IS72-2024-JAN-SEE,24,24,Software Architecture and Design Pattern,15IS72,7,ISE,,SEE,JAN 2024,80,180,10,20,5,false,,VERIFIED_SPECIAL_FORMAT,EXTRACTED,VERIFIED_SPECIAL_FORMAT,,,,,,,,,1,,Non-standard VTU format (not five-module SEE),Previous Years QPs/IS/2024 ISE Odd sem.pdf#p24-24
Previous Years QPs/IS/ISE_Even.pdf,QPB-BCS456B-2025-JAN-MODEL,25,30,Capacity Planning for IT,BCS456B,4,ISE,,MODEL,JAN 2025,50,60,50,50,0,false,,VERIFIED_SPECIAL_FORMAT,EXTRACTED,VERIFIED_SPECIAL_FORMAT,,1/2/3/4,,,,,some questions unmapped to module,6,6,DUPLICATE_Q:1/2/3/4,MCQ / 50-mark format,Previous Years QPs/IS/ISE_Even.pdf#p25-30
Previous Years QPs/IS/ISE_Even.pdf,QPB-BCS456C-2025-JAN-MODEL,31,38,Data Science and Visualization,BCS456C,4,ISE,,MODEL,JAN 2025,50,60,48,48,0,false,,VERIFIED_SPECIAL_FORMAT,EXTRACTED,VERIFIED_SPECIAL_FORMAT,,1/3/4/5,,,,,some questions unmapped to module,8,8,DUPLICATE_Q:1/3/4/5,MCQ / 50-mark format,Previous Years QPs/IS/ISE_Even.pdf#p31-38
Previous Years QPs/IS/ISE_Even.pdf,QPB-BUHK408-2025-JAN-SEE,41,44,Universal Human Values,BUHK408,4,ISE,2022 Scheme,SEE,JAN 2025,50,60,52,52,0,false,,VERIFIED_SPECIAL_FORMAT,EXTRACTED,VERIFIED_SPECIAL_FORMAT,,1/2/3/4/5,,,,,some questions unmapped to module,4,4,DUPLICATE_Q:1/2/3/4/5,MCQ / 50-mark format,Previous Years QPs/IS/ISE_Even.pdf#p41-44
Previous Years QPs/IS/ISE_Odd.pdf,QPB-BCS508-2025-JAN-SEE,29,34,Environmental Studies and E – Waste Management,BCS508,5,ISE,2022 Scheme,SEE,JAN 2025,50,60,51,51,0,false,,VERIFIED_SPECIAL_FORMAT,EXTRACTED,VERIFIED_SPECIAL_FORMAT,,1/2/3/4/5,,,,,some questions unmapped to module,5,6,DUPLICATE_Q:1/2/3/4/5,MCQ / 50-mark format,Previous Years QPs/IS/ISE_Odd.pdf#p29-34
Previous Years QPs/IS/ISE_Odd.pdf,QPB-BCS508-2025-JAN-SEE,35,40,Environmental Studies and E – Waste Management,BCS508,5,ISE,2022 Scheme,SEE,JAN 2025,50,60,51,51,0,false,,VERIFIED_SPECIAL_FORMAT,EXTRACTED,VERIFIED_SPECIAL_FORMAT,,1/2/3/4/5,,,,,some questions unmapped to module,5,6,DUPLICATE_Q:1/2/3/4/5,MCQ / 50-mark format,Previous Years QPs/IS/ISE_Odd.pdf#p35-40
Previous Years QPs/IS/ISE_Odd.pdf,QPB-BCS508-2025-JAN-SEE,41,46,Environmental Studies and E – Waste Management,BCS508,5,ISE,2022 Scheme,SEE,JAN 2025,50,60,51,51,0,false,,VERIFIED_SPECIAL_FORMAT,EXTRACTED,VERIFIED_SPECIAL_FORMAT,,1/2/3/4/5,,,,,some questions unmapped to module,5,6,DUPLICATE_Q:1/2/3/4/5,MCQ / 50-mark format,Previous Years QPs/IS/ISE_Odd.pdf#p41-46
Previous Years QPs/IS/ISE_Odd.pdf,QPB-BCS508-2025-JAN-SEE,47,52,Environmental Studies and E – Waste Management,BCS508,5,ISE,2022 Scheme,SEE,JAN 2025,50,60,51,51,0,false,,VERIFIED_SPECIAL_FORMAT,EXTRACTED,VERIFIED_SPECIAL_FORMAT,,1/2/3/4/5,,,,,some questions unmapped to module,5,6,DUPLICATE_Q:1/2/3/4/5,MCQ / 50-mark format,Previous Years QPs/IS/ISE_Odd.pdf#p47-52
Previous Years QPs/IS/ISE_Odd.pdf,QPB-BESK508-2025-JAN-SEE,56,59,Environmental Studies,BESK508,5,ISE,2022 Scheme,SEE,JAN 2025,50,60,52,52,0,false,,VERIFIED_SPECIAL_FORMAT,EXTRACTED,VERIFIED_SPECIAL_FORMAT,,1/2/3/4/5,,,,,some questions unmapped to module,4,4,DUPLICATE_Q:1/2/3/4/5,MCQ / 50-mark format,Previous Years QPs/IS/ISE_Odd.pdf#p56-59
Previous Years QPs/IS/ISE_Odd.pdf,QPB-BESK508-2025-JAN-SEE,60,63,Environmental Studies,BESK508,5,ISE,2022 Scheme,SEE,JAN 2025,50,60,52,52,0,false,,VERIFIED_SPECIAL_FORMAT,EXTRACTED,VERIFIED_SPECIAL_FORMAT,,1/2/3/4/5,,,,,some questions unmapped to module,4,4,DUPLICATE_Q:1/2/3/4/5,MCQ / 50-mark format,Previous Years QPs/IS/ISE_Odd.pdf#p60-63
Previous Years QPs/IS/ISE_Odd.pdf,QPB-BESK508-2025-JAN-SEE,64,67,Environmental Studies,BESK508,5,ISE,2022 Scheme,SEE,JAN 2025,50,60,52,52,0,false,,VERIFIED_SPECIAL_FORMAT,EXTRACTED,VERIFIED_SPECIAL_FORMAT,,1/2/3/4/5,,,,,some questions unmapped to module,4,4,DUPLICATE_Q:1/2/3/4/5,MCQ / 50-mark format,Previous Years QPs/IS/ISE_Odd.pdf#p64-67
Previous Years QPs/IS/ISE_Odd.pdf,QPB-BESK508-2025-JAN-SEE,68,71,Environmental Studies,BESK508,5,ISE,2022 Scheme,SEE,JAN 2025,50,60,52,52,0,false,,VERIFIED_SPECIAL_FORMAT,EXTRACTED,VERIFIED_SPECIAL_FORMAT,,1/2/3/4/5,,,,,some questions unmapped to module,4,4,DUPLICATE_Q:1/2/3/4/5,MCQ / 50-mark format,Previous Years QPs/IS/ISE_Odd.pdf#p68-71
Previous Years QPs/MBA/MBA QP 2023-24.pdf,QPB-22MBA11-2024-JAN-SEE,3,4,Principles of Management and Organizational Behaviour,22MBA11,1,MBA,,SEE,JAN 2024,100,180,8,23,0,false,,VERIFIED_SPECIAL_FORMAT,EXTRACTED,VERIFIED_SPECIAL_FORMAT,,,,,,,some questions unmapped to module,2,2,,Non-standard VTU format (not five-module SEE),Previous Years QPs/MBA/MBA QP 2023-24.pdf#p3-4
Previous Years QPs/MBA/MBA QP 2023-24.pdf,QPB-22MBA12-2024-JAN-SEE,5,6,Entrepreneurship Development,22MBA12,1,MBA,,SEE,JAN 2024,100,180,8,22,0,false,,VERIFIED_SPECIAL_FORMAT,EXTRACTED,VERIFIED_SPECIAL_FORMAT,,,,,,,some questions unmapped to module,2,2,,Non-standard VTU format (not five-module SEE),Previous Years QPs/MBA/MBA QP 2023-24.pdf#p5-6
Previous Years QPs/MBA/MBA QP 2023-24.pdf,QPB-22MBA13-2024-JAN-SEE,7,10,Accounting for Managers,22MBA13,1,MBA,,SEE,JAN 2024,100,180,8,22,0,false,,VERIFIED_SPECIAL_FORMAT,EXTRACTED,VERIFIED_SPECIAL_FORMAT,,,,,,,some questions unmapped to module,4,4,,Non-standard VTU format (not five-module SEE),Previous Years QPs/MBA/MBA QP 2023-24.pdf#p7-10
Previous Years QPs/MBA/MBA QP 2023-24.pdf,QPB-22MBA14-2024-JAN-SEE,11,12,Statistics for Managers,22MBA14,1,MBA,,SEE,JAN 2024,100,180,8,24,0,false,,VERIFIED_SPECIAL_FORMAT,EXTRACTED,VERIFIED_SPECIAL_FORMAT,,,,1 q without marks,,,some questions unmapped to module,2,2,,Non-standard VTU format (not five-module SEE),Previous Years QPs/MBA/MBA QP 2023-24.pdf#p11-12
Previous Years QPs/MBA/MBA QP 2023-24.pdf,QPB-22MBA15-2024-JAN-SEE,13,14,Marketing Management,22MBA15,1,MBA,,SEE,JAN 2024,100,180,8,25,0,false,,VERIFIED_SPECIAL_FORMAT,EXTRACTED,VERIFIED_SPECIAL_FORMAT,,,,,,,some questions unmapped to module,2,2,,Non-standard VTU format (not five-module SEE),Previous Years QPs/MBA/MBA QP 2023-24.pdf#p13-14
Previous Years QPs/MBA/MBA QP 2023-24.pdf,QPB-22MBA16-2024-JAN-SEE,15,16,Business Communication,22MBA16,1,MBA,,SEE,JAN 2024,100,180,8,22,0,false,,VERIFIED_SPECIAL_FORMAT,EXTRACTED,VERIFIED_SPECIAL_FORMAT,,,,,,,some questions unmapped to module,2,2,,Non-standard VTU format (not five-module SEE),Previous Years QPs/MBA/MBA QP 2023-24.pdf#p15-16
Previous Years QPs/MBA/MBA QP 2023-24.pdf,QPB-22MBA401-2024-JUN-SEE,17,18,International Business,22MBA401,4,MBA,,SEE,JUN 2024,100,180,8,24,0,false,,VERIFIED_SPECIAL_FORMAT,EXTRACTED,VERIFIED_SPECIAL_FORMAT,,,,,,,some questions unmapped to module,2,2,,Non-standard VTU format (not five-module SEE),Previous Years QPs/MBA/MBA QP 2023-24.pdf#p17-18
Previous Years QPs/MBA/MBA Qp- Dec 2024-25.pdf,QPB-MBA101-2025-JAN-SEE,3,4,Management and Organizational Behaviour,MBA101,1,MBA,,SEE,JAN 2025,100,180,8,23,0,false,,VERIFIED_SPECIAL_FORMAT,EXTRACTED,VERIFIED_SPECIAL_FORMAT,,,,,,,some questions unmapped to module,2,2,,Non-standard VTU format (not five-module SEE),Previous Years QPs/MBA/MBA Qp- Dec 2024-25.pdf#p3-4
Previous Years QPs/MBA/MBA Qp- Dec 2024-25.pdf,QPB-MBA102-2025-JAN-SEE,5,8,Financial Accounting and Reporting,MBA102,1,MBA,,SEE,JAN 2025,100,180,8,22,0,false,,VERIFIED_SPECIAL_FORMAT,EXTRACTED,VERIFIED_SPECIAL_FORMAT,,,,,,,some questions unmapped to module,4,4,,Non-standard VTU format (not five-module SEE),Previous Years QPs/MBA/MBA Qp- Dec 2024-25.pdf#p5-8
Previous Years QPs/MBA/MBA Qp- Dec 2024-25.pdf,QPB-MBA103-2025-JAN-SEE,9,9,Economics for Decision Making,MBA103,1,MBA,,SEE,JAN 2025,100,180,8,23,0,false,,VERIFIED_SPECIAL_FORMAT,EXTRACTED,VERIFIED_SPECIAL_FORMAT,,,,,,,some questions unmapped to module,,1,,Non-standard VTU format (not five-module SEE),Previous Years QPs/MBA/MBA Qp- Dec 2024-25.pdf#p9-9
Previous Years QPs/MBA/MBA Qp- Dec 2024-25.pdf,QPB-MBA104-2025-JAN-SEE,10,12,Business Statistics,MBA104,1,MBA,,SEE,JAN 2025,100,180,8,23,0,false,,VERIFIED_SPECIAL_FORMAT,EXTRACTED,VERIFIED_SPECIAL_FORMAT,,,,,,,some questions unmapped to module,3,3,,Non-standard VTU format (not five-module SEE),Previous Years QPs/MBA/MBA Qp- Dec 2024-25.pdf#p10-12
Previous Years QPs/MBA/MBA Qp- Dec 2024-25.pdf,QPB-MBA105-2025-JAN-SEE,13,14,Marketing Management,MBA105,1,MBA,,SEE,JAN 2025,100,180,8,25,0,false,,VERIFIED_SPECIAL_FORMAT,EXTRACTED,VERIFIED_SPECIAL_FORMAT,,,,,,,some questions unmapped to module,2,2,,Non-standard VTU format (not five-module SEE),Previous Years QPs/MBA/MBA Qp- Dec 2024-25.pdf#p13-14
Previous Years QPs/MBA/MBA Qp- Dec 2024-25.pdf,QPB-MBA106-2025-JAN-SEE,15,16,Managerial Communication,MBA106,1,MBA,,SEE,JAN 2025,100,180,8,22,0,false,,VERIFIED_SPECIAL_FORMAT,EXTRACTED,VERIFIED_SPECIAL_FORMAT,,,,,,,some questions unmapped to module,2,2,,Non-standard VTU format (not five-module SEE),Previous Years QPs/MBA/MBA Qp- Dec 2024-25.pdf#p15-16
Previous Years QPs/MBA/MBA Qp- Dec 2024-25.pdf,QPB-22MBA22-2025-JAN-SEE,17,19,Financial Management,22MBA22,2,MBA,,SEE,JAN 2025,100,180,8,22,0,false,,VERIFIED_SPECIAL_FORMAT,EXTRACTED,VERIFIED_SPECIAL_FORMAT,,,,,,,some questions unmapped to module,3,3,,Non-standard VTU format (not five-module SEE),Previous Years QPs/MBA/MBA Qp- Dec 2024-25.pdf#p17-19
Previous Years QPs/MBA/MBA Qp- Dec 2024-25.pdf,QPB-22MBA23-2025-JAN-SEE,20,21,Research Methodology and IPR,22MBA23,2,MBA,,SEE,JAN 2025,100,180,8,24,0,false,,VERIFIED_SPECIAL_FORMAT,EXTRACTED,VERIFIED_SPECIAL_FORMAT,,,,,,,some questions unmapped to module,2,2,,Non-standard VTU format (not five-module SEE),Previous Years QPs/MBA/MBA Qp- Dec 2024-25.pdf#p20-21
Previous Years QPs/MBA/MBA Qp- Dec 2024-25.pdf,QPB-22MBA24-2025-JAN-SEE,22,24,Operations Research,22MBA24,2,MBA,,SEE,JAN 2025,100,180,8,23,0,false,,VERIFIED_SPECIAL_FORMAT,EXTRACTED,VERIFIED_SPECIAL_FORMAT,,,,,,,some questions unmapped to module,3,3,,Non-standard VTU format (not five-module SEE),Previous Years QPs/MBA/MBA Qp- Dec 2024-25.pdf#p22-24
Previous Years QPs/MBA/MBA Qp- Dec 2024-25.pdf,QPB-22MBA301-2025-JAN-SEE,25,26,Logistics and Supply Chain Management,22MBA301,3,MBA,,SEE,JAN 2025,100,180,8,23,0,false,,VERIFIED_SPECIAL_FORMAT,EXTRACTED,VERIFIED_SPECIAL_FORMAT,,,,,,,some questions unmapped to module,2,2,,Non-standard VTU format (not five-module SEE),Previous Years QPs/MBA/MBA Qp- Dec 2024-25.pdf#p25-26
Previous Years QPs/MBA/MBA Qp- Dec 2024-25.pdf,QPB-22MBA302-2025-JAN-SEE,27,28,Information Technology for Managers,22MBA302,3,MBA,,SEE,JAN 2025,100,180,8,23,0,false,,VERIFIED_SPECIAL_FORMAT,EXTRACTED,VERIFIED_SPECIAL_FORMAT,,,,,,,some questions unmapped to module,2,2,,Non-standard VTU format (not five-module SEE),Previous Years QPs/MBA/MBA Qp- Dec 2024-25.pdf#p27-28
Previous Years QPs/MBA/MBA Qp- Dec 2024-25.pdf,QPB-22MBAFM303-2025-JAN-SEE,29,31,Strategic Cost Management,22MBAFM303,3,MBA,,SEE,JAN 2025,100,180,8,22,0,false,,VERIFIED_SPECIAL_FORMAT,EXTRACTED,VERIFIED_SPECIAL_FORMAT,,,,,,,some questions unmapped to module,3,3,,Non-standard VTU format (not five-module SEE),Previous Years QPs/MBA/MBA Qp- Dec 2024-25.pdf#p29-31
Previous Years QPs/MBA/MBA Qp- Dec 2024-25.pdf,QPB-22MBAHR303-2025-JAN-SEE,32,33,Recruitment and Selection,22MBAHR303,3,MBA,,SEE,JAN 2025,100,180,8,22,0,false,,VERIFIED_SPECIAL_FORMAT,EXTRACTED,VERIFIED_SPECIAL_FORMAT,,,,,,,some questions unmapped to module,2,2,,Non-standard VTU format (not five-module SEE),Previous Years QPs/MBA/MBA Qp- Dec 2024-25.pdf#p32-33
Previous Years QPs/MBA/MBA Qp- Dec 2024-25.pdf,QPB-22MBAMM303-2025-JAN-SEE,34,34,Consumer Behaviour,22MBAMM303,3,MBA,,SEE,JAN 2025,100,180,8,23,0,false,,VERIFIED_SPECIAL_FORMAT,EXTRACTED,VERIFIED_SPECIAL_FORMAT,,,,,,,some questions unmapped to module,,1,,Non-standard VTU format (not five-module SEE),Previous Years QPs/MBA/MBA Qp- Dec 2024-25.pdf#p34-34
Previous Years QPs/MBA/MBA Qp- Dec 2024-25.pdf,QPB-22MBAFM304-2025-JAN-SEE,35,36,Security Analysis and Portfolio Management,22MBAFM304,3,MBA,,SEE,JAN 2025,100,180,8,24,0,false,,VERIFIED_SPECIAL_FORMAT,EXTRACTED,VERIFIED_SPECIAL_FORMAT,,,,1 q without marks,,,some questions unmapped to module,2,2,,Non-standard VTU format (not five-module SEE),Previous Years QPs/MBA/MBA Qp- Dec 2024-25.pdf#p35-36
Previous Years QPs/MBA/MBA Qp- Dec 2024-25.pdf,QPB-22MBAHR304-2025-JAN-SEE,37,38,Industrial Relations and Legislations,22MBAHR304,3,MBA,,SEE,JAN 2025,100,180,8,25,0,false,,VERIFIED_SPECIAL_FORMAT,EXTRACTED,VERIFIED_SPECIAL_FORMAT,,,,,,,some questions unmapped to module,2,2,,Non-standard VTU format (not five-module SEE),Previous Years QPs/MBA/MBA Qp- Dec 2024-25.pdf#p37-38
Previous Years QPs/MBA/MBA Qp- Dec 2024-25.pdf,QPB-22MBAMM304-2025-JAN-SEE,39,40,Sales and Retail Management,22MBAMM304,3,MBA,,SEE,JAN 2025,100,180,8,23,0,false,,VERIFIED_SPECIAL_FORMAT,EXTRACTED,VERIFIED_SPECIAL_FORMAT,,,,,,,some questions unmapped to module,2,2,,Non-standard VTU format (not five-module SEE),Previous Years QPs/MBA/MBA Qp- Dec 2024-25.pdf#p39-40
Previous Years QPs/MBA/MBA Qp- Dec 2024-25.pdf,QPB-22MBAHR404-2025-JAN-SEE,41,42,Global HRM,22MBAHR404,4,MBA,,SEE,JAN 2025,100,180,8,23,0,false,,VERIFIED_SPECIAL_FORMAT,EXTRACTED,VERIFIED_SPECIAL_FORMAT,,,,,,,some questions unmapped to module,2,2,,Non-standard VTU format (not five-module SEE),Previous Years QPs/MBA/MBA Qp- Dec 2024-25.pdf#p41-42
Previous Years QPs/MCA/2022 MCA Even sem.pdf,QPB-20MCA42-2022-JUN-MAKEUP,23,24,Programming using C#,20MCA42,4,MCA,2020 Scheme,MAKEUP,JUN 2022,100,180,10,20,5,false,,VERIFIED_SPECIAL_FORMAT,EXTRACTED,VERIFIED_SPECIAL_FORMAT,,,,,,,,2,2,,Makeup exam format,Previous Years QPs/MCA/2022 MCA Even sem.pdf#p23-24
Previous Years QPs/ME/2023 ME Even sem.pdf,QPB-21CIP37/21CIP47-2023-JUN-SEE,5,8,CONSTITUTION OF INDIA AND PROFESSIONAL ETHICS,21CIP37/21CIP47,4,ME,2021 Scheme,SEE,JUN 2023,50,60,52,52,0,false,,VERIFIED_SPECIAL_FORMAT,EXTRACTED,VERIFIED_SPECIAL_FORMAT,,1/2/3/4/5,,,,,some questions unmapped to module,4,4,DUPLICATE_Q:1/2/3/4/5,MCQ / 50-mark format,Previous Years QPs/ME/2023 ME Even sem.pdf#p5-8
Previous Years QPs/ME/2023 ME Even sem.pdf,QPB-21CIP37/21CIP47-2023-JUN-SEE,9,12,CONSTITUTION OF INDIA AND PROFESSIONAL ETHICS,21CIP37/21CIP47,4,ME,2021 Scheme,SEE,JUN 2023,50,60,52,52,0,false,,VERIFIED_SPECIAL_FORMAT,EXTRACTED,VERIFIED_SPECIAL_FORMAT,,1/2/3/4/5,,,,,some questions unmapped to module,4,4,DUPLICATE_Q:1/2/3/4/5,MCQ / 50-mark format,Previous Years QPs/ME/2023 ME Even sem.pdf#p9-12
Previous Years QPs/ME/2023 ME Even sem.pdf,QPB-21CIP37/21CIP47-2023-JUN-SEE,13,16,CONSTITUTION OF INDIA AND PROFESSIONAL ETHICS,21CIP37/21CIP47,4,ME,2021 Scheme,SEE,JUN 2023,50,60,52,52,0,false,,VERIFIED_SPECIAL_FORMAT,EXTRACTED,VERIFIED_SPECIAL_FORMAT,,1/2/3/4/5,,,,,some questions unmapped to module,4,4,DUPLICATE_Q:1/2/3/4/5,MCQ / 50-mark format,Previous Years QPs/ME/2023 ME Even sem.pdf#p13-16
Previous Years QPs/ME/2023 ME Even sem.pdf,QPB-21CIP37/21CIP47-2023-JUN-SEE,17,20,CONSTITUTION OF INDIA AND PROFESSIONAL ETHICS,21CIP37/21CIP47,4,ME,2021 Scheme,SEE,JUN 2023,50,60,52,52,0,false,,VERIFIED_SPECIAL_FORMAT,EXTRACTED,VERIFIED_SPECIAL_FORMAT,,1/2/3/4/5,,,,,some questions unmapped to module,4,4,DUPLICATE_Q:1/2/3/4/5,MCQ / 50-mark format,Previous Years QPs/ME/2023 ME Even sem.pdf#p17-20
Previous Years QPs/ME/2023 ME Even sem.pdf,QPB-21KBK47-2023-JUN-SEE,21,24,Balake Kannada,21KBK47,4,ME,2021 Scheme,SEE,JUN 2023,50,60,52,52,0,false,,VERIFIED_SPECIAL_FORMAT,EXTRACTED,VERIFIED_SPECIAL_FORMAT,,1/2/3/4/5,,,,,some questions unmapped to module,4,4,DUPLICATE_Q:1/2/3/4/5,MCQ / 50-mark format,Previous Years QPs/ME/2023 ME Even sem.pdf#p21-24
Previous Years QPs/ME/2023 ME Even sem.pdf,QPB-21KBK47-2023-JUN-SEE,25,28,Balake Kannada,21KBK47,4,ME,2021 Scheme,SEE,JUN 2023,50,60,52,52,0,false,,VERIFIED_SPECIAL_FORMAT,EXTRACTED,VERIFIED_SPECIAL_FORMAT,,1/2/3/4/5,,,,,some questions unmapped to module,4,4,DUPLICATE_Q:1/2/3/4/5,MCQ / 50-mark format,Previous Years QPs/ME/2023 ME Even sem.pdf#p25-28
Previous Years QPs/ME/2023 ME Even sem.pdf,QPB-21KBK47-2023-JUN-SEE,29,32,Balake Kannada,21KBK47,4,ME,2021 Scheme,SEE,JUN 2023,50,60,52,52,0,false,,VERIFIED_SPECIAL_FORMAT,EXTRACTED,VERIFIED_SPECIAL_FORMAT,,1/2/3/4/5,,,,,some questions unmapped to module,4,4,DUPLICATE_Q:1/2/3/4/5,MCQ / 50-mark format,Previous Years QPs/ME/2023 ME Even sem.pdf#p29-32
Previous Years QPs/ME/2023 ME Even sem.pdf,QPB-21KBK47-2023-JUN-SEE,33,36,Balake Kannada,21KBK47,4,ME,2021 Scheme,SEE,JUN 2023,50,60,52,52,0,false,,VERIFIED_SPECIAL_FORMAT,EXTRACTED,VERIFIED_SPECIAL_FORMAT,,1/2/3/4/5,,,,,some questions unmapped to module,4,4,DUPLICATE_Q:1/2/3/4/5,MCQ / 50-mark format,Previous Years QPs/ME/2023 ME Even sem.pdf#p33-36
Previous Years QPs/ME/2023 ME Even sem.pdf,QPB-21KSK47-2023-JUN-SEE,37,42,±ಾ ಾ ಸ ĂĦ ಕ ಕನ Ç ಡ - Samskruthika Kannada,21KSK47,4,ME,2021 Scheme,SEE,JUN 2023,50,60,14,54,0,false,,VERIFIED_SPECIAL_FORMAT,EXTRACTED,VERIFIED_SPECIAL_FORMAT,,,,12 q without marks,,,some questions unmapped to module,6,6,,Non-standard VTU format (not five-module SEE),Previous Years QPs/ME/2023 ME Even sem.pdf#p37-42
Previous Years QPs/ME/2023 ME Even sem.pdf,QPB-21KSK47-2023-JUN-SEE,43,48,±ಾ ಾ ಸ ĂĦ ಕ ಕನ Ç ಡ - Samskruthika Kannada,21KSK47,4,ME,2021 Scheme,SEE,JUN 2023,50,60,14,55,0,false,,VERIFIED_SPECIAL_FORMAT,EXTRACTED,VERIFIED_SPECIAL_FORMAT,,,,12 q without marks,,,some questions unmapped to module,6,6,,Non-standard VTU format (not five-module SEE),Previous Years QPs/ME/2023 ME Even sem.pdf#p43-48
Previous Years QPs/ME/2023 ME Even sem.pdf,QPB-21KSK47-2023-JUN-SEE,49,55,±ಾ ಾ ಸ ĂĦ ಕ ಕನ Ç ಡ - Samskruthika Kannada,21KSK47,4,ME,2021 Scheme,SEE,JUN 2023,50,60,14,56,0,false,,VERIFIED_SPECIAL_FORMAT,EXTRACTED,VERIFIED_SPECIAL_FORMAT,,,,11 q without marks,,,some questions unmapped to module,6,7,,Non-standard VTU format (not five-module SEE),Previous Years QPs/ME/2023 ME Even sem.pdf#p49-55
Previous Years QPs/ME/2023 ME Even sem.pdf,QPB-21KSK47-2023-JUN-SEE,56,61,±ಾ ಾ ಸ ĂĦ ಕ ಕನ Ç ಡ - Samskruthika Kannada,21KSK47,4,ME,2021 Scheme,SEE,JUN 2023,50,60,14,57,0,false,,VERIFIED_SPECIAL_FORMAT,EXTRACTED,VERIFIED_SPECIAL_FORMAT,,,,12 q without marks,,,some questions unmapped to module,6,6,,Non-standard VTU format (not five-module SEE),Previous Years QPs/ME/2023 ME Even sem.pdf#p56-61
Previous Years QPs/ME/2023 ME Even sem.pdf,QPB-21UH49-2023-JUN-SEE,69,72,Universal Human Values,21UH49,4,ME,2021 Scheme,SEE,JUN 2023,50,60,52,52,0,false,,VERIFIED_SPECIAL_FORMAT,EXTRACTED,VERIFIED_SPECIAL_FORMAT,,1/2/3/4/5,,,,,some questions unmapped to module,4,4,DUPLICATE_Q:1/2/3/4/5,MCQ / 50-mark format,Previous Years QPs/ME/2023 ME Even sem.pdf#p69-72
Previous Years QPs/ME/2023 ME Even sem.pdf,QPB-21UH49-2023-JUN-SEE,73,76,Universal Human Values,21UH49,4,ME,2021 Scheme,SEE,JUN 2023,50,60,53,53,0,false,,VERIFIED_SPECIAL_FORMAT,EXTRACTED,VERIFIED_SPECIAL_FORMAT,,1/2/3/4/5,,,,,some questions unmapped to module,4,4,DUPLICATE_Q:1/2/3/4/5,MCQ / 50-mark format,Previous Years QPs/ME/2023 ME Even sem.pdf#p73-76
Previous Years QPs/ME/2023 ME Even sem.pdf,QPB-21UH49-2023-JUN-SEE,77,80,Universal Human Values,21UH49,4,ME,2021 Scheme,SEE,JUN 2023,50,60,52,52,0,false,,VERIFIED_SPECIAL_FORMAT,EXTRACTED,VERIFIED_SPECIAL_FORMAT,,1/2/3/4/5,,,,,some questions unmapped to module,4,4,DUPLICATE_Q:1/2/3/4/5,MCQ / 50-mark format,Previous Years QPs/ME/2023 ME Even sem.pdf#p77-80
Previous Years QPs/ME/2023 ME Even sem.pdf,QPB-21UH49-2023-JUN-SEE,81,84,Universal Human Values,21UH49,4,ME,2021 Scheme,SEE,JUN 2023,50,60,52,52,0,false,,VERIFIED_SPECIAL_FORMAT,EXTRACTED,VERIFIED_SPECIAL_FORMAT,,1/2/3/4/5,,,,,some questions unmapped to module,4,4,DUPLICATE_Q:1/2/3/4/5,MCQ / 50-mark format,Previous Years QPs/ME/2023 ME Even sem.pdf#p81-84
Previous Years QPs/ME/2023 ME Odd sem.pdf,QPB-18CIV59-2023-JAN-SEE,17,24,Environmental Studies (COMMON TO ALL BRANCHES),18CIV59,5,ME,2018 Scheme,SEE,JAN 2023,100,120,51,51,0,false,,VERIFIED_SPECIAL_FORMAT,EXTRACTED,VERIFIED_SPECIAL_FORMAT,,1/2/3/4/5,,,,,some questions unmapped to module,8,8,DUPLICATE_Q:1/2/3/4/5,MCQ / 50-mark format,Previous Years QPs/ME/2023 ME Odd sem.pdf#p17-24
Previous Years QPs/ME/2023 ME Odd sem.pdf,QPB-18CIV59-2023-JAN-SEE,25,32,Environmental Studies (COMMON TO ALL BRANCHES),18CIV59,5,ME,2018 Scheme,SEE,JAN 2023,100,120,51,51,0,false,,VERIFIED_SPECIAL_FORMAT,EXTRACTED,VERIFIED_SPECIAL_FORMAT,,1/2/3/4/5,,,,,some questions unmapped to module,8,8,DUPLICATE_Q:1/2/3/4/5,MCQ / 50-mark format,Previous Years QPs/ME/2023 ME Odd sem.pdf#p25-32
Previous Years QPs/ME/2023 ME Odd sem.pdf,QPB-18CIV59-2023-JAN-SEE,33,40,Environmental Studies (COMMON TO ALL BRANCHES),18CIV59,5,ME,2018 Scheme,SEE,JAN 2023,100,120,51,51,0,false,,VERIFIED_SPECIAL_FORMAT,EXTRACTED,VERIFIED_SPECIAL_FORMAT,,1/2/3/4/5,,,,,some questions unmapped to module,8,8,DUPLICATE_Q:1/2/3/4/5,MCQ / 50-mark format,Previous Years QPs/ME/2023 ME Odd sem.pdf#p33-40
Previous Years QPs/ME/2023 ME Odd sem.pdf,QPB-18CIV59-2023-JAN-SEE,41,48,Environmental Studies (COMMON TO ALL BRANCHES),18CIV59,5,ME,2018 Scheme,SEE,JAN 2023,100,120,51,51,0,false,,VERIFIED_SPECIAL_FORMAT,EXTRACTED,VERIFIED_SPECIAL_FORMAT,,1/2/3/4/5,,,,,some questions unmapped to module,8,8,DUPLICATE_Q:1/2/3/4/5,MCQ / 50-mark format,Previous Years QPs/ME/2023 ME Odd sem.pdf#p41-48
Previous Years QPs/ME/2023 ME Odd sem.pdf,QPB-21KBK37-2023-JAN-SEE,71,74,Balake Kannada,21KBK37,3,ME,2021 Scheme,SEE,JAN 2023,50,60,52,52,0,false,,VERIFIED_SPECIAL_FORMAT,EXTRACTED,VERIFIED_SPECIAL_FORMAT,,1/2/3/4/5,,,,,some questions unmapped to module,4,4,DUPLICATE_Q:1/2/3/4/5,MCQ / 50-mark format,Previous Years QPs/ME/2023 ME Odd sem.pdf#p71-74
Previous Years QPs/ME/2023 ME Odd sem.pdf,QPB-21KBK37-2023-JAN-SEE,75,78,Balake Kannada,21KBK37,3,ME,2021 Scheme,SEE,JAN 2023,50,60,52,52,0,false,,VERIFIED_SPECIAL_FORMAT,EXTRACTED,VERIFIED_SPECIAL_FORMAT,,1/2/3/4/5,,,,,some questions unmapped to module,4,4,DUPLICATE_Q:1/2/3/4/5,MCQ / 50-mark format,Previous Years QPs/ME/2023 ME Odd sem.pdf#p75-78
Previous Years QPs/ME/2023 ME Odd sem.pdf,QPB-21KBK37-2023-JAN-SEE,79,82,Balake Kannada,21KBK37,3,ME,2021 Scheme,SEE,JAN 2023,50,60,52,52,0,false,,VERIFIED_SPECIAL_FORMAT,EXTRACTED,VERIFIED_SPECIAL_FORMAT,,1/2/3/4/5,,,,,some questions unmapped to module,4,4,DUPLICATE_Q:1/2/3/4/5,MCQ / 50-mark format,Previous Years QPs/ME/2023 ME Odd sem.pdf#p79-82
Previous Years QPs/ME/2023 ME Odd sem.pdf,QPB-21KBK37-2023-JAN-SEE,83,86,Balake Kannada,21KBK37,3,ME,2021 Scheme,SEE,JAN 2023,50,60,52,52,0,false,,VERIFIED_SPECIAL_FORMAT,EXTRACTED,VERIFIED_SPECIAL_FORMAT,,1/2/3/4/5,,,,,some questions unmapped to module,4,4,DUPLICATE_Q:1/2/3/4/5,MCQ / 50-mark format,Previous Years QPs/ME/2023 ME Odd sem.pdf#p83-86
Previous Years QPs/ME/2023 ME Odd sem.pdf,QPB-21KSK37-2023-JAN-SEE,87,94,Samskruthika Kannada,21KSK37,3,ME,2021 Scheme,SEE,JAN 2023,50,60,53,53,0,false,,VERIFIED_SPECIAL_FORMAT,EXTRACTED,VERIFIED_SPECIAL_FORMAT,,1/2/3/4/8/6/9/23,,,,,some questions unmapped to module,6,8,DUPLICATE_Q:1/2/3/4/8/6/9/23,MCQ / 50-mark format,Previous Years QPs/ME/2023 ME Odd sem.pdf#p87-94
Previous Years QPs/ME/2023 ME Odd sem.pdf,QPB-21KSK37-2023-JAN-SEE,95,100,Samskruthika Kannada,21KSK37,3,ME,2021 Scheme,SEE,JAN 2023,50,60,55,55,0,false,,VERIFIED_SPECIAL_FORMAT,EXTRACTED,VERIFIED_SPECIAL_FORMAT,,1/2/3/4/8/6/9/23,,,,,some questions unmapped to module,6,6,DUPLICATE_Q:1/2/3/4/8/6/9/23,MCQ / 50-mark format,Previous Years QPs/ME/2023 ME Odd sem.pdf#p95-100
Previous Years QPs/ME/2023 ME Odd sem.pdf,QPB-21KSK37-2023-JAN-SEE,101,110,Samskruthika Kannada,21KSK37,3,ME,2021 Scheme,SEE,JAN 2023,50,60,53,53,0,false,,VERIFIED_SPECIAL_FORMAT,EXTRACTED,VERIFIED_SPECIAL_FORMAT,,1/2/3/4/8/9/6/23,,,,,some questions unmapped to module,6,10,DUPLICATE_Q:1/2/3/4/8/9/6/23,MCQ / 50-mark format,Previous Years QPs/ME/2023 ME Odd sem.pdf#p101-110
Previous Years QPs/ME/2023 ME Odd sem.pdf,QPB-21KSK37-2023-JAN-SEE,111,116,Samskruthika Kannada,21KSK37,3,ME,2021 Scheme,SEE,JAN 2023,50,60,55,55,0,false,,VERIFIED_SPECIAL_FORMAT,EXTRACTED,VERIFIED_SPECIAL_FORMAT,,1/2/3/5/8/9/23,,,,,some questions unmapped to module,6,6,DUPLICATE_Q:1/2/3/5/8/9/23,MCQ / 50-mark format,Previous Years QPs/ME/2023 ME Odd sem.pdf#p111-116
