sourceFile,paperId,pageStart,pageEnd,subject,subjectCode,semester,branch,scheme,examType,examMonthYear,maxMarks,durationMin,mainQuestions,subquestions,orPairs,isStandardSee,expectedQuestions,classification,extractionStatus,reviewStatus,warnings
"Previous Years QPs/Basic Science (Physics, Chemistry and Mathematics )/BE – Makeup Exam.pdf",QPB-BBEE103/203-2024-JUN-MAKEUP,4,5,June/July 2024 Basic Electronics for EEE Stream,BBEE103/203,1,Basic Science,,MAKEUP,JUN 2024,100,180,10,30,5,false,,VERIFIED_SPECIAL_FORMAT,EXTRACTED,VERIFIED_SPECIAL_FORMAT,
"Previous Years QPs/Basic Science (Physics, Chemistry and Mathematics )/BE – Makeup Exam.pdf",QPB-BCHEC102/202-2024-JUN-MAKEUP,6,7,June/July 2024 Applied Chemistry for Civil Engineering Stream,BCHEC102/202,1,Basic Science,,MAKEUP,JUN 2024,100,180,10,30,5,false,,VERIFIED_SPECIAL_FORMAT,EXTRACTED,VERIFIED_SPECIAL_FORMAT,
"Previous Years QPs/Basic Science (Physics, Chemistry and Mathematics )/BE – Makeup Exam.pdf",QPB-BCHEE102/202-2024-JUN-MAKEUP,8,9,June/July 2024 Chemistry for EEE Stream,BCHEE102/202,1,Basic Science,,MAKEUP,JUN 2024,100,180,10,30,5,false,,VERIFIED_SPECIAL_FORMAT,EXTRACTED,VERIFIED_SPECIAL_FORMAT,
"Previous Years QPs/Basic Science (Physics, Chemistry and Mathematics )/BE – Makeup Exam.pdf",QPB-BCHEM102/202-2024-JUN-MAKEUP,10,11,June/July 2024 Applied Chemistry for ME Stream,BCHEM102/202,1,Basic Science,,MAKEUP,JUN 2024,100,180,10,30,5,false,,VERIFIED_SPECIAL_FORMAT,EXTRACTED,VERIFIED_SPECIAL_FORMAT,
"Previous Years QPs/Basic Science (Physics, Chemistry and Mathematics )/BE – Makeup Exam.pdf",QPB-BCHES102/202-2024-JUN-MAKEUP,12,13,June/July 2024 Applied Chemistry for CSE Stream,BCHES102/202,1,Basic Science,,MAKEUP,JUN 2024,100,180,10,30,5,false,,VERIFIED_SPECIAL_FORMAT,EXTRACTED,VERIFIED_SPECIAL_FORMAT,
"Previous Years QPs/Basic Science (Physics, Chemistry and Mathematics )/BE – Makeup Exam.pdf",QPB-BCIVC103/203-2024-JUN-MAKEUP,14,17,June/July 2024 Engineering Mechanics,BCIVC103/203,1,Basic Science,,MAKEUP,JUN 2024,100,180,10,24,5,false,,VERIFIED_SPECIAL_FORMAT,EXTRACTED,VERIFIED_SPECIAL_FORMAT,
"Previous Years QPs/Basic Science (Physics, Chemistry and Mathematics )/BE – Makeup Exam.pdf",QPB-BEMEM103/203-2024-JUN-MAKEUP,18,19,June/July 2024 Elements of Mechanical Engineering,BEMEM103/203,1,Basic Science,,MAKEUP,JUN 2024,100,180,10,24,5,false,,VERIFIED_SPECIAL_FORMAT,EXTRACTED,VERIFIED_SPECIAL_FORMAT,
"Previous Years QPs/Basic Science (Physics, Chemistry and Mathematics )/BE – Makeup Exam.pdf",QPB-BENGK106/206-2024-JUN-MAKEUP,20,23,June/July 2024 Communicative English,BENGK106/206,1,Basic Science,2022 Scheme,MAKEUP,JUN 2024,50,60,52,52,0,false,,VERIFIED_SPECIAL_FORMAT,EXTRACTED,VERIFIED_SPECIAL_FORMAT,DUPLICATE_Q:1/2/3/4/5
"Previous Years QPs/Basic Science (Physics, Chemistry and Mathematics )/BE – Makeup Exam.pdf",QPB-BESCK104A/BESCKA104-2024-JUN-MAKEUP,24,26,June/July 2024 Introduction to Civil Engineering,BESCK104A/BESCKA104,1,Basic Science,,MAKEUP,JUN 2024,100,180,10,20,5,false,,VERIFIED_SPECIAL_FORMAT,EXTRACTED,VERIFIED_SPECIAL_FORMAT,
"Previous Years QPs/Basic Science (Physics, Chemistry and Mathematics )/BE – Makeup Exam.pdf",QPB-BESCK104B/BESCKB104-2024-JUN-MAKEUP,27,29,June/July 2024 Introduction to Electrical Engineering,BESCK104B/BESCKB104,1,Basic Science,,MAKEUP,JUN 2024,100,180,10,30,5,false,,VERIFIED_SPECIAL_FORMAT,EXTRACTED,VERIFIED_SPECIAL_FORMAT,
"Previous Years QPs/Basic Science (Physics, Chemistry and Mathematics )/BE – Makeup Exam.pdf",QPB-BESCK104C/BESCKC104-2024-JUN-MAKEUP,30,31,Introduction to Electronics and Communication,BESCK104C/BESCKC104,1,Basic Science,,MAKEUP,JUN 2024,100,180,10,30,5,false,,VERIFIED_SPECIAL_FORMAT,EXTRACTED,VERIFIED_SPECIAL_FORMAT,
"Previous Years QPs/Basic Science (Physics, Chemistry and Mathematics )/BE – Makeup Exam.pdf",QPB-BESCK204B/BESCKB204-2024-JUN-MAKEUP,32,34,June/July 2024 Introduction to Electrical Engineering,BESCK204B/BESCKB204,2,Basic Science,,MAKEUP,JUN 2024,100,180,10,30,5,false,,VERIFIED_SPECIAL_FORMAT,EXTRACTED,VERIFIED_SPECIAL_FORMAT,
"Previous Years QPs/Basic Science (Physics, Chemistry and Mathematics )/BE – Makeup Exam.pdf",QPB-BESCKE204/BESCK204E-2024-JUN-MAKEUP,35,36,June/July 2024 Introduction to C Programming,BESCKE204/BESCK204E,2,Basic Science,,MAKEUP,JUN 2024,100,180,10,30,5,false,,VERIFIED_SPECIAL_FORMAT,EXTRACTED,VERIFIED_SPECIAL_FORMAT,
"Previous Years QPs/Basic Science (Physics, Chemistry and Mathematics )/BE – Makeup Exam.pdf",QPB-BETCK205B/BETCKB205-2024-JUN-MAKEUP,37,38,June/July 2024 Green Buildings,BETCK205B/BETCKB205,2,Basic Science,,MAKEUP,JUN 2024,100,180,10,20,5,false,,VERIFIED_SPECIAL_FORMAT,EXTRACTED,VERIFIED_SPECIAL_FORMAT,
"Previous Years QPs/Basic Science (Physics, Chemistry and Mathematics )/BE – Makeup Exam.pdf",QPB-BICOK107/207-2024-JUN-MAKEUP,39,42,June/July 2024 Indian Constitution,BICOK107/207,1,Basic Science,2022 Scheme,MAKEUP,JUN 2024,50,60,52,52,0,false,,VERIFIED_SPECIAL_FORMAT,EXTRACTED,VERIFIED_SPECIAL_FORMAT,DUPLICATE_Q:1/2/3/4/5
"Previous Years QPs/Basic Science (Physics, Chemistry and Mathematics )/BE – Makeup Exam.pdf",QPB-BIDTK158/258-2024-JUN-MAKEUP,43,48,June/July 2024 Innovation and Design Thinking,BIDTK158/258,1,Basic Science,2022 Scheme,MAKEUP,JUN 2024,50,60,50,50,0,false,,VERIFIED_SPECIAL_FORMAT,EXTRACTED,VERIFIED_SPECIAL_FORMAT,DUPLICATE_Q:1/2/3/4
"Previous Years QPs/Basic Science (Physics, Chemistry and Mathematics )/BE – Makeup Exam.pdf",QPB-BKSKK107/207-2024-JUN-MAKEUP,49,54,June/July 2024 ±ಾಂಸĂĦಕ ಕನÇಡ (COMMON TO ALL BRANCHES),BKSKK107/207,1,Basic Science,2022 Scheme,MAKEUP,JUN 2024,50,60,14,54,0,false,,VERIFIED_SPECIAL_FORMAT,EXTRACTED,VERIFIED_SPECIAL_FORMAT,
"Previous Years QPs/Basic Science (Physics, Chemistry and Mathematics )/BE – Makeup Exam.pdf",QPB-BMATC101-2024-JUN-MAKEUP,55,57,June/July 2024 Mathematics – I for Civil Engineering Stream,BMATC101,1,Basic Science,,MAKEUP,JUN 2024,100,180,10,30,5,false,,VERIFIED_SPECIAL_FORMAT,EXTRACTED,VERIFIED_SPECIAL_FORMAT,
"Previous Years QPs/Basic Science (Physics, Chemistry and Mathematics )/BE – Makeup Exam.pdf",QPB-BMATE101-2024-JUN-MAKEUP,58,60,June/July 2024 Mathematics – I for EEE Stream,BMATE101,1,Basic Science,,MAKEUP,JUN 2024,100,180,10,30,5,false,,VERIFIED_SPECIAL_FORMAT,EXTRACTED,VERIFIED_SPECIAL_FORMAT,
"Previous Years QPs/Basic Science (Physics, Chemistry and Mathematics )/BE – Makeup Exam.pdf",QPB-BMATM101-2024-JUN-MAKEUP,61,63,June/July 2024 Mathematics – I for ME Stream,BMATM101,1,Basic Science,,MAKEUP,JUN 2024,100,180,10,32,5,false,,VERIFIED_SPECIAL_FORMAT,EXTRACTED,VERIFIED_SPECIAL_FORMAT,
"Previous Years QPs/Basic Science (Physics, Chemistry and Mathematics )/BE – Makeup Exam.pdf",QPB-BMATS101-2024-JUN-MAKEUP,64,66,June/July 2024 Mathematics – I for CSE Stream,BMATS101,1,Basic Science,,MAKEUP,JUN 2024,100,180,10,32,5,false,,VERIFIED_SPECIAL_FORMAT,EXTRACTED,VERIFIED_SPECIAL_FORMAT,
"Previous Years QPs/Basic Science (Physics, Chemistry and Mathematics )/BE – Makeup Exam.pdf",QPB-BPHYE102/202-2024-JUN-MAKEUP,67,69,Applied Physics for EEE Stream,BPHYE102/202,1,Basic Science,,MAKEUP,JUN 2024,100,180,10,31,5,false,,VERIFIED_SPECIAL_FORMAT,EXTRACTED,VERIFIED_SPECIAL_FORMAT,
"Previous Years QPs/Basic Science (Physics, Chemistry and Mathematics )/BE – Makeup Exam.pdf",QPB-BPHYM102/202-2024-JUN-MAKEUP,70,72,June/July 2024 Applied Physics for ME Stream,BPHYM102/202,1,Basic Science,,MAKEUP,JUN 2024,100,180,10,30,5,false,,VERIFIED_SPECIAL_FORMAT,EXTRACTED,VERIFIED_SPECIAL_FORMAT,
"Previous Years QPs/Basic Science (Physics, Chemistry and Mathematics )/BE – Makeup Exam.pdf",QPB-BPHYS102/202-2024-JUN-MAKEUP,73,74,June/July 2024 Applied Physics for CSE Stream,BPHYS102/202,1,Basic Science,,MAKEUP,JUN 2024,100,180,10,30,5,false,,VERIFIED_SPECIAL_FORMAT,EXTRACTED,VERIFIED_SPECIAL_FORMAT,
"Previous Years QPs/Basic Science (Physics, Chemistry and Mathematics )/BE – Makeup Exam.pdf",QPB-BPLCK105B/BPLCKB105-2024-JUN-MAKEUP,75,76,June/July 2024 Introduction to Python Programming,BPLCK105B/BPLCKB105,1,Basic Science,,MAKEUP,JUN 2024,100,180,10,24,5,false,,VERIFIED_SPECIAL_FORMAT,EXTRACTED,VERIFIED_SPECIAL_FORMAT,
"Previous Years QPs/Basic Science (Physics, Chemistry and Mathematics )/BE – Makeup Exam.pdf",QPB-BPLCK205B/BPLCKB205-2024-JUN-MAKEUP,77,78,June/July 2024 Introduction to Python Programming,BPLCK205B/BPLCKB205,2,Basic Science,,MAKEUP,JUN 2024,100,180,10,26,5,false,,VERIFIED_SPECIAL_FORMAT,EXTRACTED,VERIFIED_SPECIAL_FORMAT,
"Previous Years QPs/Basic Science (Physics, Chemistry and Mathematics )/BE – Makeup Exam.pdf",QPB-BPLCK205C/BPLCKC205-2024-JUN-MAKEUP,79,80,June/July 2024 Basics of Java Programming,BPLCK205C/BPLCKC205,2,Basic Science,2022 Scheme,MAKEUP,JUN 2024,100,180,10,24,5,false,,VERIFIED_SPECIAL_FORMAT,EXTRACTED,VERIFIED_SPECIAL_FORMAT,
"Previous Years QPs/Basic Science (Physics, Chemistry and Mathematics )/BE – Makeup Exam.pdf",QPB-BPOPS103/203-2024-JUN-MAKEUP,81,82,June/July 2024 Principles of Programming Using C,BPOPS103/203,1,Basic Science,,MAKEUP,JUN 2024,100,180,10,29,5,false,,VERIFIED_SPECIAL_FORMAT,EXTRACTED,VERIFIED_SPECIAL_FORMAT,
"Previous Years QPs/Basic Science (Physics, Chemistry and Mathematics )/BE – Makeup Exam.pdf",QPB-BPWSK106/206-2024-JUN-MAKEUP,83,87,June/July 2024 Professional Writing Skills in English,BPWSK106/206,1,Basic Science,2022 Scheme,MAKEUP,JUN 2024,50,60,51,51,0,false,,VERIFIED_SPECIAL_FORMAT,EXTRACTED,VERIFIED_SPECIAL_FORMAT,DUPLICATE_Q:1/2/3/4/5
"Previous Years QPs/Basic Science (Physics, Chemistry and Mathematics )/Basic Science.pdf",QPB-BCHEC102/202-2024-JUN-SEE,5,6,Applied Chemistry for Civil Engineering Stream,BCHEC102/202,1,Basic Science,,SEE,JUN 2024,100,180,10,30,5,true,10,VERIFIED,EXTRACTED,VERIFIED,
"Previous Years QPs/Basic Science (Physics, Chemistry and Mathematics )/Basic Science.pdf",QPB-BCHEE102/202-2024-JUN-SEE,7,8,Chemistry for EEE Stream,BCHEE102/202,1,Basic Science,,SEE,JUN 2024,100,180,10,30,5,true,10,VERIFIED,EXTRACTED,VERIFIED,
"Previous Years QPs/Basic Science (Physics, Chemistry and Mathematics )/Basic Science.pdf",QPB-BCHEM102/202-2024-JUN-SEE,9,10,Applied Chemistry for ME Stream,BCHEM102/202,1,Basic Science,,SEE,JUN 2024,100,180,10,30,5,true,10,VERIFIED,EXTRACTED,VERIFIED,
"Previous Years QPs/Basic Science (Physics, Chemistry and Mathematics )/Basic Science.pdf",QPB-BCHES102/202-2024-JUN-SEE,11,12,Applied Chemistry for CSE Stream,BCHES102/202,1,Basic Science,,SEE,JUN 2024,100,180,10,30,5,true,10,VERIFIED,EXTRACTED,VERIFIED,
"Previous Years QPs/Basic Science (Physics, Chemistry and Mathematics )/Basic Science.pdf",QPB-BEMEM103/203-2024-JUN-SEE,13,14,Elements of Mechanical Engineering,BEMEM103/203,1,Basic Science,,SEE,JUN 2024,100,180,10,30,5,true,10,VERIFIED,EXTRACTED,VERIFIED,
"Previous Years QPs/Basic Science (Physics, Chemistry and Mathematics )/Basic Science.pdf",QPB-BENGK106/206/22BD17-2024-JUN-SEE,15,18,June/July 2024 Communicative English (COMMON TO ALL BRANCHES),BENGK106/206/22BD17,1,Basic Science,2022 Scheme,SEE,JUN 2024,50,60,52,52,0,false,,VERIFIED_SPECIAL_FORMAT,EXTRACTED,VERIFIED_SPECIAL_FORMAT,DUPLICATE_Q:1/2/3/4/5
"Previous Years QPs/Basic Science (Physics, Chemistry and Mathematics )/Basic Science.pdf",QPB-BENGK106/206/22BD17-2024-JUN-SEE,19,22,June/July 2024 Communicative English (COMMON TO ALL BRANCHES),BENGK106/206/22BD17,1,Basic Science,2022 Scheme,SEE,JUN 2024,50,60,52,52,0,false,,VERIFIED_SPECIAL_FORMAT,EXTRACTED,VERIFIED_SPECIAL_FORMAT,DUPLICATE_Q:1/2/3/4/5
"Previous Years QPs/Basic Science (Physics, Chemistry and Mathematics )/Basic Science.pdf",QPB-BENGK106/206/22BD17-2024-JUN-SEE,23,26,June/July 2024 Communicative English (COMMON TO ALL BRANCHES),BENGK106/206/22BD17,1,Basic Science,2022 Scheme,SEE,JUN 2024,50,60,52,52,0,false,,VERIFIED_SPECIAL_FORMAT,EXTRACTED,VERIFIED_SPECIAL_FORMAT,DUPLICATE_Q:1/2/3/4/5
"Previous Years QPs/Basic Science (Physics, Chemistry and Mathematics )/Basic Science.pdf",QPB-BENGK106/206/22BD17-2024-JUN-SEE,27,30,June/July 2024 Communicative English (COMMON TO ALL BRANCHES),BENGK106/206/22BD17,1,Basic Science,2022 Scheme,SEE,JUN 2024,50,60,52,52,0,false,,VERIFIED_SPECIAL_FORMAT,EXTRACTED,VERIFIED_SPECIAL_FORMAT,DUPLICATE_Q:1/2/3/4/5
"Previous Years QPs/Basic Science (Physics, Chemistry and Mathematics )/Basic Science.pdf",QPB-BESCK204D/BESCKD204-2024-JUN-SEE,31,31,Introduction to Mechanical Engineering,BESCK204D/BESCKD204,2,Basic Science,,SEE,JUN 2024,100,180,10,24,5,true,10,VERIFIED,EXTRACTED,VERIFIED,
"Previous Years QPs/Basic Science (Physics, Chemistry and Mathematics )/Basic Science.pdf",QPB-BETCK205B/BETCKB205-2024-JUN-SEE,32,32,Green Buildings,BETCK205B/BETCKB205,2,Basic Science,,SEE,JUN 2024,100,180,10,20,5,true,10,VERIFIED,EXTRACTED,VERIFIED,
"Previous Years QPs/Basic Science (Physics, Chemistry and Mathematics )/Basic Science.pdf",QPB-BETCK205F/BETCKF205-2024-JUN-SEE,33,34,Waste Management,BETCK205F/BETCKF205,2,Basic Science,,SEE,JUN 2024,100,180,10,20,5,true,10,VERIFIED,EXTRACTED,VERIFIED,
"Previous Years QPs/Basic Science (Physics, Chemistry and Mathematics )/Basic Science.pdf",QPB-BICOK107/207-2024-JUN-SEE,35,38,Indian Constitution,BICOK107/207,1,Basic Science,2022 Scheme,SEE,JUN 2024,50,60,52,52,0,false,,VERIFIED_SPECIAL_FORMAT,EXTRACTED,VERIFIED_SPECIAL_FORMAT,DUPLICATE_Q:1/2/3/4/5
"Previous Years QPs/Basic Science (Physics, Chemistry and Mathematics )/Basic Science.pdf",QPB-BICOK107/207-2024-JUN-SEE,39,42,Indian Constitution,BICOK107/207,1,Basic Science,2022 Scheme,SEE,JUN 2024,50,60,52,52,0,false,,VERIFIED_SPECIAL_FORMAT,EXTRACTED,VERIFIED_SPECIAL_FORMAT,DUPLICATE_Q:1/2/3/4/5
"Previous Years QPs/Basic Science (Physics, Chemistry and Mathematics )/Basic Science.pdf",QPB-BICOK107/207-2024-JUN-SEE,43,46,Indian Constitution,BICOK107/207,1,Basic Science,2022 Scheme,SEE,JUN 2024,50,60,52,52,0,false,,VERIFIED_SPECIAL_FORMAT,EXTRACTED,VERIFIED_SPECIAL_FORMAT,DUPLICATE_Q:1/2/3/4/5
"Previous Years QPs/Basic Science (Physics, Chemistry and Mathematics )/Basic Science.pdf",QPB-BICOK107/207-2024-JUN-SEE,47,50,Indian Constitution,BICOK107/207,1,Basic Science,2022 Scheme,SEE,JUN 2024,50,60,52,52,0,false,,VERIFIED_SPECIAL_FORMAT,EXTRACTED,VERIFIED_SPECIAL_FORMAT,DUPLICATE_Q:1/2/3/4/5
"Previous Years QPs/Basic Science (Physics, Chemistry and Mathematics )/Basic Science.pdf",QPB-BIDTK158/258/22BD16-2024-JUN-MODEL,51,56,June/July 2024 Innovation and Design Thinking,BIDTK158/258/22BD16,1,Basic Science,2022 Scheme,MODEL,JUN 2024,50,60,50,50,0,false,,VERIFIED_SPECIAL_FORMAT,EXTRACTED,VERIFIED_SPECIAL_FORMAT,DUPLICATE_Q:1/2/3/4/5
"Previous Years QPs/Basic Science (Physics, Chemistry and Mathematics )/Basic Science.pdf",QPB-BIDTK158/258/22BD16-2024-JUN-MODEL,57,62,June/July 2024 Innovation and Design Thinking,BIDTK158/258/22BD16,1,Basic Science,2022 Scheme,MODEL,JUN 2024,50,60,50,50,0,false,,VERIFIED_SPECIAL_FORMAT,EXTRACTED,VERIFIED_SPECIAL_FORMAT,DUPLICATE_Q:1/2/3/4
"Previous Years QPs/Basic Science (Physics, Chemistry and Mathematics )/Basic Science.pdf",QPB-BIDTK158/258/22BD16-2024-JUN-MODEL,63,68,June/July 2024 Innovation and Design Thinking,BIDTK158/258/22BD16,1,Basic Science,2022 Scheme,MODEL,JUN 2024,50,60,50,50,0,false,,VERIFIED_SPECIAL_FORMAT,EXTRACTED,VERIFIED_SPECIAL_FORMAT,DUPLICATE_Q:1/2/3/4
"Previous Years QPs/Basic Science (Physics, Chemistry and Mathematics )/Basic Science.pdf",QPB-BIDTK158/258/22BD16-2024-JUN-MODEL,69,74,June/July 2024 Innovation and Design Thinking,BIDTK158/258/22BD16,1,Basic Science,2022 Scheme,MODEL,JUN 2024,50,60,50,50,0,false,,VERIFIED_SPECIAL_FORMAT,EXTRACTED,VERIFIED_SPECIAL_FORMAT,DUPLICATE_Q:1/2/3/4
"Previous Years QPs/Basic Science (Physics, Chemistry and Mathematics )/Basic Science.pdf",QPB-BKBKK107/207-2024-JUN-MODEL,75,78,Balake Kannada (COMMON TO ALL BRANCHES),BKBKK107/207,1,Basic Science,2022 Scheme,MODEL,JUN 2024,50,60,52,52,0,false,,VERIFIED_SPECIAL_FORMAT,EXTRACTED,VERIFIED_SPECIAL_FORMAT,DUPLICATE_Q:1/2/3/4/5
"Previous Years QPs/Basic Science (Physics, Chemistry and Mathematics )/Basic Science.pdf",QPB-BKBKK107/207-2024-JUN-MODEL,79,82,Balake Kannada (COMMON TO ALL BRANCHES),BKBKK107/207,1,Basic Science,2022 Scheme,MODEL,JUN 2024,50,60,4,4,0,false,,VERIFIED_SPECIAL_FORMAT,EXTRACTED,VERIFIED_SPECIAL_FORMAT,
"Previous Years QPs/Basic Science (Physics, Chemistry and Mathematics )/Basic Science.pdf",QPB-BKBKK107/207-2024-JUN-MODEL,83,86,Balake Kannada (COMMON TO ALL BRANCHES),BKBKK107/207,1,Basic Science,2022 Scheme,MODEL,JUN 2024,50,60,4,4,0,false,,VERIFIED_SPECIAL_FORMAT,EXTRACTED,VERIFIED_SPECIAL_FORMAT,
"Previous Years QPs/Basic Science (Physics, Chemistry and Mathematics )/Basic Science.pdf",QPB-BKBKK107/207-2024-JUN-MODEL,87,90,Balake Kannada (COMMON TO ALL BRANCHES),BKBKK107/207,1,Basic Science,2022 Scheme,MODEL,JUN 2024,50,60,4,4,0,false,,VERIFIED_SPECIAL_FORMAT,EXTRACTED,VERIFIED_SPECIAL_FORMAT,
"Previous Years QPs/Basic Science (Physics, Chemistry and Mathematics )/Basic Science.pdf",QPB-BKSKK107/207-2024-JUN-SEE,91,96,±ಾಂಸĂĦಕ ಕನÇಡ (COMMON TO ALL BRANCHES),BKSKK107/207,1,Basic Science,2022 Scheme,SEE,JUN 2024,50,60,14,70,0,false,,VERIFIED_SPECIAL_FORMAT,EXTRACTED,VERIFIED_SPECIAL_FORMAT,
"Previous Years QPs/Basic Science (Physics, Chemistry and Mathematics )/Basic Science.pdf",QPB-BKSKK107/207-2024-JUN-SEE,97,102,±ಾಂಸĂĦಕ ಕನÇಡ (COMMON TO ALL BRANCHES),BKSKK107/207,1,Basic Science,2022 Scheme,SEE,JUN 2024,50,60,14,69,0,false,,VERIFIED_SPECIAL_FORMAT,EXTRACTED,VERIFIED_SPECIAL_FORMAT,
"Previous Years QPs/Basic Science (Physics, Chemistry and Mathematics )/Basic Science.pdf",QPB-BKSKK107/207-2024-JUN-SEE,103,108,±ಾಂಸĂĦಕ ಕನÇಡ (COMMON TO ALL BRANCHES),BKSKK107/207,1,Basic Science,2022 Scheme,SEE,JUN 2024,50,60,14,70,0,false,,VERIFIED_SPECIAL_FORMAT,EXTRACTED,VERIFIED_SPECIAL_FORMAT,
"Previous Years QPs/Basic Science (Physics, Chemistry and Mathematics )/Basic Science.pdf",QPB-BKSKK107/207-2024-JUN-SEE,109,114,±ಾಂಸĂĦಕ ಕನÇಡ (COMMON TO ALL BRANCHES),BKSKK107/207,1,Basic Science,2022 Scheme,SEE,JUN 2024,50,60,14,68,0,false,,VERIFIED_SPECIAL_FORMAT,EXTRACTED,VERIFIED_SPECIAL_FORMAT,
"Previous Years QPs/Basic Science (Physics, Chemistry and Mathematics )/Basic Science.pdf",QPB-BMATC101-2024-JUN-SEE,115,116,Mathematics – I for Civil Engineering Stream,BMATC101,1,Basic Science,,SEE,JUN 2024,100,180,10,32,5,true,10,VERIFIED,EXTRACTED,VERIFIED,
"Previous Years QPs/Basic Science (Physics, Chemistry and Mathematics )/Basic Science.pdf",QPB-BMATC201-2024-JUN-SUPPLEMENTARY,117,119,June/July 2024 Mathematics – II for Civil Engineering Stream,BMATC201,2,Basic Science,,SUPPLEMENTARY,JUN 2024,100,180,10,31,5,true,10,VERIFIED,EXTRACTED,VERIFIED,
"Previous Years QPs/Basic Science (Physics, Chemistry and Mathematics )/Basic Science.pdf",QPB-BMATC201-2024-JUN-SEE,120,121,Mathematics – II for Civil Engineering Stream,BMATC201,2,Basic Science,,SEE,JUN 2024,100,180,10,31,5,true,10,VERIFIED,EXTRACTED,VERIFIED,
"Previous Years QPs/Basic Science (Physics, Chemistry and Mathematics )/Basic Science.pdf",QPB-BMATE101-2024-JUN-SEE,122,124,Mathematics - I for EEE Stream,BMATE101,1,Basic Science,,SEE,JUN 2024,100,180,10,30,5,true,10,VERIFIED,EXTRACTED,VERIFIED,
"Previous Years QPs/Basic Science (Physics, Chemistry and Mathematics )/Basic Science.pdf",QPB-BMATE201-2024-JUN-SUPPLEMENTARY,125,127,June/July 2024 Mathematics – II for EEE Stream,BMATE201,2,Basic Science,,SUPPLEMENTARY,JUN 2024,100,180,10,31,5,true,10,VERIFIED,EXTRACTED,VERIFIED,
"Previous Years QPs/Basic Science (Physics, Chemistry and Mathematics )/Basic Science.pdf",QPB-BMATE201-2024-JUN-SEE,128,130,Mathematics – II for EEE Stream,BMATE201,2,Basic Science,,SEE,JUN 2024,100,180,10,32,5,true,10,VERIFIED,EXTRACTED,VERIFIED,
"Previous Years QPs/Basic Science (Physics, Chemistry and Mathematics )/Basic Science.pdf",QPB-BMATM101-2024-JUN-SEE,131,132,Mathematics – I for Mechanical Engineering Stream,BMATM101,1,Basic Science,,SEE,JUN 2024,100,180,10,30,5,true,10,VERIFIED,EXTRACTED,VERIFIED,
"Previous Years QPs/Basic Science (Physics, Chemistry and Mathematics )/Basic Science.pdf",QPB-BMATM201-2024-JUN-SUPPLEMENTARY,133,135,June/July 2024 Mathematics – II for Mechanical Engineering Stream,BMATM201,2,Basic Science,,SUPPLEMENTARY,JUN 2024,100,180,10,34,5,true,10,VERIFIED,EXTRACTED,VERIFIED,
"Previous Years QPs/Basic Science (Physics, Chemistry and Mathematics )/Basic Science.pdf",QPB-BMATM201-2024-JUN-SEE,136,138,Mathematics – II for Mechanical Engineering Stream,BMATM201,2,Basic Science,,SEE,JUN 2024,100,180,10,32,5,true,10,VERIFIED,EXTRACTED,VERIFIED,
"Previous Years QPs/Basic Science (Physics, Chemistry and Mathematics )/Basic Science.pdf",QPB-BMATS101-2024-JUN-SEE,139,141,Mathematics for CSE Stream – I,BMATS101,1,Basic Science,,SEE,JUN 2024,100,180,10,30,5,true,10,VERIFIED,EXTRACTED,VERIFIED,
"Previous Years QPs/Basic Science (Physics, Chemistry and Mathematics )/Basic Science.pdf",QPB-BMATS201-2024-JUN-SUPPLEMENTARY,142,144,June/July 2024 Mathematics – II for CSE Stream,BMATS201,2,Basic Science,,SUPPLEMENTARY,JUN 2024,100,180,10,30,5,true,10,VERIFIED,EXTRACTED,VERIFIED,
"Previous Years QPs/Basic Science (Physics, Chemistry and Mathematics )/Basic Science.pdf",QPB-BMATS201-2024-JUN-SEE,145,147,Mathematics – II for CSE Stream,BMATS201,2,Basic Science,,SEE,JUN 2024,100,180,10,30,5,true,10,VERIFIED,EXTRACTED,VERIFIED,
"Previous Years QPs/Basic Science (Physics, Chemistry and Mathematics )/Basic Science.pdf",QPB-BPHYC102/202-2024-JUN-SUPPLEMENTARY,148,149,June/July 2024 Applied Physics for Civil Engineering Stream,BPHYC102/202,1,Basic Science,,SUPPLEMENTARY,JUN 2024,100,180,10,30,5,true,10,VERIFIED,EXTRACTED,VERIFIED,
"Previous Years QPs/Basic Science (Physics, Chemistry and Mathematics )/Basic Science.pdf",QPB-BPHYC102/202-2024-JUN-SEE,150,151,Applied Physics for Civil Engineering Stream,BPHYC102/202,1,Basic Science,,SEE,JUN 2024,100,180,10,30,5,true,10,VERIFIED,EXTRACTED,VERIFIED,
"Previous Years QPs/Basic Science (Physics, Chemistry and Mathematics )/Basic Science.pdf",QPB-BPHYE102/202-2024-JUN-SEE,152,154,Applied Physics for EEE Stream,BPHYE102/202,1,Basic Science,,SEE,JUN 2024,100,180,10,31,5,true,10,VERIFIED,EXTRACTED,VERIFIED,
"Previous Years QPs/Basic Science (Physics, Chemistry and Mathematics )/Basic Science.pdf",QPB-BPHYM102/202-2024-JUN-SEE,155,156,Applied Physics for ME Stream,BPHYM102/202,1,Basic Science,,SEE,JUN 2024,100,180,10,30,5,true,10,VERIFIED,EXTRACTED,VERIFIED,
"Previous Years QPs/Basic Science (Physics, Chemistry and Mathematics )/Basic Science.pdf",QPB-BPHYS102/202-2024-JUN-SEE,157,158,Applied Physics for CSE Stream,BPHYS102/202,1,Basic Science,,SEE,JUN 2024,100,180,10,30,5,true,10,VERIFIED,EXTRACTED,VERIFIED,
"Previous Years QPs/Basic Science (Physics, Chemistry and Mathematics )/Basic Science.pdf",QPB-BPLCK105B/BPLCKB105-2024-JUN-SEE,159,160,Introduction to Python Programming,BPLCK105B/BPLCKB105,1,Basic Science,,SEE,JUN 2024,100,180,10,24,5,true,10,VERIFIED,EXTRACTED,VERIFIED,
"Previous Years QPs/Basic Science (Physics, Chemistry and Mathematics )/Basic Science.pdf",QPB-BPLCK205B/BPLCKB205-2024-JUN-SEE,161,162,Introduction to Python Programming,BPLCK205B/BPLCKB205,2,Basic Science,,SEE,JUN 2024,100,180,10,24,5,true,10,VERIFIED,EXTRACTED,VERIFIED,
"Previous Years QPs/Basic Science (Physics, Chemistry and Mathematics )/Basic Science.pdf",QPB-BPLCK205C/BPLCKC205-2024-JUN-SEE,163,164,Basics of Java Programming,BPLCK205C/BPLCKC205,2,Basic Science,,SEE,JUN 2024,100,180,10,30,5,true,10,VERIFIED,EXTRACTED,VERIFIED,
"Previous Years QPs/Basic Science (Physics, Chemistry and Mathematics )/Basic Science.pdf",QPB-BPWSK106/206/22BD26-2024-JUN-SEE,165,170,Professional Writing Skills in English,BPWSK106/206/22BD26,1,Basic Science,2022 Scheme,SEE,JUN 2024,50,60,50,50,0,false,,VERIFIED_SPECIAL_FORMAT,EXTRACTED,VERIFIED_SPECIAL_FORMAT,DUPLICATE_Q:1/2/3/4
"Previous Years QPs/Basic Science (Physics, Chemistry and Mathematics )/Basic Science.pdf",QPB-BPWSK106/206/22BD26-2024-JUN-SEE,171,176,Professional Writing Skills in English,BPWSK106/206/22BD26,1,Basic Science,2022 Scheme,SEE,JUN 2024,50,60,50,50,0,false,,VERIFIED_SPECIAL_FORMAT,EXTRACTED,VERIFIED_SPECIAL_FORMAT,DUPLICATE_Q:1/2/3/4
"Previous Years QPs/Basic Science (Physics, Chemistry and Mathematics )/Basic Science.pdf",QPB-BPWSK106/206/22BD26-2024-JUN-SEE,177,182,Professional Writing Skills in English,BPWSK106/206/22BD26,1,Basic Science,2022 Scheme,SEE,JUN 2024,50,60,50,50,0,false,,VERIFIED_SPECIAL_FORMAT,EXTRACTED,VERIFIED_SPECIAL_FORMAT,DUPLICATE_Q:1/2/3/4
"Previous Years QPs/Basic Science (Physics, Chemistry and Mathematics )/Basic Science.pdf",QPB-BPWSK106/206/22BD26-2024-JUN-SEE,183,188,Professional Writing Skills in English,BPWSK106/206/22BD26,1,Basic Science,2022 Scheme,SEE,JUN 2024,50,60,50,50,0,false,,VERIFIED_SPECIAL_FORMAT,EXTRACTED,VERIFIED_SPECIAL_FORMAT,DUPLICATE_Q:1/2/3/4
"Previous Years QPs/Basic Science (Physics, Chemistry and Mathematics )/Basic Science.pdf",QPB-22BD27-2024-JUN-MODEL,189,194,June/July 2024 Scientific Foundations of Health,22BD27,1,Basic Science,2022 Scheme,MODEL,JUN 2024,50,60,50,50,0,false,,VERIFIED_SPECIAL_FORMAT,EXTRACTED,VERIFIED_SPECIAL_FORMAT,DUPLICATE_Q:1/2/3/4
"Previous Years QPs/Basic Science (Physics, Chemistry and Mathematics )/Basic Science.pdf",QPB-22BD27-2024-JUN-MODEL,195,200,June/July 2024 Scientific Foundations of Health,22BD27,1,Basic Science,2022 Scheme,MODEL,JUN 2024,50,60,50,50,0,false,,VERIFIED_SPECIAL_FORMAT,EXTRACTED,VERIFIED_SPECIAL_FORMAT,DUPLICATE_Q:1/2/3/4/5
"Previous Years QPs/Basic Science (Physics, Chemistry and Mathematics )/Basic Science.pdf",QPB-22BD27-2024-JUN-MODEL,201,206,June/July 2024 Scientific Foundations of Health,22BD27,1,Basic Science,2022 Scheme,MODEL,JUN 2024,50,60,50,50,0,false,,VERIFIED_SPECIAL_FORMAT,EXTRACTED,VERIFIED_SPECIAL_FORMAT,DUPLICATE_Q:1/2/3/4/5
"Previous Years QPs/Basic Science (Physics, Chemistry and Mathematics )/Basic Science.pdf",QPB-22BD27-2024-JUN-MODEL,207,211,June/July 2024 Scientific Foundations of Health,22BD27,1,Basic Science,2022 Scheme,MODEL,JUN 2024,50,60,51,51,0,false,,VERIFIED_SPECIAL_FORMAT,EXTRACTED,VERIFIED_SPECIAL_FORMAT,DUPLICATE_Q:1/2/3/4/5
"Previous Years QPs/Basic Science (Physics, Chemistry and Mathematics )/Basic Science.pdf",QPB-BUHK408-2024-JUN-SEE,212,215,Universal Human Values Course,BUHK408,4,Basic Science,2022 Scheme,SEE,JUN 2024,50,60,52,52,0,false,,VERIFIED_SPECIAL_FORMAT,EXTRACTED,VERIFIED_SPECIAL_FORMAT,DUPLICATE_Q:1/2/3/4/5
"Previous Years QPs/Basic Science (Physics, Chemistry and Mathematics )/Basic Science.pdf",QPB-BUHK408-2024-JUN-SEE,216,219,Universal Human Values Course,BUHK408,4,Basic Science,2022 Scheme,SEE,JUN 2024,50,60,52,52,0,false,,VERIFIED_SPECIAL_FORMAT,EXTRACTED,VERIFIED_SPECIAL_FORMAT,DUPLICATE_Q:1/2/3/4/5
"Previous Years QPs/Basic Science (Physics, Chemistry and Mathematics )/Basic Science.pdf",QPB-BUHK408-2024-JUN-SEE,220,223,Universal Human Values Course,BUHK408,4,Basic Science,2022 Scheme,SEE,JUN 2024,50,60,4,4,0,false,,VERIFIED_SPECIAL_FORMAT,EXTRACTED,VERIFIED_SPECIAL_FORMAT,
"Previous Years QPs/Basic Science (Physics, Chemistry and Mathematics )/Basic Science.pdf",QPB-BUHK408-2024-JUN-SEE,224,227,Universal Human Values Course,BUHK408,4,Basic Science,2022 Scheme,SEE,JUN 2024,50,60,4,4,0,false,,VERIFIED_SPECIAL_FORMAT,EXTRACTED,VERIFIED_SPECIAL_FORMAT,
"Previous Years QPs/Basic Science (Physics, Chemistry and Mathematics )/Basic Science.pdf",QPB-BCEDK103/203-2024-JUN-SEE,228,228,COMPUTER AIDED ENGINEERING DRAWING,BCEDK103/203,1,Basic Science,CBCS Scheme,SEE,JUN 2024,100,180,3,3,0,false,,VERIFIED_SPECIAL_FORMAT,EXTRACTED,VERIFIED_SPECIAL_FORMAT,
"Previous Years QPs/Basic Science (Physics, Chemistry and Mathematics )/Basic Science.pdf",QPB-BCEDK103/203-2024-JUN-SEE,229,229,COMPUTER AIDED ENGINEERING DRAWING,BCEDK103/203,1,Basic Science,CBCS Scheme,SEE,JUN 2024,100,180,3,3,0,false,,VERIFIED_SPECIAL_FORMAT,EXTRACTED,VERIFIED_SPECIAL_FORMAT,
"Previous Years QPs/Basic Science (Physics, Chemistry and Mathematics )/Basic Science.pdf",QPB-BCEDK103/203-2024-JUN-SEE,230,230,COMPUTER AIDED ENGINEERING DRAWING,BCEDK103/203,2,Basic Science,CBCS Scheme,SEE,JUN 2024,100,180,4,4,0,false,,VERIFIED_SPECIAL_FORMAT,EXTRACTED,VERIFIED_SPECIAL_FORMAT,
"Previous Years QPs/Basic Science (Physics, Chemistry and Mathematics )/Basic Science.pdf",QPB-BCEDK103/203-2024-JUN-SEE,231,231,COMPUTER AIDED ENGINEERING DRAWING,BCEDK103/203,1,Basic Science,CBCS Scheme,SEE,JUN 2024,100,180,4,4,0,false,,VERIFIED_SPECIAL_FORMAT,EXTRACTED,VERIFIED_SPECIAL_FORMAT,
"Previous Years QPs/Basic Science (Physics, Chemistry and Mathematics )/Mathematics, Physics & Chemistry Cycle.pdf",QPB-BBEE103/203-2025-JAN-SEE,4,5,Dec.2024/Jan.2025 Basic Electronics for EEE Stream,BBEE103/203,1,Basic Science,,SEE,JAN 2025,100,180,10,30,5,true,10,VERIFIED,EXTRACTED,VERIFIED,
"Previous Years QPs/Basic Science (Physics, Chemistry and Mathematics )/Mathematics, Physics & Chemistry Cycle.pdf",QPB-BCHEC102/202-2025-JAN-SEE,6,7,Applied Chemistry for Civil Engineering Stream,BCHEC102/202,1,Basic Science,,SEE,JAN 2025,100,180,10,30,5,true,10,VERIFIED,EXTRACTED,VERIFIED,
"Previous Years QPs/Basic Science (Physics, Chemistry and Mathematics )/Mathematics, Physics & Chemistry Cycle.pdf",QPB-BCHEE102/202-2025-JAN-SEE,8,10,Dec.2024/Jan.2025 Chemistry for EEE Stream,BCHEE102/202,1,Basic Science,,SEE,JAN 2025,100,180,10,30,5,true,10,VERIFIED,EXTRACTED,VERIFIED,
"Previous Years QPs/Basic Science (Physics, Chemistry and Mathematics )/Mathematics, Physics & Chemistry Cycle.pdf",QPB-BCHEM102/202-2025-JAN-SEE,11,12,Dec.2024/Jan.2025 Applied Chemistry for ME Stream,BCHEM102/202,1,Basic Science,,SEE,JAN 2025,100,180,10,30,5,true,10,VERIFIED,EXTRACTED,VERIFIED,
"Previous Years QPs/Basic Science (Physics, Chemistry and Mathematics )/Mathematics, Physics & Chemistry Cycle.pdf",QPB-BCHES102/202-2025-JAN-SEE,13,14,Dec.2024/Jan.2025 Applied Chemistry for CSE Stream,BCHES102/202,1,Basic Science,,SEE,JAN 2025,100,180,10,29,5,true,10,VERIFIED,EXTRACTED,VERIFIED,
"Previous Years QPs/Basic Science (Physics, Chemistry and Mathematics )/Mathematics, Physics & Chemistry Cycle.pdf",QPB-BEEE103/203-2025-JAN-SEE,15,17,Dec.2024/Jan.2025 Elements of Electrical Engineering,BEEE103/203,1,Basic Science,,SEE,JAN 2025,100,180,10,30,5,true,10,VERIFIED,EXTRACTED,VERIFIED,
"Previous Years QPs/Basic Science (Physics, Chemistry and Mathematics )/Mathematics, Physics & Chemistry Cycle.pdf",QPB-BEMEM103/203-2025-JAN-SEE,18,19,Dec.2024/Jan.2025 Elements of Mechanical Engineering,BEMEM103/203,1,Basic Science,,SEE,JAN 2025,100,180,10,21,5,true,10,VERIFIED,EXTRACTED,VERIFIED,
"Previous Years QPs/Basic Science (Physics, Chemistry and Mathematics )/Mathematics, Physics & Chemistry Cycle.pdf",QPB-BENGK106/206/22BD17-2025-JAN-SEE,20,25,Dec.2024/Jan.2025 Communicative English,BENGK106/206/22BD17,1,Basic Science,2022 Scheme,SEE,JAN 2025,50,60,50,50,0,false,,VERIFIED_SPECIAL_FORMAT,EXTRACTED,VERIFIED_SPECIAL_FORMAT,DUPLICATE_Q:1/2/3/4
"Previous Years QPs/Basic Science (Physics, Chemistry and Mathematics )/Mathematics, Physics & Chemistry Cycle.pdf",QPB-BENGK106/206/22BD17-2025-JAN-SEE,26,31,Dec.2024/Jan.2025 Communicative English,BENGK106/206/22BD17,1,Basic Science,2022 Scheme,SEE,JAN 2025,50,60,50,50,0,false,,VERIFIED_SPECIAL_FORMAT,EXTRACTED,VERIFIED_SPECIAL_FORMAT,DUPLICATE_Q:1/2/3/4/5
"Previous Years QPs/Basic Science (Physics, Chemistry and Mathematics )/Mathematics, Physics & Chemistry Cycle.pdf",QPB-BENGK106/206/22BD17-2025-JAN-SEE,32,37,Dec.2024/Jan.2025 Communicative English,BENGK106/206/22BD17,1,Basic Science,2022 Scheme,SEE,JAN 2025,50,60,50,50,0,false,,VERIFIED_SPECIAL_FORMAT,EXTRACTED,VERIFIED_SPECIAL_FORMAT,DUPLICATE_Q:1/2/3/4/5
"Previous Years QPs/Basic Science (Physics, Chemistry and Mathematics )/Mathematics, Physics & Chemistry Cycle.pdf",QPB-BENGK106/206/22BD17-2025-JAN-SEE,38,43,Dec.2024/Jan.2025 Communicative English,BENGK106/206/22BD17,1,Basic Science,2022 Scheme,SEE,JAN 2025,50,60,50,50,0,false,,VERIFIED_SPECIAL_FORMAT,EXTRACTED,VERIFIED_SPECIAL_FORMAT,DUPLICATE_Q:1/2/3/4/5
"Previous Years QPs/Basic Science (Physics, Chemistry and Mathematics )/Mathematics, Physics & Chemistry Cycle.pdf",QPB-BESCK104A/BESCKA104-2025-JAN-SEE,44,46,Introduction to Civil Engineering,BESCK104A/BESCKA104,1,Basic Science,,SEE,JAN 2025,100,180,10,22,5,true,10,VERIFIED,EXTRACTED,VERIFIED,
"Previous Years QPs/Basic Science (Physics, Chemistry and Mathematics )/Mathematics, Physics & Chemistry Cycle.pdf",QPB-BESCK104B-2025-JAN-SEE,47,49,Introduction to Electrical Engineering,BESCK104B,1,Basic Science,,SEE,JAN 2025,100,180,10,30,5,true,10,VERIFIED,EXTRACTED,VERIFIED,
"Previous Years QPs/Basic Science (Physics, Chemistry and Mathematics )/Mathematics, Physics & Chemistry Cycle.pdf",QPB-BESCK104E-2025-JAN-SEE,50,51,Introduction C Programming,BESCK104E,1,Basic Science,,SEE,JAN 2025,100,180,10,29,5,true,10,VERIFIED,EXTRACTED,VERIFIED,
"Previous Years QPs/Basic Science (Physics, Chemistry and Mathematics )/Mathematics, Physics & Chemistry Cycle.pdf",QPB-BESCK204B-2025-JAN-SEE,52,54,Introduction to Electrical Engineering,BESCK204B,2,Basic Science,,SEE,JAN 2025,100,180,10,30,5,true,10,VERIFIED,EXTRACTED,VERIFIED,
"Previous Years QPs/Basic Science (Physics, Chemistry and Mathematics )/Mathematics, Physics & Chemistry Cycle.pdf",QPB-BESCK204D-2025-JAN-SEE,55,56,Introduction to Mechanical Engineering,BESCK204D,2,Basic Science,,SEE,JAN 2025,100,180,10,24,5,true,10,VERIFIED,EXTRACTED,VERIFIED,
"Previous Years QPs/Basic Science (Physics, Chemistry and Mathematics )/Mathematics, Physics & Chemistry Cycle.pdf",QPB-BESCK204E-2025-JAN-SEE,57,58,Introduction to C Programming,BESCK204E,2,Basic Science,,SEE,JAN 2025,100,180,10,26,5,true,10,VERIFIED,EXTRACTED,VERIFIED,
"Previous Years QPs/Basic Science (Physics, Chemistry and Mathematics )/Mathematics, Physics & Chemistry Cycle.pdf",QPB-BETCK105B-2025-JAN-SEE,59,60,Green Buildings,BETCK105B,1,Basic Science,,SEE,JAN 2025,100,180,10,20,5,true,10,VERIFIED,EXTRACTED,VERIFIED,
"Previous Years QPs/Basic Science (Physics, Chemistry and Mathematics )/Mathematics, Physics & Chemistry Cycle.pdf",QPB-BETCK205B-2025-JAN-SEE,61,61,Green Buildings,BETCK205B,2,Basic Science,,SEE,JAN 2025,100,180,10,20,5,true,10,VERIFIED,EXTRACTED,VERIFIED,
"Previous Years QPs/Basic Science (Physics, Chemistry and Mathematics )/Mathematics, Physics & Chemistry Cycle.pdf",QPB-BICOK107/207-2025-JAN-SEE,62,67,Dec.2024/Jan.2025 Indian Constitution,BICOK107/207,2,Basic Science,2022 Scheme,SEE,JAN 2025,50,60,50,50,0,false,,VERIFIED_SPECIAL_FORMAT,EXTRACTED,VERIFIED_SPECIAL_FORMAT,DUPLICATE_Q:1/2/3/4/5
"Previous Years QPs/Basic Science (Physics, Chemistry and Mathematics )/Mathematics, Physics & Chemistry Cycle.pdf",QPB-BICOK107/207-2025-JAN-SEE,68,73,Dec.2024/Jan.2025 Indian Constitution,BICOK107/207,2,Basic Science,2022 Scheme,SEE,JAN 2025,50,60,50,50,0,false,,VERIFIED_SPECIAL_FORMAT,EXTRACTED,VERIFIED_SPECIAL_FORMAT,DUPLICATE_Q:1/2/3/4/5
"Previous Years QPs/Basic Science (Physics, Chemistry and Mathematics )/Mathematics, Physics & Chemistry Cycle.pdf",QPB-BICOK107/207-2025-JAN-SEE,74,79,Dec.2024/Jan.2025 Indian Constitution,BICOK107/207,2,Basic Science,2022 Scheme,SEE,JAN 2025,50,60,50,50,0,false,,VERIFIED_SPECIAL_FORMAT,EXTRACTED,VERIFIED_SPECIAL_FORMAT,DUPLICATE_Q:1/2/3/4/5
"Previous Years QPs/Basic Science (Physics, Chemistry and Mathematics )/Mathematics, Physics & Chemistry Cycle.pdf",QPB-BICOK107/207-2025-JAN-SEE,80,85,Dec.2024/Jan.2025 Indian Constitution,BICOK107/207,2,Basic Science,2022 Scheme,SEE,JAN 2025,50,60,50,50,0,false,,VERIFIED_SPECIAL_FORMAT,EXTRACTED,VERIFIED_SPECIAL_FORMAT,DUPLICATE_Q:1/2/3/4/5
"Previous Years QPs/Basic Science (Physics, Chemistry and Mathematics )/Mathematics, Physics & Chemistry Cycle.pdf",QPB-BIDTK158/258/22BD16-2025-JAN-MODEL,86,91,Dec.2024/Jan.2025 Innovation and Design Thinking,BIDTK158/258/22BD16,1,Basic Science,2022 Scheme,MODEL,JAN 2025,50,60,50,50,0,false,,VERIFIED_SPECIAL_FORMAT,EXTRACTED,VERIFIED_SPECIAL_FORMAT,DUPLICATE_Q:1/2/3/4
"Previous Years QPs/Basic Science (Physics, Chemistry and Mathematics )/Mathematics, Physics & Chemistry Cycle.pdf",QPB-BIDTK158/258/22BD16-2025-JAN-MODEL,92,97,Dec.2024/Jan.2025 Innovation and Design Thinking,BIDTK158/258/22BD16,1,Basic Science,2022 Scheme,MODEL,JAN 2025,50,60,50,50,0,false,,VERIFIED_SPECIAL_FORMAT,EXTRACTED,VERIFIED_SPECIAL_FORMAT,DUPLICATE_Q:1/2/3/4
"Previous Years QPs/Basic Science (Physics, Chemistry and Mathematics )/Mathematics, Physics & Chemistry Cycle.pdf",QPB-BIDTK158/258/22BD16-2025-JAN-MODEL,98,103,Dec.2024/Jan.2025 Innovation and Design Thinking,BIDTK158/258/22BD16,1,Basic Science,2022 Scheme,MODEL,JAN 2025,50,60,50,50,0,false,,VERIFIED_SPECIAL_FORMAT,EXTRACTED,VERIFIED_SPECIAL_FORMAT,DUPLICATE_Q:1/2/3/4
"Previous Years QPs/Basic Science (Physics, Chemistry and Mathematics )/Mathematics, Physics & Chemistry Cycle.pdf",QPB-BIDTK158/258/22BD16-2025-JAN-MODEL,104,109,Dec.2024/Jan.2025 Innovation and Design Thinking,BIDTK158/258/22BD16,1,Basic Science,2022 Scheme,MODEL,JAN 2025,50,60,50,50,0,false,,VERIFIED_SPECIAL_FORMAT,EXTRACTED,VERIFIED_SPECIAL_FORMAT,DUPLICATE_Q:1/2/3/4/5
"Previous Years QPs/Basic Science (Physics, Chemistry and Mathematics )/Mathematics, Physics & Chemistry Cycle.pdf",QPB-BKBKK107/207-2025-JAN-MODEL,110,115,Dec.2024/Jan.2025 Balake Kannada,BKBKK107/207,1,Basic Science,2022 Scheme,MODEL,JAN 2025,50,60,50,50,0,false,,VERIFIED_SPECIAL_FORMAT,EXTRACTED,VERIFIED_SPECIAL_FORMAT,DUPLICATE_Q:1/2/3/4/5
"Previous Years QPs/Basic Science (Physics, Chemistry and Mathematics )/Mathematics, Physics & Chemistry Cycle.pdf",QPB-BKBKK107/207-2025-JAN-MODEL,116,121,Dec.2024/Jan.2025 Balake Kannada,BKBKK107/207,1,Basic Science,2022 Scheme,MODEL,JAN 2025,50,60,50,50,0,false,,VERIFIED_SPECIAL_FORMAT,EXTRACTED,VERIFIED_SPECIAL_FORMAT,DUPLICATE_Q:1/2/3/4/5
"Previous Years QPs/Basic Science (Physics, Chemistry and Mathematics )/Mathematics, Physics & Chemistry Cycle.pdf",QPB-BKBKK107/207-2025-JAN-MODEL,122,127,Dec.2024/Jan.2025 Balake Kannada,BKBKK107/207,1,Basic Science,2022 Scheme,MODEL,JAN 2025,50,60,50,50,0,false,,VERIFIED_SPECIAL_FORMAT,EXTRACTED,VERIFIED_SPECIAL_FORMAT,DUPLICATE_Q:1/2/3/4
"Previous Years QPs/Basic Science (Physics, Chemistry and Mathematics )/Mathematics, Physics & Chemistry Cycle.pdf",QPB-BKBKK107/207-2025-JAN-MODEL,128,133,Dec.2024/Jan.2025 Balake Kannada,BKBKK107/207,1,Basic Science,2022 Scheme,MODEL,JAN 2025,50,60,50,50,0,false,,VERIFIED_SPECIAL_FORMAT,EXTRACTED,VERIFIED_SPECIAL_FORMAT,DUPLICATE_Q:1/2/3/4/5
"Previous Years QPs/Basic Science (Physics, Chemistry and Mathematics )/Mathematics, Physics & Chemistry Cycle.pdf",QPB-BKSKK107/207-2025-JAN-SEE,134,139,ಸಂಸĂĦಕ ಕನÇಡ (COMMON TO ALL BRANCHES),BKSKK107/207,1,Basic Science,2022 Scheme,SEE,JAN 2025,50,60,14,66,0,false,,VERIFIED_SPECIAL_FORMAT,EXTRACTED,VERIFIED_SPECIAL_FORMAT,
"Previous Years QPs/Basic Science (Physics, Chemistry and Mathematics )/Mathematics, Physics & Chemistry Cycle.pdf",QPB-BKSKK107/207-2025-JAN-SEE,140,145,ಸಂಸĂĦಕ ಕನÇಡ (COMMON TO ALL BRANCHES),BKSKK107/207,1,Basic Science,2022 Scheme,SEE,JAN 2025,50,60,14,67,0,false,,VERIFIED_SPECIAL_FORMAT,EXTRACTED,VERIFIED_SPECIAL_FORMAT,
"Previous Years QPs/Basic Science (Physics, Chemistry and Mathematics )/Mathematics, Physics & Chemistry Cycle.pdf",QPB-BKSKK107/207-2025-JAN-SEE,146,151,ಸಂಸĂĦಕ ಕನÇಡ (COMMON TO ALL BRANCHES),BKSKK107/207,1,Basic Science,2022 Scheme,SEE,JAN 2025,50,60,14,69,0,false,,VERIFIED_SPECIAL_FORMAT,EXTRACTED,VERIFIED_SPECIAL_FORMAT,
"Previous Years QPs/Basic Science (Physics, Chemistry and Mathematics )/Mathematics, Physics & Chemistry Cycle.pdf",QPB-BKSKK107/207-2025-JAN-SEE,152,157,ಸಂಸĂĦಕ ಕನÇಡ (COMMON TO ALL BRANCHES),BKSKK107/207,1,Basic Science,2022 Scheme,SEE,JAN 2025,50,60,14,67,0,false,,VERIFIED_SPECIAL_FORMAT,EXTRACTED,VERIFIED_SPECIAL_FORMAT,
"Previous Years QPs/Basic Science (Physics, Chemistry and Mathematics )/Mathematics, Physics & Chemistry Cycle.pdf",QPB-BMATC101-2025-JAN-SEE,158,160,Mathematics–I for Civil Engineering Stream,BMATC101,1,Basic Science,,SEE,JAN 2025,100,180,10,31,5,true,10,VERIFIED,EXTRACTED,VERIFIED,
"Previous Years QPs/Basic Science (Physics, Chemistry and Mathematics )/Mathematics, Physics & Chemistry Cycle.pdf",QPB-BMATC201-2025-JAN-SEE,161,163,Mathematics – II for Civil Engineering Stream,BMATC201,2,Basic Science,,SEE,JAN 2025,100,180,10,31,5,true,10,VERIFIED,EXTRACTED,VERIFIED,
"Previous Years QPs/Basic Science (Physics, Chemistry and Mathematics )/Mathematics, Physics & Chemistry Cycle.pdf",QPB-BMATE101-2025-JAN-SEE,164,166,Mathematics - I for EEE Stream,BMATE101,1,Basic Science,,SEE,JAN 2025,100,180,10,30,5,true,10,VERIFIED,EXTRACTED,VERIFIED,
"Previous Years QPs/Basic Science (Physics, Chemistry and Mathematics )/Mathematics, Physics & Chemistry Cycle.pdf",QPB-BMATE201-2025-JAN-SEE,167,169,Mathematics – II for EEE stream,BMATE201,2,Basic Science,,SEE,JAN 2025,100,180,10,30,5,true,10,VERIFIED,EXTRACTED,VERIFIED,
"Previous Years QPs/Basic Science (Physics, Chemistry and Mathematics )/Mathematics, Physics & Chemistry Cycle.pdf",QPB-BMATM101-2025-JAN-SEE,170,171,Mathematics–I for ME Stream,BMATM101,1,Basic Science,,SEE,JAN 2025,100,180,10,33,5,true,10,VERIFIED,EXTRACTED,VERIFIED,
"Previous Years QPs/Basic Science (Physics, Chemistry and Mathematics )/Mathematics, Physics & Chemistry Cycle.pdf",QPB-BMATM201-2025-JAN-SEE,172,174,Mathematics – II for Mechanical Engineering Stream,BMATM201,2,Basic Science,,SEE,JAN 2025,100,180,10,32,5,true,10,VERIFIED,EXTRACTED,VERIFIED,
"Previous Years QPs/Basic Science (Physics, Chemistry and Mathematics )/Mathematics, Physics & Chemistry Cycle.pdf",QPB-BMATS101-2025-JAN-SEE,175,176,Mathematics – I for CSE Stream,BMATS101,1,Basic Science,,SEE,JAN 2025,100,180,10,31,5,true,10,VERIFIED,EXTRACTED,VERIFIED,
"Previous Years QPs/Basic Science (Physics, Chemistry and Mathematics )/Mathematics, Physics & Chemistry Cycle.pdf",QPB-BMATS201-2025-JAN-SEE,177,179,Mathematics – II for CSE Stream,BMATS201,2,Basic Science,,SEE,JAN 2025,100,180,10,32,5,true,10,VERIFIED,EXTRACTED,VERIFIED,
"Previous Years QPs/Basic Science (Physics, Chemistry and Mathematics )/Mathematics, Physics & Chemistry Cycle.pdf",QPB-BPHYC102/202-2025-JAN-SEE,180,181,Dec.2024/Jan.2025 Applied Physics for Civil Engg Stream,BPHYC102/202,1,Basic Science,,SEE,JAN 2025,100,180,10,30,5,true,10,VERIFIED,EXTRACTED,VERIFIED,
"Previous Years QPs/Basic Science (Physics, Chemistry and Mathematics )/Mathematics, Physics & Chemistry Cycle.pdf",QPB-BPHYE102/202-2025-JAN-SEE,182,183,Dec.2024/Jan.2025 Applied Physics for EEE Stream,BPHYE102/202,1,Basic Science,,SEE,JAN 2025,100,180,10,30,5,true,10,VERIFIED,EXTRACTED,VERIFIED,
"Previous Years QPs/Basic Science (Physics, Chemistry and Mathematics )/Mathematics, Physics & Chemistry Cycle.pdf",QPB-BPHYM102/202-2025-JAN-SEE,184,185,Physics for ME Stream,BPHYM102/202,1,Basic Science,,SEE,JAN 2025,100,180,10,30,5,true,10,VERIFIED,EXTRACTED,VERIFIED,
"Previous Years QPs/Basic Science (Physics, Chemistry and Mathematics )/Mathematics, Physics & Chemistry Cycle.pdf",QPB-BPHYS102/202-2025-JAN-SEE,186,188,Dec.2024/Jan.2025 Applied Physics for CSE Stream,BPHYS102/202,2,Basic Science,,SEE,JAN 2025,100,180,10,30,5,true,10,VERIFIED,EXTRACTED,VERIFIED,
"Previous Years QPs/Basic Science (Physics, Chemistry and Mathematics )/Mathematics, Physics & Chemistry Cycle.pdf",QPB-BPLCK105B-2025-JAN-SEE,189,190,Introduction to Python Programming,BPLCK105B,1,Basic Science,,SEE,JAN 2025,100,180,10,30,5,true,10,VERIFIED,EXTRACTED,VERIFIED,
"Previous Years QPs/Basic Science (Physics, Chemistry and Mathematics )/Mathematics, Physics & Chemistry Cycle.pdf",QPB-BPLCK205B-2025-JAN-SEE,191,192,Introduction to Python Programming,BPLCK205B,2,Basic Science,,SEE,JAN 2025,100,180,10,24,5,true,10,VERIFIED,EXTRACTED,VERIFIED,
"Previous Years QPs/Basic Science (Physics, Chemistry and Mathematics )/Mathematics, Physics & Chemistry Cycle.pdf",QPB-BPLCK205C-2025-JAN-SEE,193,194,Basics of Java Programming,BPLCK205C,2,Basic Science,,SEE,JAN 2025,100,180,10,26,5,true,10,VERIFIED,EXTRACTED,VERIFIED,
"Previous Years QPs/Basic Science (Physics, Chemistry and Mathematics )/Mathematics, Physics & Chemistry Cycle.pdf",QPB-BPOPS103/203-2025-JAN-SEE,195,196,Principles of Programming using C,BPOPS103/203,1,Basic Science,,SEE,JAN 2025,100,180,10,20,5,true,10,VERIFIED,EXTRACTED,VERIFIED,
"Previous Years QPs/Basic Science (Physics, Chemistry and Mathematics )/Mathematics, Physics & Chemistry Cycle.pdf",QPB-BSFHK158/258-2025-JAN-SEE,197,202,Dec.2024/Jan.2025 Scientific Foundations of Health,BSFHK158/258,1,Basic Science,2022 Scheme,SEE,JAN 2025,50,60,50,50,0,false,,VERIFIED_SPECIAL_FORMAT,EXTRACTED,VERIFIED_SPECIAL_FORMAT,DUPLICATE_Q:1/2/3/4
"Previous Years QPs/Basic Science (Physics, Chemistry and Mathematics )/Mathematics, Physics & Chemistry Cycle.pdf",QPB-BSFHK158/258-2025-JAN-SEE,203,208,Dec.2024/Jan.2025 Scientific Foundations of Health,BSFHK158/258,1,Basic Science,2022 Scheme,SEE,JAN 2025,50,60,50,50,0,false,,VERIFIED_SPECIAL_FORMAT,EXTRACTED,VERIFIED_SPECIAL_FORMAT,DUPLICATE_Q:1/2/3/4/5
"Previous Years QPs/Basic Science (Physics, Chemistry and Mathematics )/Mathematics, Physics & Chemistry Cycle.pdf",QPB-BSFHK158/258-2025-JAN-SEE,209,214,Dec.2024/Jan.2025 Scientific Foundations of Health,BSFHK158/258,1,Basic Science,2022 Scheme,SEE,JAN 2025,50,60,50,50,0,false,,VERIFIED_SPECIAL_FORMAT,EXTRACTED,VERIFIED_SPECIAL_FORMAT,DUPLICATE_Q:1/2/3/4/5
"Previous Years QPs/Basic Science (Physics, Chemistry and Mathematics )/Mathematics, Physics & Chemistry Cycle.pdf",QPB-BSFHK158/258-2025-JAN-SEE,215,220,Dec.2024/Jan.2025 Scientific Foundations of Health,BSFHK158/258,1,Basic Science,2022 Scheme,SEE,JAN 2025,50,60,50,50,0,false,,VERIFIED_SPECIAL_FORMAT,EXTRACTED,VERIFIED_SPECIAL_FORMAT,DUPLICATE_Q:1/2/3/4/5
Previous Years QPs/CS/2023 CSE Even Sem.pdf,QPB-21BE45-2023-JUN-SEE,4,4,Biology for Engineers,21BE45,4,CSE,2021 Scheme,SEE,JUN 2023,100,180,10,30,5,true,10,VERIFIED,EXTRACTED,VERIFIED,
Previous Years QPs/CS/2023 CSE Even Sem.pdf,QPB-21CIP37/21CIP47-2023-JUN-SEE,5,8,CONSTITUTION OF INDIA AND PROFESSIONAL ETHICS,21CIP37/21CIP47,4,CSE,2021 Scheme,SEE,JUN 2023,50,60,52,52,0,false,,VERIFIED_SPECIAL_FORMAT,EXTRACTED,VERIFIED_SPECIAL_FORMAT,DUPLICATE_Q:1/2/3/4/5
Previous Years QPs/CS/2023 CSE Even Sem.pdf,QPB-21CIP37/21CIP47-2023-JUN-SEE,9,12,CONSTITUTION OF INDIA AND PROFESSIONAL ETHICS,21CIP37/21CIP47,4,CSE,2021 Scheme,SEE,JUN 2023,50,60,52,52,0,false,,VERIFIED_SPECIAL_FORMAT,EXTRACTED,VERIFIED_SPECIAL_FORMAT,DUPLICATE_Q:1/2/3/4/5
Previous Years QPs/CS/2023 CSE Even Sem.pdf,QPB-21CIP37/21CIP47-2023-JUN-SEE,13,16,CONSTITUTION OF INDIA AND PROFESSIONAL ETHICS,21CIP37/21CIP47,4,CSE,2021 Scheme,SEE,JUN 2023,50,60,52,52,0,false,,VERIFIED_SPECIAL_FORMAT,EXTRACTED,VERIFIED_SPECIAL_FORMAT,DUPLICATE_Q:1/2/3/4/5
Previous Years QPs/CS/2023 CSE Even Sem.pdf,QPB-21CIP37/21CIP47-2023-JUN-SEE,17,20,CONSTITUTION OF INDIA AND PROFESSIONAL ETHICS,21CIP37/21CIP47,4,CSE,2021 Scheme,SEE,JUN 2023,50,60,52,52,0,false,,VERIFIED_SPECIAL_FORMAT,EXTRACTED,VERIFIED_SPECIAL_FORMAT,DUPLICATE_Q:1/2/3/4/5
Previous Years QPs/CS/2023 CSE Even Sem.pdf,QPB-21CS42-2023-JUN-SEE,21,22,Design & Analysis of Algorithms,21CS42,4,CSE,2021 Scheme,SEE,JUN 2023,100,180,10,20,5,true,10,VERIFIED,EXTRACTED,VERIFIED,
Previous Years QPs/CS/2023 CSE Even Sem.pdf,QPB-21CS43-2023-JUN-SEE,23,23,Microcontroller and Embedded Systems,21CS43,4,CSE,2021 Scheme,SEE,JUN 2023,100,180,10,21,5,true,10,VERIFIED,EXTRACTED,VERIFIED,
Previous Years QPs/CS/2023 CSE Even Sem.pdf,QPB-21CS44-2023-JUN-SEE,24,25,Operating System,21CS44,4,CSE,2021 Scheme,SEE,JUN 2023,100,180,10,24,5,true,10,VERIFIED,EXTRACTED,VERIFIED,
Previous Years QPs/CS/2023 CSE Even Sem.pdf,QPB-21KBK47-2023-JUN-SEE,26,29,Balake Kannada,21KBK47,4,CSE,2021 Scheme,SEE,JUN 2023,50,60,52,52,0,false,,VERIFIED_SPECIAL_FORMAT,EXTRACTED,VERIFIED_SPECIAL_FORMAT,DUPLICATE_Q:1/2/3/4/5
Previous Years QPs/CS/2023 CSE Even Sem.pdf,QPB-21KBK47-2023-JUN-SEE,30,33,Balake Kannada,21KBK47,4,CSE,2021 Scheme,SEE,JUN 2023,50,60,52,52,0,false,,VERIFIED_SPECIAL_FORMAT,EXTRACTED,VERIFIED_SPECIAL_FORMAT,DUPLICATE_Q:1/2/3/4/5
Previous Years QPs/CS/2023 CSE Even Sem.pdf,QPB-21KBK47-2023-JUN-SEE,34,37,Balake Kannada,21KBK47,4,CSE,2021 Scheme,SEE,JUN 2023,50,60,52,52,0,false,,VERIFIED_SPECIAL_FORMAT,EXTRACTED,VERIFIED_SPECIAL_FORMAT,DUPLICATE_Q:1/2/3/4/5
Previous Years QPs/CS/2023 CSE Even Sem.pdf,QPB-21KBK47-2023-JUN-SEE,38,44,Balake Kannada,21KBK47,4,CSE,2021 Scheme,SEE,JUN 2023,50,60,57,57,0,false,,VERIFIED_SPECIAL_FORMAT,EXTRACTED,VERIFIED_SPECIAL_FORMAT,DUPLICATE_Q:1/2/3/4/5/38/39/40
Previous Years QPs/CS/2023 CSE Even Sem.pdf,QPB-21UH49-2023-JUN-SEE,45,48,Universal Human Values,21UH49,4,CSE,2021 Scheme,SEE,JUN 2023,50,60,52,52,0,false,,VERIFIED_SPECIAL_FORMAT,EXTRACTED,VERIFIED_SPECIAL_FORMAT,DUPLICATE_Q:1/2/3/4/5
Previous Years QPs/CS/2023 CSE Even Sem.pdf,QPB-21UH49-2023-JUN-SEE,49,52,Universal Human Values,21UH49,4,CSE,2021 Scheme,SEE,JUN 2023,50,60,53,53,0,false,,VERIFIED_SPECIAL_FORMAT,EXTRACTED,VERIFIED_SPECIAL_FORMAT,DUPLICATE_Q:1/2/3/4/5
Previous Years QPs/CS/2023 CSE Even Sem.pdf,QPB-21UH49-2023-JUN-SEE,53,56,Universal Human Values,21UH49,4,CSE,2021 Scheme,SEE,JUN 2023,50,60,52,52,0,false,,VERIFIED_SPECIAL_FORMAT,EXTRACTED,VERIFIED_SPECIAL_FORMAT,DUPLICATE_Q:1/2/3/4/5
Previous Years QPs/CS/2023 CSE Even Sem.pdf,QPB-21UH49-2023-JUN-SEE,57,60,Universal Human Values,21UH49,4,CSE,2021 Scheme,SEE,JUN 2023,50,60,52,52,0,false,,VERIFIED_SPECIAL_FORMAT,EXTRACTED,VERIFIED_SPECIAL_FORMAT,DUPLICATE_Q:1/2/3/4/5
Previous Years QPs/CS/2023 CSE Even Sem.pdf,QPB-18CS61-2023-JUN-SEE,61,62,System Software and Compilers,18CS61,6,CSE,2018 Scheme,SEE,JUN 2023,100,180,10,23,5,true,10,VERIFIED,EXTRACTED,VERIFIED,
Previous Years QPs/CS/2023 CSE Even Sem.pdf,QPB-18CS62-2023-JUN-SEE,63,64,Computer Graphics and Visualization,18CS62,6,CSE,2018 Scheme,SEE,JUN 2023,100,180,10,26,5,true,10,VERIFIED,EXTRACTED,VERIFIED,
Previous Years QPs/CS/2023 CSE Even Sem.pdf,QPB-18CS63-2023-JUN-SEE,65,65,Web Technology and its Application,18CS63,6,CSE,2018 Scheme,SEE,JUN 2023,100,180,10,20,5,true,10,VERIFIED,EXTRACTED,VERIFIED,
Previous Years QPs/CS/2023 CSE Even Sem.pdf,QPB-18CS641-2023-JUN-SEE,66,67,Data Mining and Data Warehousing,18CS641,6,CSE,2018 Scheme,SEE,JUN 2023,100,180,10,21,5,true,10,VERIFIED,EXTRACTED,VERIFIED,
Previous Years QPs/CS/2023 CSE Even Sem.pdf,QPB-18CS651-2023-JUN-SEE,68,69,Mobile Application Development,18CS651,6,CSE,2018 Scheme,SEE,JUN 2023,100,180,10,23,5,true,10,VERIFIED,EXTRACTED,VERIFIED,
Previous Years QPs/CS/2023 CSE Even Sem.pdf,QPB-18CS653-2023-JUN-SEE,70,71,Programming in Java,18CS653,6,CSE,2018 Scheme,SEE,JUN 2023,100,180,10,30,5,true,10,VERIFIED,EXTRACTED,VERIFIED,
Previous Years QPs/CS/2023 CSE Even Sem.pdf,QPB-18CS81-2023-JUN-SEE,72,73,Internet of Things,18CS81,8,CSE,2018 Scheme,SEE,JUN 2023,100,180,10,27,5,true,10,VERIFIED,EXTRACTED,VERIFIED,
Previous Years QPs/CS/2023 CSE Even Sem.pdf,QPB-18CS654-2023-JUN-SEE,74,75,Introduction to Operating System,18CS654,6,CSE,2018 Scheme,SEE,JUN 2023,100,180,10,20,5,true,10,VERIFIED,EXTRACTED,VERIFIED,
Previous Years QPs/CS/2023 CSE Even Sem.pdf,QPB-18CS822-2023-JUN-SEE,76,77,Storage Area Networks,18CS822,8,CSE,2018 Scheme,SEE,JUN 2023,100,180,10,24,5,true,10,VERIFIED,EXTRACTED,VERIFIED,
Previous Years QPs/CS/2023 CSE Odd sem.pdf,QPB-18CS51-2023-JAN-SEE,3,4,Management and Entrepreneurship for IT Industry,18CS51,5,CSE,2018 Scheme,SEE,JAN 2023,100,180,10,30,5,true,10,VERIFIED,EXTRACTED,VERIFIED,
Previous Years QPs/CS/2023 CSE Odd sem.pdf,QPB-18CS52-2023-JAN-SEE,5,6,Computer Networks and Security,18CS52,5,CSE,2018 Scheme,SEE,JAN 2023,100,180,10,28,5,true,10,VERIFIED,EXTRACTED,VERIFIED,
Previous Years QPs/CS/2023 CSE Odd sem.pdf,QPB-18CS53-2023-JAN-SEE,7,8,Database Management System,18CS53,5,CSE,2018 Scheme,SEE,JAN 2023,100,180,10,28,5,true,10,VERIFIED,EXTRACTED,VERIFIED,
Previous Years QPs/CS/2023 CSE Odd sem.pdf,QPB-18CS54-2023-JAN-SEE,9,10,Automata Theory and Computability,18CS54,5,CSE,2018 Scheme,SEE,JAN 2023,100,180,10,25,5,true,10,VERIFIED,EXTRACTED,VERIFIED,
Previous Years QPs/CS/2023 CSE Odd sem.pdf,QPB-18CS55-2023-JAN-SEE,11,12,Application Development using Python,18CS55,5,CSE,2018 Scheme,SEE,JAN 2023,100,180,10,28,5,true,10,VERIFIED,EXTRACTED,VERIFIED,
Previous Years QPs/CS/2023 CSE Odd sem.pdf,QPB-18CS56-2023-JAN-SEE,13,14,UNIX Programming,18CS56,5,CSE,2018 Scheme,SEE,JAN 2023,100,180,10,27,5,true,10,VERIFIED,EXTRACTED,VERIFIED,
Previous Years QPs/CS/2023 CSE Odd sem.pdf,QPB-18CIV59-2023-JAN-SEE,15,22,Environmental Studies (COMMON TO ALL BRANCHES),18CIV59,5,CSE,2018 Scheme,SEE,JAN 2023,100,120,51,51,0,false,,VERIFIED_SPECIAL_FORMAT,EXTRACTED,VERIFIED_SPECIAL_FORMAT,DUPLICATE_Q:1/2/3/4/5
Previous Years QPs/CS/2023 CSE Odd sem.pdf,QPB-18CIV59-2023-JAN-SEE,23,30,Environmental Studies (COMMON TO ALL BRANCHES),18CIV59,5,CSE,2018 Scheme,SEE,JAN 2023,100,120,51,51,0,false,,VERIFIED_SPECIAL_FORMAT,EXTRACTED,VERIFIED_SPECIAL_FORMAT,DUPLICATE_Q:1/2/3/4/5
Previous Years QPs/CS/2023 CSE Odd sem.pdf,QPB-18CIV59-2023-JAN-SEE,31,38,Environmental Studies (COMMON TO ALL BRANCHES),18CIV59,5,CSE,2018 Scheme,SEE,JAN 2023,100,120,51,51,0,false,,VERIFIED_SPECIAL_FORMAT,EXTRACTED,VERIFIED_SPECIAL_FORMAT,DUPLICATE_Q:1/2/3/4/5
Previous Years QPs/CS/2023 CSE Odd sem.pdf,QPB-18CIV59-2023-JAN-SEE,39,46,Environmental Studies (COMMON TO ALL BRANCHES),18CIV59,5,CSE,2018 Scheme,SEE,JAN 2023,100,120,51,51,0,false,,VERIFIED_SPECIAL_FORMAT,EXTRACTED,VERIFIED_SPECIAL_FORMAT,DUPLICATE_Q:1/2/3/4/5
Previous Years QPs/CS/2023 CSE Odd sem.pdf,QPB-18CS71-2023-JAN-SEE,47,48,Artificial Intelligence and Machine Learning,18CS71,7,CSE,2018 Scheme,SEE,JAN 2023,100,180,10,27,5,true,10,VERIFIED,EXTRACTED,VERIFIED,
Previous Years QPs/CS/2023 CSE Odd sem.pdf,QPB-18CS71-2023-JUN-SEE,49,51,Artificial Intelligence and Machine Learning,18CS71,7,CSE,2018 Scheme,SEE,JUN 2023,100,180,10,28,5,true,10,VERIFIED,EXTRACTED,VERIFIED,
Previous Years QPs/CS/2023 CSE Odd sem.pdf,QPB-18CS72-2023-JAN-SEE,52,52,Big data Analytics,18CS72,7,CSE,2018 Scheme,SEE,JAN 2023,100,180,10,20,5,true,10,VERIFIED,EXTRACTED,VERIFIED,
Previous Years QPs/CS/2023 CSE Odd sem.pdf,QPB-18CS72-2023-JUN-SEE,53,54,Big Data and Analytics,18CS72,7,CSE,2018 Scheme,SEE,JUN 2023,100,180,10,22,5,true,10,VERIFIED,EXTRACTED,VERIFIED,
Previous Years QPs/CS/2023 CSE Odd sem.pdf,QPB-18CS734-2023-JAN-SEE,55,55,User Interface Design,18CS734,7,CSE,2018 Scheme,SEE,JAN 2023,100,180,10,21,5,true,10,VERIFIED,EXTRACTED,VERIFIED,
Previous Years QPs/CS/2023 CSE Odd sem.pdf,QPB-18CS734-2023-JUN-SEE,56,57,User Interface Design,18CS734,7,CSE,2018 Scheme,SEE,JUN 2023,100,180,10,22,5,true,10,VERIFIED,EXTRACTED,VERIFIED,
Previous Years QPs/CS/2023 CSE Odd sem.pdf,QPB-18CS741-2023-JAN-SEE,58,59,Digital Image Processing,18CS741,7,CSE,2018 Scheme,SEE,JAN 2023,100,180,10,23,5,true,10,VERIFIED,EXTRACTED,VERIFIED,
Previous Years QPs/CS/2023 CSE Odd sem.pdf,QPB-18CS741-2023-JUN-SEE,60,61,Digital Image Processing,18CS741,7,CSE,2018 Scheme,SEE,JUN 2023,100,180,10,20,5,true,10,VERIFIED,EXTRACTED,VERIFIED,
Previous Years QPs/CS/2023 CSE Odd sem.pdf,QPB-18CS752-2023-JUN-SEE,62,64,Python Application Programming,18CS752,7,CSE,2018 Scheme,SEE,JUN 2023,100,180,10,27,5,true,10,VERIFIED,EXTRACTED,VERIFIED,
Previous Years QPs/CS/2023 CSE Odd sem.pdf,QPB-21CS32-2023-JAN-SEE,65,66,Data Structures and Applications,21CS32,3,CSE,2021 Scheme,SEE,JAN 2023,100,180,10,29,5,true,10,VERIFIED,EXTRACTED,VERIFIED,
Previous Years QPs/CS/2023 CSE Odd sem.pdf,QPB-21CS33-2023-JAN-SEE,67,68,Analog and Digital Electronics,21CS33,3,CSE,2021 Scheme,SEE,JAN 2023,100,180,10,29,5,true,10,VERIFIED,EXTRACTED,VERIFIED,
Previous Years QPs/CS/2023 CSE Odd sem.pdf,QPB-21CS34-2023-JAN-SEE,69,70,Computer Organization and Architecture,21CS34,3,CSE,2021 Scheme,SEE,JAN 2023,100,180,10,23,5,true,10,VERIFIED,EXTRACTED,VERIFIED,
Previous Years QPs/CS/2023 CSE Odd sem.pdf,QPB-21KBK37-2023-JAN-SEE,71,74,Balake Kannada,21KBK37,3,CSE,2021 Scheme,SEE,JAN 2023,50,60,52,52,0,false,,VERIFIED_SPECIAL_FORMAT,EXTRACTED,VERIFIED_SPECIAL_FORMAT,DUPLICATE_Q:1/2/3/4/5
Previous Years QPs/CS/2023 CSE Odd sem.pdf,QPB-21KBK37-2023-JAN-SEE,75,78,Balake Kannada,21KBK37,3,CSE,2021 Scheme,SEE,JAN 2023,50,60,52,52,0,false,,VERIFIED_SPECIAL_FORMAT,EXTRACTED,VERIFIED_SPECIAL_FORMAT,DUPLICATE_Q:1/2/3/4/5
Previous Years QPs/CS/2023 CSE Odd sem.pdf,QPB-21KBK37-2023-JAN-SEE,79,82,Balake Kannada,21KBK37,3,CSE,2021 Scheme,SEE,JAN 2023,50,60,52,52,0,false,,VERIFIED_SPECIAL_FORMAT,EXTRACTED,VERIFIED_SPECIAL_FORMAT,DUPLICATE_Q:1/2/3/4/5
Previous Years QPs/CS/2023 CSE Odd sem.pdf,QPB-21KBK37-2023-JAN-SEE,83,95,Balake Kannada,21KBK37,3,CSE,2021 Scheme,SEE,JAN 2023,50,60,51,51,0,false,,VERIFIED_SPECIAL_FORMAT,EXTRACTED,VERIFIED_SPECIAL_FORMAT,DUPLICATE_Q:1/2/3/4/5
Previous Years QPs/CS/2024 CSE Odd Sem.pdf,QPB-BCS301-2024-JAN-SEE,3,6,Mathematics for Computer Science,BCS301,3,CSE,2022 Scheme,SEE,JAN 2024,100,180,10,29,5,true,10,VERIFIED,EXTRACTED,VERIFIED,
Previous Years QPs/CS/2024 CSE Odd Sem.pdf,QPB-BCS302-2024-JAN-SEE,7,8,Digital Design and Computer Organization,BCS302,3,CSE,2022 Scheme,SEE,JAN 2024,100,180,10,21,5,true,10,VERIFIED,EXTRACTED,VERIFIED,
Previous Years QPs/CS/2024 CSE Odd Sem.pdf,QPB-BCS303-2024-JAN-SEE,9,10,Operating Systems,BCS303,3,CSE,2022 Scheme,SEE,JAN 2024,100,180,10,24,5,true,10,VERIFIED,EXTRACTED,VERIFIED,
Previous Years QPs/CS/2024 CSE Odd Sem.pdf,QPB-BCS304-2024-JAN-SEE,11,12,Data Structures and Applications,BCS304,3,CSE,2022 Scheme,SEE,JAN 2024,100,180,10,31,5,true,10,VERIFIED,EXTRACTED,VERIFIED,
Previous Years QPs/CS/2024 CSE Odd Sem.pdf,QPB-21CS51-2024-JAN-SEE,13,14,Automata Theory and Compiler Design,21CS51,5,CSE,2021 Scheme,SEE,JAN 2024,100,180,10,24,5,true,10,VERIFIED,EXTRACTED,VERIFIED,
Previous Years QPs/CS/2024 CSE Odd Sem.pdf,QPB-21CS52-2024-JAN-SEE,15,16,Computer Networks,21CS52,5,CSE,2021 Scheme,SEE,JAN 2024,100,180,10,22,5,true,10,VERIFIED,EXTRACTED,VERIFIED,
Previous Years QPs/CS/2024 CSE Odd Sem.pdf,QPB-21CS53-2024-JAN-SEE,17,18,Database Management Systems,21CS53,5,CSE,2021 Scheme,SEE,JAN 2024,100,180,10,29,5,true,10,VERIFIED,EXTRACTED,VERIFIED,
Previous Years QPs/CS/2024 CSE Odd Sem.pdf,QPB-21CS54-2024-JAN-SEE,19,21,Artificial Intelligence and Machine Learning,21CS54,5,CSE,2021 Scheme,SEE,JAN 2024,100,180,10,28,5,true,10,VERIFIED,EXTRACTED,VERIFIED,
Previous Years QPs/CS/2024 CSE Odd Sem.pdf,QPB-18CS71-2024-JAN-SEE,22,23,Artificial Intelligence and Machine Learning,18CS71,7,CSE,2018 Scheme,SEE,JAN 2024,100,180,10,25,5,true,10,VERIFIED,EXTRACTED,VERIFIED,
Previous Years QPs/CS/2024 CSE Odd Sem.pdf,QPB-18CS72-2024-JAN-SEE,24,25,Big Data and Analytics,18CS72,7,CSE,2018 Scheme,SEE,JAN 2024,100,180,10,21,5,true,10,VERIFIED,EXTRACTED,VERIFIED,
Previous Years QPs/CS/2024 CSE Odd Sem.pdf,QPB-18CS734-2024-JAN-SEE,26,27,User Interface Design,18CS734,7,CSE,2018 Scheme,SEE,JAN 2024,100,180,10,20,5,true,10,VERIFIED,EXTRACTED,VERIFIED,
Previous Years QPs/CS/2024 CSE Odd Sem.pdf,QPB-18CS741-2024-JAN-SEE,28,29,Digital Image Processing,18CS741,7,CSE,2018 Scheme,SEE,JAN 2024,100,180,10,29,5,true,10,VERIFIED,EXTRACTED,VERIFIED,
Previous Years QPs/CS/2024 CSE Odd Sem.pdf,QPB-18CS745-2024-JAN-SEE,30,30,Robotic Process Automation Design and Development,18CS745,7,CSE,2018 Scheme,SEE,JAN 2024,100,180,10,25,5,true,10,VERIFIED,EXTRACTED,VERIFIED,
Previous Years QPs/CS/2024 CSE Odd Sem.pdf,QPB-18CS752-2024-JAN-SEE,31,32,Python Application Programming,18CS752,7,CSE,2018 Scheme,SEE,JAN 2024,100,180,10,27,5,true,10,VERIFIED,EXTRACTED,VERIFIED,
Previous Years QPs/CS/CS Qp -merged 2024.pdf,QPB-18CPS13/23-2024-JUN-SEE,5,6,C-programming for Problem Solving,18CPS13/23,1,CSE,2018 Scheme,SEE,JUN 2024,100,180,10,30,5,true,10,VERIFIED,EXTRACTED,VERIFIED,
Previous Years QPs/CS/CS Qp -merged 2024.pdf,QPB-18CS32-2024-JUN-SEE,7,9,Data Structures and Applications,18CS32,3,CSE,2018 Scheme,SEE,JUN 2024,100,180,10,26,5,true,10,VERIFIED,EXTRACTED,VERIFIED,
Previous Years QPs/CS/CS Qp -merged 2024.pdf,QPB-18CS33-2024-JUN-SEE,10,11,Analog and Digital Electronics,18CS33,3,CSE,2018 Scheme,SEE,JUN 2024,100,180,10,34,5,true,10,VERIFIED,EXTRACTED,VERIFIED,
Previous Years QPs/CS/CS Qp -merged 2024.pdf,QPB-18CS34-2024-JUN-SEE,12,13,Computer Organization,18CS34,3,CSE,2018 Scheme,SEE,JUN 2024,100,180,10,21,5,true,10,VERIFIED,EXTRACTED,VERIFIED,
Previous Years QPs/CS/CS Qp -merged 2024.pdf,QPB-18CS35-2024-JUN-SEE,14,16,Software Engineering,18CS35,3,CSE,2018 Scheme,SEE,JUN 2024,100,180,10,20,5,true,10,VERIFIED,EXTRACTED,VERIFIED,
Previous Years QPs/CS/CS Qp -merged 2024.pdf,QPB-18CS36-2024-JUN-SEE,17,20,Discrete Mathematical Structures,18CS36,3,CSE,2018 Scheme,SEE,JUN 2024,100,180,10,33,5,true,10,VERIFIED,EXTRACTED,VERIFIED,
Previous Years QPs/CS/CS Qp -merged 2024.pdf,QPB-18CS42-2024-JUN-SEE,21,23,Design and Analysis of Algorithms,18CS42,4,CSE,2018 Scheme,SEE,JUN 2024,100,180,10,29,5,true,10,VERIFIED,EXTRACTED,VERIFIED,
Previous Years QPs/CS/CS Qp -merged 2024.pdf,QPB-18CS46-2024-JUN-SEE,24,25,Data Communication,18CS46,4,CSE,2018 Scheme,SEE,JUN 2024,100,180,10,29,5,true,10,VERIFIED,EXTRACTED,VERIFIED,
Previous Years QPs/CS/CS Qp -merged 2024.pdf,QPB-18CS51-2024-JUN-SEE,26,27,Management and Entrepreneurship for IT Industry,18CS51,5,CSE,2018 Scheme,SEE,JUN 2024,100,180,10,28,5,true,10,VERIFIED,EXTRACTED,VERIFIED,
Previous Years QPs/CS/CS Qp -merged 2024.pdf,QPB-18CS52-2024-JUN-SEE,28,29,Computer Networks and Security,18CS52,5,CSE,2018 Scheme,SEE,JUN 2024,100,180,10,28,5,true,10,VERIFIED,EXTRACTED,VERIFIED,
Previous Years QPs/CS/CS Qp -merged 2024.pdf,QPB-18CS53-2024-JUN-SEE,30,31,Database Management Systems,18CS53,5,CSE,2018 Scheme,SEE,JUN 2024,100,180,10,25,5,true,10,VERIFIED,EXTRACTED,VERIFIED,
Previous Years QPs/CS/CS Qp -merged 2024.pdf,QPB-18CS54-2024-JUN-SEE,32,33,Automata Theory and Computability,18CS54,5,CSE,2018 Scheme,SEE,JUN 2024,100,180,10,28,5,true,10,VERIFIED,EXTRACTED,VERIFIED,
Previous Years QPs/CS/CS Qp -merged 2024.pdf,QPB-18CS55-2024-JUN-SEE,34,35,Application Development using Python,18CS55,5,CSE,2018 Scheme,SEE,JUN 2024,100,180,10,30,5,true,10,VERIFIED,EXTRACTED,VERIFIED,
Previous Years QPs/CS/CS Qp -merged 2024.pdf,QPB-18CS81-2024-JUN-SEE,36,37,Internet of Things,18CS81,8,CSE,2018 Scheme,SEE,JUN 2024,100,180,10,29,5,true,10,VERIFIED,EXTRACTED,VERIFIED,
Previous Years QPs/CS/CS Qp -merged 2024.pdf,QPB-18CS641-2024-JUN-SEE,38,39,Data Mining and Data Warehousing,18CS641,6,CSE,2018 Scheme,SEE,JUN 2024,100,180,10,21,5,true,10,VERIFIED,EXTRACTED,VERIFIED,
Previous Years QPs/CS/CS Qp -merged 2024.pdf,QPB-18CS642-2024-JUN-SEE,40,40,Object Oriented Modelling and Design,18CS642,6,CSE,2018 Scheme,SEE,JUN 2024,100,180,10,20,5,true,10,VERIFIED,EXTRACTED,VERIFIED,
Previous Years QPs/CS/CS Qp -merged 2024.pdf,QPB-18CS734-2024-JUN-SEE,41,41,User Interface Design,18CS734,7,CSE,2018 Scheme,SEE,JUN 2024,100,180,10,23,5,true,10,VERIFIED,EXTRACTED,VERIFIED,
Previous Years QPs/CS/CS Qp -merged 2024.pdf,QPB-18CS741-2024-JUN-SEE,42,42,Digital Image Processing,18CS741,7,CSE,2018 Scheme,SEE,JUN 2024,100,180,10,21,5,true,10,VERIFIED,EXTRACTED,VERIFIED,
Previous Years QPs/CS/CS Qp -merged 2024.pdf,QPB-18CS823-2024-JUN-SEE,43,44,NOSQL Database,18CS823,8,CSE,2018 Scheme,SEE,JUN 2024,100,180,10,27,5,true,10,VERIFIED,EXTRACTED,VERIFIED,
Previous Years QPs/CS/CS Qp -merged 2024.pdf,QPB-21CS32-2024-JUN-SEE,45,46,Data Structures and Applications,21CS32,3,CSE,2021 Scheme,SEE,JUN 2024,100,180,10,28,5,true,10,VERIFIED,EXTRACTED,VERIFIED,
Previous Years QPs/CS/CS Qp -merged 2024.pdf,QPB-21CS33-2024-JUN-SEE,47,48,Analog and Digital Electronics,21CS33,3,CSE,2021 Scheme,SEE,JUN 2024,100,180,10,21,5,true,10,VERIFIED,EXTRACTED,VERIFIED,
Previous Years QPs/CS/CS Qp -merged 2024.pdf,QPB-21CS42-2024-JUN-SEE,49,51,Design and Analysis of Algorithms,21CS42,4,CSE,2021 Scheme,SEE,JUN 2024,100,180,10,22,5,true,10,VERIFIED,EXTRACTED,VERIFIED,
Previous Years QPs/CS/CS Qp -merged 2024.pdf,QPB-21CS44-2024-JUN-SEE,52,53,Operating Systems,21CS44,4,CSE,2021 Scheme,SEE,JUN 2024,100,180,10,23,5,true,10,VERIFIED,EXTRACTED,VERIFIED,
Previous Years QPs/CS/CS Qp -merged 2024.pdf,QPB-21CS51-2024-JUN-SEE,54,56,Automata Theory and Compiler Design,21CS51,5,CSE,2021 Scheme,SEE,JUN 2024,100,180,10,32,5,true,10,VERIFIED,EXTRACTED,VERIFIED,
Previous Years QPs/CS/CS Qp -merged 2024.pdf,QPB-21CS53-2024-JUN-SEE,57,58,Database Management Systems,21CS53,5,CSE,2021 Scheme,SEE,JUN 2024,100,180,10,27,5,true,10,VERIFIED,EXTRACTED,VERIFIED,
Previous Years QPs/CS/CS Qp -merged 2024.pdf,QPB-21CS61-2024-JUN-SEE,59,59,Software Engineering and Project Management,21CS61,6,CSE,2021 Scheme,SEE,JUN 2024,100,180,10,20,5,true,10,VERIFIED,EXTRACTED,VERIFIED,
Previous Years QPs/CS/CS Qp -merged 2024.pdf,QPB-21CS62-2024-JUN-SEE,60,60,Full Stack Development,21CS62,6,CSE,2021 Scheme,SEE,JUN 2024,100,180,10,23,5,true,10,VERIFIED,EXTRACTED,VERIFIED,
Previous Years QPs/CS/CS Qp -merged 2024.pdf,QPB-21CS63-2024-JUN-SEE,61,62,Computer Graphics and Fundamentals of Image Processing,21CS63,6,CSE,2021 Scheme,SEE,JUN 2024,100,180,10,21,5,true,10,VERIFIED,EXTRACTED,VERIFIED,
Previous Years QPs/CS/CS Qp -merged 2024.pdf,QPB-21CS482-2024-JUN-SEE,63,67,Unix Shell Programming,21CS482,4,CSE,2021 Scheme,SEE,JUN 2024,50,60,51,51,0,false,,VERIFIED_SPECIAL_FORMAT,EXTRACTED,VERIFIED_SPECIAL_FORMAT,DUPLICATE_Q:1/2/3/4/5
Previous Years QPs/CS/CS Qp -merged 2024.pdf,QPB-21CS642-2024-JUN-SEE,68,68,Advanced Java Programming,21CS642,6,CSE,2021 Scheme,SEE,JUN 2024,100,180,10,20,5,true,10,VERIFIED,EXTRACTED,VERIFIED,
Previous Years QPs/CS/CS Qp -merged 2024.pdf,QPB-BBOC407-2024-JUN-SEE,69,70,Biology for Engineers (CSE),BBOC407,4,CSE,2022 Scheme,SEE,JUN 2024,100,180,10,22,5,true,10,VERIFIED,EXTRACTED,VERIFIED,
Previous Years QPs/CS/CS Qp -merged 2024.pdf,QPB-BBOK407-2024-JUN-SEE,71,72,Biology for Engineers,BBOK407,4,CSE,2022 Scheme,SEE,JUN 2024,100,180,10,20,5,true,10,VERIFIED,EXTRACTED,VERIFIED,
Previous Years QPs/CS/CS Qp -merged 2024.pdf,QPB-BCS301-2024-JUN-SEE,73,76,Mathematics for Computer Science,BCS301,3,CSE,2022 Scheme,SEE,JUN 2024,100,180,10,28,5,true,10,VERIFIED,EXTRACTED,VERIFIED,
Previous Years QPs/CS/CS Qp -merged 2024.pdf,QPB-BCS302-2024-JUN-SEE,77,78,Digital Design and Computer Organization,BCS302,3,CSE,2022 Scheme,SEE,JUN 2024,100,180,10,20,5,true,10,VERIFIED,EXTRACTED,VERIFIED,
Previous Years QPs/CS/CS Qp -merged 2024.pdf,QPB-BCS303-2024-JUN-SEE,79,80,Operating Systems,BCS303,3,CSE,2022 Scheme,SEE,JUN 2024,100,180,10,27,5,true,10,VERIFIED,EXTRACTED,VERIFIED,
Previous Years QPs/CS/CS Qp -merged 2024.pdf,QPB-BCS304-2024-JUN-SEE,81,82,Data Structures and Applications,BCS304,3,CSE,2022 Scheme,SEE,JUN 2024,100,180,10,25,5,true,10,VERIFIED,EXTRACTED,VERIFIED,
Previous Years QPs/CS/CS Qp -merged 2024.pdf,QPB-BCS306A-2024-JUN-SEE,83,84,Object Oriented Programming with Java,BCS306A,3,CSE,2022 Scheme,SEE,JUN 2024,100,180,10,28,5,true,10,VERIFIED,EXTRACTED,VERIFIED,
Previous Years QPs/CS/CS Qp -merged 2024.pdf,QPB-BCS401-2024-JUN-SEE,85,86,Analysis and Design of Algorithms,BCS401,4,CSE,2022 Scheme,SEE,JUN 2024,100,180,10,20,5,true,10,VERIFIED,EXTRACTED,VERIFIED,
Previous Years QPs/CS/CS Qp -merged 2024.pdf,QPB-BCS402-2024-JUN-SEE,87,87,Microcontrollers,BCS402,4,CSE,2022 Scheme,SEE,JUN 2024,100,180,10,20,5,true,10,VERIFIED,EXTRACTED,VERIFIED,
Previous Years QPs/CS/CS Qp -merged 2024.pdf,QPB-BCS403-2024-JUN-SEE,88,90,Database Management Systems,BCS403,4,CSE,2022 Scheme,SEE,JUN 2024,100,180,10,28,5,true,10,VERIFIED,EXTRACTED,VERIFIED,
Previous Years QPs/CS/CS Qp -merged 2024.pdf,QPB-BCS405A-2024-JUN-SEE,91,92,Discrete Mathematical Structures,BCS405A,4,CSE,2022 Scheme,SEE,JUN 2024,100,180,10,31,5,true,10,VERIFIED,EXTRACTED,VERIFIED,
Previous Years QPs/CS/CS Qp -merged 2024.pdf,QPB-BCS405B-2024-JUN-SEE,93,94,Graph Theory,BCS405B,4,CSE,2022 Scheme,SEE,JUN 2024,100,180,10,24,5,true,10,VERIFIED,EXTRACTED,VERIFIED,
Previous Years QPs/CS/CS qp merged dec2024 jan 2025.pdf,QPB-21MATCS41-2025-JAN-SEE,4,7,"Mathematical Foundations for Computing, Probability and Statistics",21MATCS41,4,CSE,2021 Scheme,SEE,JAN 2025,100,180,10,30,5,true,10,VERIFIED,EXTRACTED,VERIFIED,
Previous Years QPs/CS/CS qp merged dec2024 jan 2025.pdf,QPB-21CS51-2025-JAN-SEE,8,10,Automata Theory and Compiler Design,21CS51,5,CSE,2021 Scheme,SEE,JAN 2025,100,180,10,29,5,true,10,VERIFIED,EXTRACTED,VERIFIED,
Previous Years QPs/CS/CS qp merged dec2024 jan 2025.pdf,QPB-21CS52-2025-JAN-SEE,11,12,Computer Networks,21CS52,5,CSE,2021 Scheme,SEE,JAN 2025,100,180,10,20,5,true,10,VERIFIED,EXTRACTED,VERIFIED,
Previous Years QPs/CS/CS qp merged dec2024 jan 2025.pdf,QPB-21CS53-2025-JAN-SEE,13,14,Database Management Systems,21CS53,5,CSE,2021 Scheme,SEE,JAN 2025,100,180,10,28,5,true,10,VERIFIED,EXTRACTED,VERIFIED,
Previous Years QPs/CS/CS qp merged dec2024 jan 2025.pdf,QPB-21RMI56-2025-JAN-SEE,15,16,Research Methodology and Intellectual Property Rights,21RMI56,5,CSE,2021 Scheme,SEE,JAN 2025,100,180,10,30,5,true,10,VERIFIED,EXTRACTED,VERIFIED,
Previous Years QPs/CS/CS qp merged dec2024 jan 2025.pdf,QPB-21CS61-2025-JAN-SEE,17,17,Software Engineering and Project Management,21CS61,6,CSE,2021 Scheme,SEE,JAN 2025,100,180,10,20,5,true,10,VERIFIED,EXTRACTED,VERIFIED,
Previous Years QPs/CS/CS qp merged dec2024 jan 2025.pdf,QPB-21CS62-2025-JAN-SEE,18,19,Full Stack Development,21CS62,6,CSE,2021 Scheme,SEE,JAN 2025,100,180,10,20,5,true,10,VERIFIED,EXTRACTED,VERIFIED,
Previous Years QPs/CS/CS qp merged dec2024 jan 2025.pdf,QPB-21CS63-2025-JAN-SEE,20,21,Computer Graphics and Fundamentals of Image Processing,21CS63,6,CSE,2021 Scheme,SEE,JAN 2025,100,180,10,28,5,true,10,VERIFIED,EXTRACTED,VERIFIED,
Previous Years QPs/CS/CS qp merged dec2024 jan 2025.pdf,QPB-21CS642-2025-JAN-SEE,22,23,Advanced Java Programming,21CS642,6,CSE,2021 Scheme,SEE,JAN 2025,100,180,10,29,5,true,10,VERIFIED,EXTRACTED,VERIFIED,
Previous Years QPs/CS/CS qp merged dec2024 jan 2025.pdf,QPB-21CS71-2025-JAN-SEE,24,25,Big Data Analytics,21CS71,7,CSE,2021 Scheme,SEE,JAN 2025,100,180,10,22,5,true,10,VERIFIED,EXTRACTED,VERIFIED,
Previous Years QPs/CS/CS qp merged dec2024 jan 2025.pdf,QPB-21CS72-2025-JAN-SEE,26,26,Cloud Computing,21CS72,7,CSE,2021 Scheme,SEE,JAN 2025,100,180,10,20,5,true,10,VERIFIED,EXTRACTED,VERIFIED,
Previous Years QPs/CS/CS qp merged dec2024 jan 2025.pdf,QPB-21CS734-2025-JAN-SEE,27,28,Block Chain Technology,21CS734,7,CSE,2021 Scheme,SEE,JAN 2025,100,180,10,28,5,true,10,VERIFIED,EXTRACTED,VERIFIED,
Previous Years QPs/CS/CS qp merged dec2024 jan 2025.pdf,QPB-21CS735-2025-JAN-SEE,29,30,Internet of Things,21CS735,7,CSE,2021 Scheme,SEE,JAN 2025,100,180,10,25,5,true,10,VERIFIED,EXTRACTED,VERIFIED,
Previous Years QPs/CS/CS qp merged dec2024 jan 2025.pdf,QPB-21CS745-2025-JAN-SEE,31,32,NOSQL Database,21CS745,7,CSE,2021 Scheme,SEE,JAN 2025,100,180,10,20,5,true,10,VERIFIED,EXTRACTED,VERIFIED,
Previous Years QPs/CS/CS qp merged dec2024 jan 2025.pdf,QPB-21CS751-2025-JAN-SEE,33,34,Programming in Python,21CS751,7,CSE,2021 Scheme,SEE,JAN 2025,100,180,10,27,5,true,10,VERIFIED,EXTRACTED,VERIFIED,
Previous Years QPs/CS/CS qp merged dec2024 jan 2025.pdf,QPB-BDS301-2025-JAN-SEE,35,37,Mathematics – III for Computer Science Stream,BDS301,3,CSE,2022 Scheme,SEE,JAN 2025,100,180,10,29,5,true,10,VERIFIED,EXTRACTED,VERIFIED,
Previous Years QPs/CS/CS qp merged dec2024 jan 2025.pdf,QPB-BCS302-2025-JAN-SEE,38,39,Digital Design and Computer Organization,BCS302,3,CSE,2022 Scheme,SEE,JAN 2025,100,180,10,23,5,true,10,VERIFIED,EXTRACTED,VERIFIED,
Previous Years QPs/CS/CS qp merged dec2024 jan 2025.pdf,QPB-BCS303-2025-JAN-SEE,40,41,Operating Systems,BCS303,3,CSE,2022 Scheme,SEE,JAN 2025,100,180,10,24,5,true,10,VERIFIED,EXTRACTED,VERIFIED,
Previous Years QPs/CS/CS qp merged dec2024 jan 2025.pdf,QPB-BCS304-2025-JAN-SEE,42,43,Data Structures and Applications,BCS304,3,CSE,2022 Scheme,SEE,JAN 2025,100,180,10,29,5,true,10,VERIFIED,EXTRACTED,VERIFIED,
Previous Years QPs/CS/CS qp merged dec2024 jan 2025.pdf,QPB-BCS306A-2025-JAN-SEE,44,45,Object Oriented Programming with JAVA,BCS306A,3,CSE,2022 Scheme,SEE,JAN 2025,100,180,10,24,5,true,10,VERIFIED,EXTRACTED,VERIFIED,
Previous Years QPs/CS/CS qp merged dec2024 jan 2025.pdf,QPB-BCS306B-2025-JAN-SEE,46,47,Object Oriented Programming with C++,BCS306B,3,CSE,2022 Scheme,SEE,JAN 2025,100,180,10,30,5,true,10,VERIFIED,EXTRACTED,VERIFIED,
Previous Years QPs/CS/CS qp merged dec2024 jan 2025.pdf,QPB-BCS401-2025-JAN-SEE,48,50,Analysis and Design of Algorithms,BCS401,4,CSE,2022 Scheme,SEE,JAN 2025,100,180,10,23,5,true,10,VERIFIED,EXTRACTED,VERIFIED,
Previous Years QPs/CS/CS qp merged dec2024 jan 2025.pdf,QPB-BCS402-2025-JAN-SEE,51,52,Microcontroller,BCS402,4,CSE,2022 Scheme,SEE,JAN 2025,100,180,10,29,5,true,10,VERIFIED,EXTRACTED,VERIFIED,
Previous Years QPs/CS/CS qp merged dec2024 jan 2025.pdf,QPB-BCS403-2025-JAN-SEE,53,55,Database Management System,BCS403,4,CSE,2022 Scheme,SEE,JAN 2025,100,180,10,33,5,true,10,VERIFIED,EXTRACTED,VERIFIED,
Previous Years QPs/CS/CS qp merged dec2024 jan 2025.pdf,QPB-BCS405A-2025-JAN-SEE,56,57,Discrete Mathematical Structures,BCS405A,4,CSE,2022 Scheme,SEE,JAN 2025,100,180,10,34,5,true,10,VERIFIED,EXTRACTED,VERIFIED,
Previous Years QPs/CS/CS qp merged dec2024 jan 2025.pdf,QPB-BBOC407-2025-JAN-SEE,58,59,Biology for Engineers (CSE),BBOC407,4,CSE,2022 Scheme,SEE,JAN 2025,100,180,10,30,5,true,10,VERIFIED,EXTRACTED,VERIFIED,
Previous Years QPs/CS/CS qp merged dec2024 jan 2025.pdf,QPB-BUHK408-2025-JAN-SEE,60,63,Universal Human Values,BUHK408,4,CSE,2022 Scheme,SEE,JAN 2025,50,60,52,52,0,false,,VERIFIED_SPECIAL_FORMAT,EXTRACTED,VERIFIED_SPECIAL_FORMAT,DUPLICATE_Q:1/2/3/4/5
Previous Years QPs/CS/CS qp merged dec2024 jan 2025.pdf,QPB-BCS501-2025-JAN-SEE,64,64,Software Engineering and Project Management,BCS501,5,CSE,2022 Scheme,SEE,JAN 2025,100,180,10,20,5,true,10,VERIFIED,EXTRACTED,VERIFIED,
Previous Years QPs/CS/CS qp merged dec2024 jan 2025.pdf,QPB-BCS502-2025-JAN-SEE,65,66,Computer Networks,BCS502,5,CSE,2022 Scheme,SEE,JAN 2025,100,180,10,26,5,true,10,VERIFIED,EXTRACTED,VERIFIED,
Previous Years QPs/CS/CS qp merged dec2024 jan 2025.pdf,QPB-BCS503-2025-JAN-SEE,67,69,Theory of Computation,BCS503,5,CSE,2022 Scheme,SEE,JAN 2025,100,180,10,30,5,true,10,VERIFIED,EXTRACTED,VERIFIED,
Previous Years QPs/CS/CS qp merged dec2024 jan 2025.pdf,QPB-BCS508-2025-JAN-SEE,70,75,Environmental Studies and E – Waste Management,BCS508,5,CSE,2022 Scheme,SEE,JAN 2025,50,60,51,51,0,false,,VERIFIED_SPECIAL_FORMAT,EXTRACTED,VERIFIED_SPECIAL_FORMAT,DUPLICATE_Q:1/2/3/4/5
Previous Years QPs/CS/CS qp merged dec2024 jan 2025.pdf,QPB-BCS508-2025-JAN-SEE,76,81,Environmental Studies and E – Waste Management,BCS508,5,CSE,2022 Scheme,SEE,JAN 2025,50,60,51,51,0,false,,VERIFIED_SPECIAL_FORMAT,EXTRACTED,VERIFIED_SPECIAL_FORMAT,DUPLICATE_Q:1/2/3/4/5
Previous Years QPs/CS/CS qp merged dec2024 jan 2025.pdf,QPB-BCS508-2025-JAN-SEE,82,87,Environmental Studies and E – Waste Management,BCS508,5,CSE,2022 Scheme,SEE,JAN 2025,50,60,51,51,0,false,,VERIFIED_SPECIAL_FORMAT,EXTRACTED,VERIFIED_SPECIAL_FORMAT,DUPLICATE_Q:1/2/3/4/5
Previous Years QPs/CS/CS qp merged dec2024 jan 2025.pdf,QPB-BCS508-2025-JAN-SEE,88,93,Environmental Studies and E – Waste Management,BCS508,5,CSE,2022 Scheme,SEE,JAN 2025,50,60,51,51,0,false,,VERIFIED_SPECIAL_FORMAT,EXTRACTED,VERIFIED_SPECIAL_FORMAT,DUPLICATE_Q:1/2/3/4/5
Previous Years QPs/CS/CS qp merged dec2024 jan 2025.pdf,QPB-BCS515C-2025-JAN-SEE,94,94,UNIX System Programming,BCS515C,5,CSE,2022 Scheme,SEE,JAN 2025,100,180,10,24,5,true,10,VERIFIED,EXTRACTED,VERIFIED,
Previous Years QPs/CS/CS qp merged dec2024 jan 2025.pdf,QPB-BESK508-2025-JAN-SEE,95,98,Environmental Studies,BESK508,5,CSE,2022 Scheme,SEE,JAN 2025,50,60,52,52,0,false,,VERIFIED_SPECIAL_FORMAT,EXTRACTED,VERIFIED_SPECIAL_FORMAT,DUPLICATE_Q:1/2/3/4/5
Previous Years QPs/CS/CS qp merged dec2024 jan 2025.pdf,QPB-BESK508-2025-JAN-SEE,99,102,Environmental Studies,BESK508,5,CSE,2022 Scheme,SEE,JAN 2025,50,60,52,52,0,false,,VERIFIED_SPECIAL_FORMAT,EXTRACTED,VERIFIED_SPECIAL_FORMAT,DUPLICATE_Q:1/2/3/4/5
Previous Years QPs/CS/CS qp merged dec2024 jan 2025.pdf,QPB-BESK508-2025-JAN-SEE,103,106,Environmental Studies,BESK508,5,CSE,2022 Scheme,SEE,JAN 2025,50,60,52,52,0,false,,VERIFIED_SPECIAL_FORMAT,EXTRACTED,VERIFIED_SPECIAL_FORMAT,DUPLICATE_Q:1/2/3/4/5
Previous Years QPs/CS/CS qp merged dec2024 jan 2025.pdf,QPB-BESK508-2025-JAN-SEE,107,110,Environmental Studies,BESK508,5,CSE,2022 Scheme,SEE,JAN 2025,50,60,52,52,0,false,,VERIFIED_SPECIAL_FORMAT,EXTRACTED,VERIFIED_SPECIAL_FORMAT,DUPLICATE_Q:1/2/3/4/5
Previous Years QPs/CS/CS qp merged dec2024 jan 2025.pdf,QPB-BRMK557-2025-JAN-SEE,111,112,Research Methodology and IPR,BRMK557,5,CSE,2022 Scheme,SEE,JAN 2025,100,180,10,20,5,true,10,VERIFIED,EXTRACTED,VERIFIED,
Previous Years QPs/CS/CSE_Even (1).pdf,QPB-BAD402-2025-JAN-SEE,4,6,Artificial Intelligence,BAD402,4,CSE,2022 Scheme,SEE,JAN 2025,100,180,10,20,5,true,10,VERIFIED,EXTRACTED,VERIFIED,
Previous Years QPs/CS/CSE_Even (1).pdf,QPB-BBOC407-2025-JAN-SEE,7,8,Biology for Engineers (CSE),BBOC407,4,CSE,2022 Scheme,SEE,JAN 2025,100,180,10,30,5,true,10,VERIFIED,EXTRACTED,VERIFIED,
Previous Years QPs/CS/CSE_Even (1).pdf,QPB-BCB402-2025-JAN-SEE,9,10,Financial Management,BCB402,4,CSE,2022 Scheme,SEE,JAN 2025,100,180,10,22,5,true,10,VERIFIED,EXTRACTED,VERIFIED,
Previous Years QPs/CS/CSE_Even (1).pdf,QPB-BCS401-2025-JAN-SEE,11,13,Analysis and Design of Algorithms,BCS401,4,CSE,2022 Scheme,SEE,JAN 2025,100,180,10,23,5,true,10,VERIFIED,EXTRACTED,VERIFIED,
Previous Years QPs/CS/CSE_Even (1).pdf,QPB-BCS402-2025-JAN-SEE,14,15,Microcontroller,BCS402,4,CSE,2022 Scheme,SEE,JAN 2025,100,180,10,29,5,true,10,VERIFIED,EXTRACTED,VERIFIED,
Previous Years QPs/CS/CSE_Even (1).pdf,QPB-BCS403-2025-JAN-SEE,16,18,Database Management System,BCS403,4,CSE,2022 Scheme,SEE,JAN 2025,100,180,10,33,5,true,10,VERIFIED,EXTRACTED,VERIFIED,
Previous Years QPs/CS/CSE_Even (1).pdf,QPB-BCS405A-2025-JAN-SEE,19,20,Discrete Mathematical Structures,BCS405A,4,CSE,2022 Scheme,SEE,JAN 2025,100,180,10,34,5,true,10,VERIFIED,EXTRACTED,VERIFIED,
Previous Years QPs/CS/CSE_Even (1).pdf,QPB-BCS456B-2025-JAN-MODEL,21,26,Capacity Planning for IT,BCS456B,4,CSE,,MODEL,JAN 2025,50,60,50,50,0,false,,VERIFIED_SPECIAL_FORMAT,EXTRACTED,VERIFIED_SPECIAL_FORMAT,DUPLICATE_Q:1/2/3/4
Previous Years QPs/CS/CSE_Even (1).pdf,QPB-BCS456C-2025-JAN-MODEL,27,34,Full Stack Development,BCS456C,4,CSE,,MODEL,JAN 2025,50,60,48,48,0,false,,VERIFIED_SPECIAL_FORMAT,EXTRACTED,VERIFIED_SPECIAL_FORMAT,DUPLICATE_Q:1/3/4/5
Previous Years QPs/CS/CSE_Even (1).pdf,QPB-BUHK408-2025-JAN-SEE,35,38,Universal Human Values,BUHK408,4,CSE,2022 Scheme,SEE,JAN 2025,50,60,52,52,0,false,,VERIFIED_SPECIAL_FORMAT,EXTRACTED,VERIFIED_SPECIAL_FORMAT,DUPLICATE_Q:1/2/3/4/5
Previous Years QPs/CS/CSE_Even (1).pdf,QPB-21CS61-2025-JAN-SEE,39,39,Software Engineering and Project Management,21CS61,6,CSE,2021 Scheme,SEE,JAN 2025,100,180,10,20,5,true,10,VERIFIED,EXTRACTED,VERIFIED,
Previous Years QPs/CS/CSE_Even (1).pdf,QPB-21CS62-2025-JAN-SEE,40,41,Full Stack Development,21CS62,6,CSE,2021 Scheme,SEE,JAN 2025,100,180,10,20,5,true,10,VERIFIED,EXTRACTED,VERIFIED,
Previous Years QPs/CS/CSE_Even (1).pdf,QPB-21CS644-2025-JAN-SEE,42,43,Data Science and Visualization,21CS644,6,CSE,2021 Scheme,SEE,JAN 2025,100,180,10,29,5,true,10,VERIFIED,EXTRACTED,VERIFIED,
Previous Years QPs/CS/CSE_Even (1).pdf,QPB-21MAT655-2025-JAN-SEE,44,45,Advanced Linear Algebra,21MAT655,6,CSE,2021 Scheme,SEE,JAN 2025,100,180,10,28,5,true,10,VERIFIED,EXTRACTED,VERIFIED,
Previous Years QPs/CS/CSE_Even (1).pdf,QPB-18CS42-2025-JAN-SEE,46,47,Design and Analysis of Algorithm,18CS42,4,CSE,2018 Scheme,SEE,JAN 2025,100,180,10,20,5,true,10,VERIFIED,EXTRACTED,VERIFIED,
Previous Years QPs/CS/CSE_Even (1).pdf,QPB-18CS43-2025-JAN-SEE,48,49,Operating Systems,18CS43,4,CSE,2018 Scheme,SEE,JAN 2025,100,180,10,24,5,true,10,VERIFIED,EXTRACTED,VERIFIED,
Previous Years QPs/CS/CSE_Even (1).pdf,QPB-18CS44-2025-JAN-SEE,50,51,Microcontroller and Embedded Systems,18CS44,4,CSE,2018 Scheme,SEE,JAN 2025,100,180,10,27,5,true,10,VERIFIED,EXTRACTED,VERIFIED,
Previous Years QPs/CS/CSE_Even (1).pdf,QPB-18CS45-2025-JAN-SEE,52,53,Object Oriented Concepts,18CS45,4,CSE,2018 Scheme,SEE,JAN 2025,100,180,10,22,5,true,10,VERIFIED,EXTRACTED,VERIFIED,
Previous Years QPs/CS/CSE_Even (1).pdf,QPB-18CS46-2025-JAN-SEE,54,55,Data Communication,18CS46,4,CSE,2018 Scheme,SEE,JAN 2025,100,180,10,30,5,true,10,VERIFIED,EXTRACTED,VERIFIED,
Previous Years QPs/CS/CSE_Even (1).pdf,QPB-18CS61-2025-JAN-SEE,56,57,System Software and Compilers,18CS61,6,CSE,2018 Scheme,SEE,JAN 2025,100,180,10,33,5,true,10,VERIFIED,EXTRACTED,VERIFIED,
Previous Years QPs/CS/CSE_Even (1).pdf,QPB-18CS62-2025-JAN-SEE,58,59,Computer Graphics and Visualization,18CS62,6,CSE,2018 Scheme,SEE,JAN 2025,100,180,10,21,5,true,10,VERIFIED,EXTRACTED,VERIFIED,
Previous Years QPs/CS/CSE_Even (1).pdf,QPB-18CS63-2025-JAN-SEE,60,61,Web Technology and its Applications,18CS63,6,CSE,2018 Scheme,SEE,JAN 2025,100,180,10,30,5,true,10,VERIFIED,EXTRACTED,VERIFIED,
Previous Years QPs/CS/CSE_Even (1).pdf,QPB-18CS641-2025-JAN-SEE,62,63,Data Mining and Data Warehousing,18CS641,6,CSE,2018 Scheme,SEE,JAN 2025,100,180,10,22,5,true,10,VERIFIED,EXTRACTED,VERIFIED,
Previous Years QPs/CS/CSE_Even (1).pdf,QPB-18CS651-2025-JAN-SEE,64,65,Mobile Application Development,18CS651,6,CSE,2018 Scheme,SEE,JAN 2025,100,180,10,24,5,true,10,VERIFIED,EXTRACTED,VERIFIED,
Previous Years QPs/CS/CSE_Even (1).pdf,QPB-18CS653-2025-JAN-SEE,66,67,Programming in Java,18CS653,6,CSE,2018 Scheme,SEE,JAN 2025,100,180,10,30,5,true,10,VERIFIED,EXTRACTED,VERIFIED,
Previous Years QPs/CS/CSE_Even (1).pdf,QPB-18MAT41-2025-JAN-SEE,68,70,"Complex Analysis, Probability and Statistical Methods",18MAT41,4,CSE,2018 Scheme,SEE,JAN 2025,100,180,10,30,5,true,10,VERIFIED,EXTRACTED,VERIFIED,
Previous Years QPs/CV/2022-CV-Even Sem.pdf,QPB-18MAT31-2022-JUN-SEE,5,7,"Transform Calculus, Fourier Series and Numerical Techniques",18MAT31,3,CV,2018 Scheme,SEE,JUN 2022,100,180,10,30,5,true,10,VERIFIED,EXTRACTED,VERIFIED,
Previous Years QPs/CV/2022-CV-Even Sem.pdf,QPB-18CV32-2022-JUN-SEE,8,10,Strength of Materials,18CV32,3,CV,2018 Scheme,SEE,JUN 2022,100,180,10,26,5,true,10,VERIFIED,EXTRACTED,VERIFIED,
Previous Years QPs/CV/2022-CV-Even Sem.pdf,QPB-18CV33-2022-JUN-SEE,11,12,Fluid Mechanics,18CV33,3,CV,2018 Scheme,SEE,JUN 2022,100,180,10,27,5,true,10,VERIFIED,EXTRACTED,VERIFIED,
Previous Years QPs/CV/2022-CV-Even Sem.pdf,QPB-18CV34-2022-JUN-SEE,13,14,Building Materials and Construction,18CV34,3,CV,2018 Scheme,SEE,JUN 2022,100,180,10,27,5,true,10,VERIFIED,EXTRACTED,VERIFIED,
Previous Years QPs/CV/2022-CV-Even Sem.pdf,QPB-18CV35-2022-JUN-SEE,15,16,Basic Surveying,18CV35,3,CV,2018 Scheme,SEE,JUN 2022,100,180,10,30,5,true,10,VERIFIED,EXTRACTED,VERIFIED,
Previous Years QPs/CV/2022-CV-Even Sem.pdf,QPB-18CV36-2022-JUN-SEE,17,18,Engineering Geology,18CV36,3,CV,2018 Scheme,SEE,JUN 2022,100,180,10,24,5,true,10,VERIFIED,EXTRACTED,VERIFIED,
Previous Years QPs/CV/2022-CV-Even Sem.pdf,QPB-18MATDIP31-2022-JUN-SEE,19,20,Additional Mathematics – I,18MATDIP31,3,CV,2018 Scheme,SEE,JUN 2022,100,180,10,32,5,true,10,VERIFIED,EXTRACTED,VERIFIED,
Previous Years QPs/CV/2022-CV-Even Sem.pdf,QPB-18MAT41-2022-JUN-SEE,21,23,"Complex Analysis, Probability and Statistical Methods",18MAT41,4,CV,2018 Scheme,SEE,JUN 2022,100,180,10,30,5,true,10,VERIFIED,EXTRACTED,VERIFIED,
Previous Years QPs/CV/2022-CV-Even Sem.pdf,QPB-18CV42-2022-JUN-SEE,24,26,Analysis of Determinate Structures,18CV42,4,CV,2018 Scheme,SEE,JUN 2022,100,180,10,16,5,true,10,VERIFIED,EXTRACTED,VERIFIED,
Previous Years QPs/CV/2022-CV-Even Sem.pdf,QPB-18CV43-2022-JUN-SEE,27,28,Applied Hydraulics,18CV43,4,CV,2018 Scheme,SEE,JUN 2022,100,180,10,31,5,true,10,VERIFIED,EXTRACTED,VERIFIED,
Previous Years QPs/CV/2022-CV-Even Sem.pdf,QPB-18CV44-2022-JUN-SEE,29,30,Concrete Technology,18CV44,4,CV,2018 Scheme,SEE,JUN 2022,100,180,10,29,5,true,10,VERIFIED,EXTRACTED,VERIFIED,
Previous Years QPs/CV/2022-CV-Even Sem.pdf,QPB-18CV45-2022-JUN-SEE,31,32,Advanced Surveying,18CV45,4,CV,2018 Scheme,SEE,JUN 2022,100,180,10,28,5,true,10,VERIFIED,EXTRACTED,VERIFIED,
Previous Years QPs/CV/2022-CV-Even Sem.pdf,QPB-18CV46-2022-JUN-SEE,33,34,Water Supply and Treatment Engineering,18CV46,4,CV,2018 Scheme,SEE,JUN 2022,100,180,10,30,5,true,10,VERIFIED,EXTRACTED,VERIFIED,
Previous Years QPs/CV/2022-CV-Even Sem.pdf,QPB-18CV51-2022-JUN-SEE,35,36,Construction Management and Entrepreneurship,18CV51,5,CV,2018 Scheme,SEE,JUN 2022,100,180,10,28,5,true,10,VERIFIED,EXTRACTED,VERIFIED,
Previous Years QPs/CV/2022-CV-Even Sem.pdf,QPB-18CV52-2022-JUN-SEE,37,39,Analysis of Indeterminate Structures,18CV52,5,CV,2018 Scheme,SEE,JUN 2022,100,180,10,10,5,true,10,VERIFIED,EXTRACTED,VERIFIED,
Previous Years QPs/CV/2022-CV-Even Sem.pdf,QPB-18CV53-2022-JUN-SEE,40,41,Design of RC Structural Elements,18CV53,5,CV,2018 Scheme,SEE,JUN 2022,100,180,10,16,5,true,10,VERIFIED,EXTRACTED,VERIFIED,
Previous Years QPs/CV/2022-CV-Even Sem.pdf,QPB-18CV54-2022-JUN-SEE,42,43,Basic Geotechnical Engineering,18CV54,5,CV,2018 Scheme,SEE,JUN 2022,100,180,10,31,5,true,10,VERIFIED,EXTRACTED,VERIFIED,
Previous Years QPs/CV/2022-CV-Even Sem.pdf,QPB-18CV55-2022-JUN-SEE,44,45,Municipal Wastewater Engineering,18CV55,5,CV,2018 Scheme,SEE,JUN 2022,100,180,10,25,5,true,10,VERIFIED,EXTRACTED,VERIFIED,
Previous Years QPs/CV/2022-CV-Even Sem.pdf,QPB-18CV56-2022-JUN-SEE,46,47,Highway Engineering,18CV56,5,CV,2018 Scheme,SEE,JUN 2022,100,180,10,26,5,true,10,VERIFIED,EXTRACTED,VERIFIED,
Previous Years QPs/CV/2022-CV-Even Sem.pdf,QPB-18CIV59-2022-JUN-SEE,48,55,Environmental Studies (COMMON TO ALL BRANCHES),18CIV59,5,CV,2018 Scheme,SEE,JUN 2022,100,120,51,51,0,false,,VERIFIED_SPECIAL_FORMAT,EXTRACTED,VERIFIED_SPECIAL_FORMAT,DUPLICATE_Q:1/2/3/4/25
Previous Years QPs/CV/2022-CV-Even Sem.pdf,QPB-18CV61-2022-JUN-SEE,56,57,Design of Steel Structural Elements,18CV61,6,CV,2018 Scheme,SEE,JUN 2022,100,180,10,18,5,true,10,VERIFIED,EXTRACTED,VERIFIED,
Previous Years QPs/CV/2022-CV-Even Sem.pdf,QPB-18CV62-2022-JUN-SEE,58,59,Applied Geotechnical Engineering,18CV62,6,CV,2018 Scheme,SEE,JUN 2022,100,180,10,28,5,true,10,VERIFIED,EXTRACTED,VERIFIED,
Previous Years QPs/CV/2022-CV-Even Sem.pdf,QPB-18CV63-2022-JUN-SEE,60,61,Hydrology and Irrigation Engineering,18CV63,6,CV,2018 Scheme,SEE,JUN 2022,100,180,10,26,5,true,10,VERIFIED,EXTRACTED,VERIFIED,
Previous Years QPs/CV/2022-CV-Even Sem.pdf,QPB-18CV644-2022-JUN-SEE,62,63,Ground Improvement Techniques,18CV644,6,CV,2018 Scheme,SEE,JUN 2022,100,180,10,32,5,true,10,VERIFIED,EXTRACTED,VERIFIED,
Previous Years QPs/CV/2022-CV-Even Sem.pdf,QPB-18CV645-2022-JUN-SEE,64,65,"Railways, Harbours, Tunneling and Airports",18CV645,6,CV,2018 Scheme,SEE,JUN 2022,100,180,10,27,5,true,10,VERIFIED,EXTRACTED,VERIFIED,
Previous Years QPs/CV/2022-CV-Even Sem.pdf,QPB-18CV654-2022-JUN-SEE,66,67,Sustainability Concepts in Civil Engineering,18CV654,6,CV,2018 Scheme,SEE,JUN 2022,100,180,10,21,5,true,10,VERIFIED,EXTRACTED,VERIFIED,
Previous Years QPs/CV/2022-CV-Even Sem.pdf,QPB-18CV72-2022-JUN-SEE,68,69,Design of RCC & Steel Structures,18CV72,7,CV,2018 Scheme,SEE,JUN 2022,100,180,4,4,2,false,,VERIFIED_SPECIAL_FORMAT,EXTRACTED,VERIFIED_SPECIAL_FORMAT,
Previous Years QPs/CV/2022-CV-Even Sem.pdf,QPB-18CV732-2022-JUN-SEE,70,71,Air Pollution and Control,18CV732,7,CV,2018 Scheme,SEE,JUN 2022,100,180,10,20,5,true,10,VERIFIED,EXTRACTED,VERIFIED,
Previous Years QPs/CV/2022-CV-Even Sem.pdf,QPB-18CV733-2022-JUN-SEE,72,73,Pavement Materials & Construction,18CV733,7,CV,2018 Scheme,SEE,JUN 2022,100,180,10,22,5,true,10,VERIFIED,EXTRACTED,VERIFIED,
Previous Years QPs/CV/2022-CV-Even Sem.pdf,QPB-18CV745-2022-JUN-SEE,74,75,Urban Transport Planning,18CV745,7,CV,2018 Scheme,SEE,JUN 2022,100,180,10,23,5,true,10,VERIFIED,EXTRACTED,VERIFIED,
Previous Years QPs/CV/2022-CV-Even Sem.pdf,QPB-18CV81-2022-JUN-SEE,76,77,Design of Prestressed Concrete,18CV81,8,CV,2018 Scheme,SEE,JUN 2022,100,180,10,25,5,true,10,VERIFIED,EXTRACTED,VERIFIED,
Previous Years QPs/CV/2022-CV-Even Sem.pdf,QPB-18CV823-2022-JUN-SEE,78,80,Advanced Foundation Engineering,18CV823,8,CV,2018 Scheme,SEE,JUN 2022,100,180,10,18,5,true,10,VERIFIED,EXTRACTED,VERIFIED,
Previous Years QPs/CV/2022-CV-Even Sem.pdf,QPB-18CV824-2022-JUN-SEE,81,81,Rehabilitation and Retrofitting,18CV824,8,CV,2018 Scheme,SEE,JUN 2022,100,180,10,23,5,true,10,VERIFIED,EXTRACTED,VERIFIED,
Previous Years QPs/CV/2022-CV-Odd Sem.pdf,QPB-18MAT31-2022-FEB-SEE,3,5,"Transform Calculus, Fourier Series and Numerical Techniques",18MAT31,3,CV,2018 Scheme,SEE,FEB 2022,100,180,10,32,5,true,10,VERIFIED,EXTRACTED,VERIFIED,
Previous Years QPs/CV/2022-CV-Odd Sem.pdf,QPB-18CV32-2022-FEB-SEE,6,8,Strength of Materials,18CV32,3,CV,2018 Scheme,SEE,FEB 2022,100,180,10,24,5,true,10,VERIFIED,EXTRACTED,VERIFIED,
Previous Years QPs/CV/2022-CV-Odd Sem.pdf,QPB-18CV33-2022-FEB-SEE,9,11,Fluids Mechanics,18CV33,3,CV,2018 Scheme,SEE,FEB 2022,100,180,10,29,5,true,10,VERIFIED,EXTRACTED,VERIFIED,
Previous Years QPs/CV/2022-CV-Odd Sem.pdf,QPB-18CV34-2022-FEB-SEE,12,13,Building Materials and Construction,18CV34,3,CV,2018 Scheme,SEE,FEB 2022,100,180,10,30,5,true,10,VERIFIED,EXTRACTED,VERIFIED,
Previous Years QPs/CV/2022-CV-Odd Sem.pdf,QPB-18CV35-2022-FEB-SEE,14,15,Basic Surveying,18CV35,3,CV,2018 Scheme,SEE,FEB 2022,100,180,10,29,5,true,10,VERIFIED,EXTRACTED,VERIFIED,
Previous Years QPs/CV/2022-CV-Odd Sem.pdf,QPB-18CV36-2022-FEB-SEE,16,19,Engineering Geology,18CV36,3,CV,2018 Scheme,SEE,FEB 2022,100,180,10,29,5,true,10,VERIFIED,EXTRACTED,VERIFIED,
Previous Years QPs/CV/2022-CV-Odd Sem.pdf,QPB-18CPC39/49-2022-FEB-SEE,20,29,"Constitution of India, Professional Ethics and Cyber Law (COMMON TO ALL BRANCHES)",18CPC39/49,4,CV,,SEE,FEB 2022,100,120,50,50,0,false,,VERIFIED_SPECIAL_FORMAT,EXTRACTED,VERIFIED_SPECIAL_FORMAT,DUPLICATE_Q:1/2/3/4/5
Previous Years QPs/CV/2022-CV-Odd Sem.pdf,QPB-18CPC39/49-2022-FEB-SEE,30,39,"Constitution of India, Professional Ethics and Cyber Law (COMMON TO ALL BRANCHES)",18CPC39/49,4,CV,,SEE,FEB 2022,100,120,50,50,0,false,,VERIFIED_SPECIAL_FORMAT,EXTRACTED,VERIFIED_SPECIAL_FORMAT,DUPLICATE_Q:1/2/3/4/5
Previous Years QPs/CV/2022-CV-Odd Sem.pdf,QPB-18CPC39/49-2022-FEB-SEE,40,49,"Constitution of India, Professional Ethics and Cyber Law (COMMON TO ALL BRANCHES)",18CPC39/49,4,CV,2018 Scheme,SEE,FEB 2022,100,120,51,51,0,false,,VERIFIED_SPECIAL_FORMAT,EXTRACTED,VERIFIED_SPECIAL_FORMAT,DUPLICATE_Q:1/2/3/4/5
Previous Years QPs/CV/2022-CV-Odd Sem.pdf,QPB-18CPC39/49-2022-FEB-SEE,50,59,"Constitution of India, Professional Ethics and Cyber Law (COMMON TO ALL BRANCHES)",18CPC39/49,4,CV,,SEE,FEB 2022,100,120,50,50,0,false,,VERIFIED_SPECIAL_FORMAT,EXTRACTED,VERIFIED_SPECIAL_FORMAT,DUPLICATE_Q:1/2/3/4/5
Previous Years QPs/CV/2022-CV-Odd Sem.pdf,QPB-18MATDIP31-2022-FEB-SEE,60,61,Additional Mathematics – I,18MATDIP31,3,CV,2018 Scheme,SEE,FEB 2022,100,180,10,31,5,true,10,VERIFIED,EXTRACTED,VERIFIED,
Previous Years QPs/CV/2022-CV-Odd Sem.pdf,QPB-MATDIP301-2022-FEB-SEE,62,63,Advanced Mathematics – I,MATDIP301,3,CV,,SEE,FEB 2022,100,180,8,22,0,false,,VERIFIED_SPECIAL_FORMAT,EXTRACTED,VERIFIED_SPECIAL_FORMAT,
Previous Years QPs/CV/2022-CV-Odd Sem.pdf,QPB-18CV51-2022-FEB-SEE,64,65,Construction Management and Entrepreneurship,18CV51,,CV,2018 Scheme,SEE,FEB 2022,100,180,10,25,5,true,10,VERIFIED,EXTRACTED,VERIFIED,
Previous Years QPs/CV/2022-CV-Odd Sem.pdf,QPB-18CV52-2022-FEB-SEE,66,68,Analysis of Indeterminate Structures,18CV52,5,CV,2018 Scheme,SEE,FEB 2022,100,180,10,10,5,true,10,VERIFIED,EXTRACTED,VERIFIED,
Previous Years QPs/CV/2022-CV-Odd Sem.pdf,QPB-18CV53-2022-FEB-SEE,69,70,Design of RC Structural Elements,18CV53,5,CV,2018 Scheme,SEE,FEB 2022,100,180,10,14,5,true,10,VERIFIED,EXTRACTED,VERIFIED,
Previous Years QPs/CV/2022-CV-Odd Sem.pdf,QPB-18CV54-2022-FEB-SEE,71,72,Basic Geotechnical Engineering,18CV54,5,CV,2018 Scheme,SEE,FEB 2022,100,180,10,26,5,true,10,VERIFIED,EXTRACTED,VERIFIED,
Previous Years QPs/CV/2022-CV-Odd Sem.pdf,QPB-18CV55-2022-FEB-SEE,73,74,Municipal Wastewater Engineering,18CV55,5,CV,2018 Scheme,SEE,FEB 2022,100,180,10,21,5,true,10,VERIFIED,EXTRACTED,VERIFIED,
Previous Years QPs/CV/2022-CV-Odd Sem.pdf,QPB-18CV56-2022-FEB-SEE,75,76,Highway Engineering,18CV56,5,CV,2018 Scheme,SEE,FEB 2022,100,180,10,32,5,true,10,VERIFIED,EXTRACTED,VERIFIED,
Previous Years QPs/CV/2022-CV-Odd Sem.pdf,QPB-18CIV59-2022-FEB-SEE,77,84,Environmental Studies (COMMON TO ALL BRANCHES),18CIV59,5,CV,2018 Scheme,SEE,FEB 2022,100,120,50,50,0,false,,VERIFIED_SPECIAL_FORMAT,EXTRACTED,VERIFIED_SPECIAL_FORMAT,DUPLICATE_Q:1/2/3/4/5
Previous Years QPs/CV/2022-CV-Odd Sem.pdf,QPB-18CIV59-2022-FEB-SEE,85,92,Environmental Studies (COMMON TO ALL BRANCHES),18CIV59,5,CV,2018 Scheme,SEE,FEB 2022,100,120,51,51,0,false,,VERIFIED_SPECIAL_FORMAT,EXTRACTED,VERIFIED_SPECIAL_FORMAT,DUPLICATE_Q:1/2/3/4/5
Previous Years QPs/CV/2022-CV-Odd Sem.pdf,QPB-18CIV59-2022-FEB-SEE,93,100,Environmental Studies (COMMON TO ALL BRANCHES),18CIV59,5,CV,2018 Scheme,SEE,FEB 2022,100,120,51,51,0,false,,VERIFIED_SPECIAL_FORMAT,EXTRACTED,VERIFIED_SPECIAL_FORMAT,DUPLICATE_Q:1/2/3/4/5
Previous Years QPs/CV/2022-CV-Odd Sem.pdf,QPB-18CIV59-2022-FEB-SEE,101,108,Environmental Studies (COMMON TO ALL BRANCHES),18CIV59,5,CV,2018 Scheme,SEE,FEB 2022,100,120,51,51,0,false,,VERIFIED_SPECIAL_FORMAT,EXTRACTED,VERIFIED_SPECIAL_FORMAT,DUPLICATE_Q:1/2/3/4/5
Previous Years QPs/CV/2022-CV-Odd Sem.pdf,QPB-18CV71-2022-FEB-SEE,109,111,Quantity Surveying and Contracts Management,18CV71,7,CV,2018 Scheme,SEE,FEB 2022,100,180,10,14,5,true,10,VERIFIED,EXTRACTED,VERIFIED,
Previous Years QPs/CV/2022-CV-Odd Sem.pdf,QPB-18CV72-2022-FEB-SEE,112,113,Design of RCC and Steel Structures,18CV72,7,CV,2018 Scheme,SEE,FEB 2022,100,180,4,4,2,false,,VERIFIED_SPECIAL_FORMAT,EXTRACTED,VERIFIED_SPECIAL_FORMAT,
Previous Years QPs/CV/2022-CV-Odd Sem.pdf,QPB-18CV732-2022-FEB-SEE,114,115,Air Pollution and Control,18CV732,7,CV,2018 Scheme,SEE,FEB 2022,100,180,10,22,5,true,10,VERIFIED,EXTRACTED,VERIFIED,
Previous Years QPs/CV/2022-CV-Odd Sem.pdf,QPB-18CV733-2022-FEB-SEE,116,117,Pavement Materials and Construction,18CV733,7,CV,2018 Scheme,SEE,FEB 2022,100,180,10,21,5,true,10,VERIFIED,EXTRACTED,VERIFIED,
Previous Years QPs/CV/2022-CV-Odd Sem.pdf,QPB-18CV745-2022-FEB-SEE,118,119,Urban Transport Planning,18CV745,7,CV,2018 Scheme,SEE,FEB 2022,100,180,10,20,5,true,10,VERIFIED,EXTRACTED,VERIFIED,
Previous Years QPs/CV/2022-CV-Odd Sem.pdf,QPB-18CV752-2022-FEB-SEE,120,122,Numerical Methods and Applications,18CV752,7,CV,2018 Scheme,SEE,FEB 2022,100,180,10,18,5,true,10,VERIFIED,EXTRACTED,VERIFIED,
Previous Years QPs/CV/2022-CV-Odd Sem.pdf,QPB-18CV753-2022-FEB-SEE,123,124,Environmental Protection and Management,18CV753,7,CV,2018 Scheme,SEE,FEB 2022,100,180,10,20,5,true,10,VERIFIED,EXTRACTED,VERIFIED,
Previous Years QPs/CV/2024-CV-Odd Sem.pdf,QPB-BCEDK103/203-2024-JAN-SEE,3,3,COMPUTER AIDED ENGINEERING DRAWING,BCEDK103/203,1,CV,CBCS Scheme,SEE,JAN 2024,100,180,4,4,0,false,,VERIFIED_SPECIAL_FORMAT,EXTRACTED,VERIFIED_SPECIAL_FORMAT,
Previous Years QPs/CV/2024-CV-Odd Sem.pdf,QPB-BCHEC102/202-2024-JAN-SEE,4,5,Applied Chemistry for Civil Engineering Stream,BCHEC102/202,1,CV,2022 Scheme,SEE,JAN 2024,100,180,10,30,5,true,10,VERIFIED,EXTRACTED,VERIFIED,
Previous Years QPs/CV/2024-CV-Odd Sem.pdf,QPB-BCIVC103/203-2024-JAN-SEE,6,9,Engineering Mechanics,BCIVC103/203,1,CV,2022 Scheme,SEE,JAN 2024,100,180,10,26,5,true,10,VERIFIED,EXTRACTED,VERIFIED,
Previous Years QPs/CV/2024-CV-Odd Sem.pdf,QPB-BENGK106/BENGK206/22BD17-2024-JAN-SEE,10,13,Communicative English,BENGK106/BENGK206/22BD17,1,CV,2022 Scheme,SEE,JAN 2024,50,60,52,52,0,false,,VERIFIED_SPECIAL_FORMAT,EXTRACTED,VERIFIED_SPECIAL_FORMAT,DUPLICATE_Q:1/2/3/4/5
Previous Years QPs/CV/2024-CV-Odd Sem.pdf,QPB-22BD17-2024-JAN-SEE,14,17,Communicative English,22BD17,1,CV,2022 Scheme,SEE,JAN 2024,50,60,52,52,0,false,,VERIFIED_SPECIAL_FORMAT,EXTRACTED,VERIFIED_SPECIAL_FORMAT,DUPLICATE_Q:1/2/3/4
Previous Years QPs/CV/2024-CV-Odd Sem.pdf,QPB-22BD17-2024-JAN-SEE,18,21,Communicative English,22BD17,1,CV,2022 Scheme,SEE,JAN 2024,50,60,52,52,0,false,,VERIFIED_SPECIAL_FORMAT,EXTRACTED,VERIFIED_SPECIAL_FORMAT,DUPLICATE_Q:1/2/3/4/5
Previous Years QPs/CV/2024-CV-Odd Sem.pdf,QPB-22BD17-2024-JAN-SEE,22,25,Communicative English,22BD17,1,CV,2022 Scheme,SEE,JAN 2024,50,60,52,52,0,false,,VERIFIED_SPECIAL_FORMAT,EXTRACTED,VERIFIED_SPECIAL_FORMAT,DUPLICATE_Q:1/2/3/4/5
Previous Years QPs/CV/2024-CV-Odd Sem.pdf,QPB-BESCK104A/BESCKA104-2024-JAN-SEE,26,28,Introduction to Civil Engineering,BESCK104A/BESCKA104,1,CV,2022 Scheme,SEE,JAN 2024,100,180,10,30,5,true,10,VERIFIED,EXTRACTED,VERIFIED,
Previous Years QPs/CV/2024-CV-Odd Sem.pdf,QPB-BETCK105B/BETCKB105-2024-JAN-SEE,29,30,Green Buildings,BETCK105B/BETCKB105,1,CV,2022 Scheme,SEE,JAN 2024,100,180,10,20,5,true,10,VERIFIED,EXTRACTED,VERIFIED,
Previous Years QPs/CV/2024-CV-Odd Sem.pdf,QPB-BICOK107/207-2024-JAN-SUPPLEMENTARY,31,34,Indian Constitution,BICOK107/207,1,CV,,SUPPLEMENTARY,JAN 2024,50,60,52,52,0,false,,VERIFIED_SPECIAL_FORMAT,EXTRACTED,VERIFIED_SPECIAL_FORMAT,DUPLICATE_Q:1/2/3/4/5
Previous Years QPs/CV/2024-CV-Odd Sem.pdf,QPB-BICOK107/207-2024-JAN-SUPPLEMENTARY,35,38,Indian Constitution,BICOK107/207,1,CV,,SUPPLEMENTARY,JAN 2024,50,60,52,52,0,false,,VERIFIED_SPECIAL_FORMAT,EXTRACTED,VERIFIED_SPECIAL_FORMAT,DUPLICATE_Q:1/2/3/4/5
Previous Years QPs/CV/2024-CV-Odd Sem.pdf,QPB-BICOK107/207-2024-JAN-SUPPLEMENTARY,39,42,Indian Constitution,BICOK107/207,1,CV,,SUPPLEMENTARY,JAN 2024,50,60,52,52,0,false,,VERIFIED_SPECIAL_FORMAT,EXTRACTED,VERIFIED_SPECIAL_FORMAT,DUPLICATE_Q:1/2/3/4/5
Previous Years QPs/CV/2024-CV-Odd Sem.pdf,QPB-BICOK107/207-2024-JAN-SUPPLEMENTARY,43,46,Indian Constitution,BICOK107/207,1,CV,,SUPPLEMENTARY,JAN 2024,50,60,52,52,0,false,,VERIFIED_SPECIAL_FORMAT,EXTRACTED,VERIFIED_SPECIAL_FORMAT,DUPLICATE_Q:1/2/3/4/5
Previous Years QPs/CV/2024-CV-Odd Sem.pdf,QPB-BMATC101-2024-JAN-SEE,47,49,Mathematics – I for Civil Engineering Stream,BMATC101,1,CV,2022 Scheme,SEE,JAN 2024,100,180,10,29,5,true,10,VERIFIED,EXTRACTED,VERIFIED,
Previous Years QPs/CV/2024-CV-Odd Sem.pdf,QPB-BPHYC102/202-2024-JAN-SEE,50,52,Applied Physics for Civil Engineering Stream,BPHYC102/202,1,CV,2022 Scheme,SEE,JAN 2024,100,180,10,30,5,true,10,VERIFIED,EXTRACTED,VERIFIED,
Previous Years QPs/CV/BE Civil Qp -2024 odd Sem.pdf,QPB-BCV301-2024-JAN-SEE,3,5,Strength of Materials,BCV301,3,CV,,SEE,JAN 2024,100,180,10,28,5,true,10,VERIFIED,EXTRACTED,VERIFIED,
Previous Years QPs/CV/BE Civil Qp -2024 odd Sem.pdf,QPB-BCV302-2024-JAN-SEE,6,7,Engineering Survey,BCV302,3,CV,,SEE,JAN 2024,100,180,10,24,5,true,10,VERIFIED,EXTRACTED,VERIFIED,
Previous Years QPs/CV/BE Civil Qp -2024 odd Sem.pdf,QPB-BCV303-2024-JAN-SEE,8,9,Engineering Geology,BCV303,3,CV,,SEE,JAN 2024,100,180,10,26,5,true,10,VERIFIED,EXTRACTED,VERIFIED,
Previous Years QPs/CV/BE Civil Qp -2024 odd Sem.pdf,QPB-BCV304-2024-JAN-SEE,10,11,Water Supply and Waste Water Engineering,BCV304,3,CV,,SEE,JAN 2024,100,180,10,25,5,true,10,VERIFIED,EXTRACTED,VERIFIED,
Previous Years QPs/CV/BE Civil Qp -2024 odd Sem.pdf,QPB-21CIV57-2024-JAN-SEE,12,15,Environmental Studies,21CIV57,5,CV,2021 Scheme,SEE,JAN 2024,50,60,52,52,0,false,,VERIFIED_SPECIAL_FORMAT,EXTRACTED,VERIFIED_SPECIAL_FORMAT,DUPLICATE_Q:1/2/3/4/5
Previous Years QPs/CV/BE Civil Qp -2024 odd Sem.pdf,QPB-21CIV57-2024-JAN-SEE,16,19,Environmental Studies,21CIV57,5,CV,2021 Scheme,SEE,JAN 2024,50,60,4,4,0,false,,VERIFIED_SPECIAL_FORMAT,EXTRACTED,VERIFIED_SPECIAL_FORMAT,
Previous Years QPs/CV/BE Civil Qp -2024 odd Sem.pdf,QPB-21CIV57-2024-JAN-SEE,20,23,Environmental Studies,21CIV57,5,CV,2021 Scheme,SEE,JAN 2024,50,60,4,4,0,false,,VERIFIED_SPECIAL_FORMAT,EXTRACTED,VERIFIED_SPECIAL_FORMAT,
Previous Years QPs/CV/BE Civil Qp -2024 odd Sem.pdf,QPB-21CIV57-2024-JAN-SEE,24,27,Environmental Studies,21CIV57,5,CV,2021 Scheme,SEE,JAN 2024,50,60,4,4,0,false,,VERIFIED_SPECIAL_FORMAT,EXTRACTED,VERIFIED_SPECIAL_FORMAT,
Previous Years QPs/CV/BE Civil Qp -2024 odd Sem.pdf,QPB-21CV51-2024-JAN-SEE,28,29,Hydrology and Water Resources Engineering,21CV51,5,CV,,SEE,JAN 2024,100,180,10,26,5,true,10,VERIFIED,EXTRACTED,VERIFIED,
Previous Years QPs/CV/BE Civil Qp -2024 odd Sem.pdf,QPB-21CV52-2024-JAN-SEE,30,31,Transportation Engineering,21CV52,5,CV,,SEE,JAN 2024,100,180,10,20,5,true,10,VERIFIED,EXTRACTED,VERIFIED,
Previous Years QPs/CV/BE Civil Qp -2024 odd Sem.pdf,QPB-21CV53-2024-JAN-SEE,32,33,Design of RC Structural Elements,21CV53,5,CV,,SEE,JAN 2024,100,180,10,17,5,true,10,VERIFIED,EXTRACTED,VERIFIED,
Previous Years QPs/CV/BE Civil Qp -2024 odd Sem.pdf,QPB-21CV54-2024-JAN-SEE,34,35,Geotechnical Engineering,21CV54,5,CV,,SEE,JAN 2024,100,180,10,29,5,true,10,VERIFIED,EXTRACTED,VERIFIED,
Previous Years QPs/CV/BE Civil Qp -2024 odd Sem.pdf,QPB-21RMI56-2024-JAN-SEE,36,37,Research Methodology & Intellectual Property Rights,21RMI56,5,CV,,SEE,JAN 2024,100,180,10,20,5,true,10,VERIFIED,EXTRACTED,VERIFIED,
Previous Years QPs/CV/BE Civil Qp -2024 odd Sem.pdf,QPB-18CV71-2024-JAN-SEE,38,40,Quantity Surveying and Contract Management,18CV71,7,CV,,SEE,JAN 2024,100,180,10,11,5,true,10,VERIFIED,EXTRACTED,VERIFIED,
Previous Years QPs/CV/BE Civil Qp -2024 odd Sem.pdf,QPB-18CV72-2024-JAN-SEE,41,41,Design of RCC and Steel Structure,18CV72,7,CV,,SEE,JAN 2024,100,180,4,4,2,false,,VERIFIED_SPECIAL_FORMAT,EXTRACTED,VERIFIED_SPECIAL_FORMAT,
Previous Years QPs/CV/BE Civil Qp -2024 odd Sem.pdf,QPB-18CV732-2024-JAN-SEE,42,43,Air Pollution and Control,18CV732,7,CV,,SEE,JAN 2024,100,180,10,19,5,true,10,VERIFIED,EXTRACTED,VERIFIED,
Previous Years QPs/CV/BE Civil Qp -2024 odd Sem.pdf,QPB-18CV733-2024-JAN-SEE,44,45,Pavement Materials and Construction,18CV733,7,CV,,SEE,JAN 2024,100,180,10,23,5,true,10,VERIFIED,EXTRACTED,VERIFIED,
Previous Years QPs/CV/BE Civil Qp -2024 odd Sem.pdf,QPB-18CV745-2024-JAN-SEE,46,47,Urban Transport Planning,18CV745,7,CV,,SEE,JAN 2024,100,180,10,21,5,true,10,VERIFIED,EXTRACTED,VERIFIED,
Previous Years QPs/CV/BE Civil Qp -2024 odd Sem.pdf,QPB-18CV753-2024-JAN-SEE,48,48,Environmental Protection and Management,18CV753,7,CV,,SEE,JAN 2024,100,180,10,19,5,true,10,VERIFIED,EXTRACTED,VERIFIED,
Previous Years QPs/CV/CIV_Odd- Dec-jan 2025.pdf,QPB-BCV301-2025-JAN-SEE,4,6,Strength of Materials,BCV301,3,CV,,SEE,JAN 2025,100,180,10,23,5,true,10,VERIFIED,EXTRACTED,VERIFIED,
Previous Years QPs/CV/CIV_Odd- Dec-jan 2025.pdf,QPB-BCV302-2025-JAN-SEE,7,8,Engineering Survey,BCV302,3,CV,,SEE,JAN 2025,100,180,10,30,5,true,10,VERIFIED,EXTRACTED,VERIFIED,
Previous Years QPs/CV/CIV_Odd- Dec-jan 2025.pdf,QPB-BCV303-2025-JAN-SEE,9,10,Engineering Geology,BCV303,3,CV,,SEE,JAN 2025,100,180,10,29,5,true,10,VERIFIED,EXTRACTED,VERIFIED,
Previous Years QPs/CV/CIV_Odd- Dec-jan 2025.pdf,QPB-BCV501-2025-JAN-SEE,11,12,Construction Management and Entrepreneurship,BCV501,5,CV,,SEE,JAN 2025,100,180,10,24,5,true,10,VERIFIED,EXTRACTED,VERIFIED,
Previous Years QPs/CV/CIV_Odd- Dec-jan 2025.pdf,QPB-BCV503-2025-JAN-SEE,13,14,Concrete Technology,BCV503,5,CV,,SEE,JAN 2025,100,180,10,18,5,true,10,VERIFIED,EXTRACTED,VERIFIED,
Previous Years QPs/CV/CIV_Odd- Dec-jan 2025.pdf,QPB-BCV515D-2025-JAN-SEE,15,16,Remote Sensing and GIS,BCV515D,5,CV,,SEE,JAN 2025,100,180,10,29,5,true,10,VERIFIED,EXTRACTED,VERIFIED,
Previous Years QPs/CV/CIV_Odd- Dec-jan 2025.pdf,QPB-BESK508-2025-JAN-SEE,17,20,Environmental Studies,BESK508,5,CV,2022 Scheme,SEE,JAN 2025,50,60,52,52,0,false,,VERIFIED_SPECIAL_FORMAT,EXTRACTED,VERIFIED_SPECIAL_FORMAT,DUPLICATE_Q:1/2/3/4/5
Previous Years QPs/CV/CIV_Odd- Dec-jan 2025.pdf,QPB-BESK508-2025-JAN-SEE,21,24,Environmental Studies,BESK508,5,CV,2022 Scheme,SEE,JAN 2025,50,60,52,52,0,false,,VERIFIED_SPECIAL_FORMAT,EXTRACTED,VERIFIED_SPECIAL_FORMAT,DUPLICATE_Q:1/2/3/4/5
Previous Years QPs/CV/CIV_Odd- Dec-jan 2025.pdf,QPB-BESK508-2025-JAN-SEE,25,28,Environmental Studies,BESK508,5,CV,2022 Scheme,SEE,JAN 2025,50,60,52,52,0,false,,VERIFIED_SPECIAL_FORMAT,EXTRACTED,VERIFIED_SPECIAL_FORMAT,DUPLICATE_Q:1/2/3/4/5
Previous Years QPs/CV/CIV_Odd- Dec-jan 2025.pdf,QPB-BESK508-2025-JAN-SEE,29,32,Environmental Studies,BESK508,5,CV,2022 Scheme,SEE,JAN 2025,50,60,52,52,0,false,,VERIFIED_SPECIAL_FORMAT,EXTRACTED,VERIFIED_SPECIAL_FORMAT,DUPLICATE_Q:1/2/3/4/5
Previous Years QPs/CV/CIV_Odd- Dec-jan 2025.pdf,QPB-BMATEC301/BEC301/BBM301-2025-JAN-SEE,33,35,AV Mathematics III for EC/ BM Engineering,BMATEC301/BEC301/BBM301,3,CV,,SEE,JAN 2025,100,180,10,31,5,true,10,VERIFIED,EXTRACTED,VERIFIED,
Previous Years QPs/CV/CIV_Odd- Dec-jan 2025.pdf,QPB-BRMK557-2025-JAN-SEE,36,37,Research Methodology and IPR,BRMK557,5,CV,,SEE,JAN 2025,100,180,10,20,5,true,10,VERIFIED,EXTRACTED,VERIFIED,
Previous Years QPs/CV/CIV_Odd- Dec-jan 2025.pdf,QPB-21CIV57-2025-JAN-SEE,38,41,Environmental Studies,21CIV57,5,CV,2021 Scheme,SEE,JAN 2025,50,60,52,52,0,false,,VERIFIED_SPECIAL_FORMAT,EXTRACTED,VERIFIED_SPECIAL_FORMAT,DUPLICATE_Q:1/2/3/4/5
Previous Years QPs/CV/CIV_Odd- Dec-jan 2025.pdf,QPB-21CV51-2025-JAN-SEE,42,43,Hydrology and Water Resource Engineering,21CV51,5,CV,,SEE,JAN 2025,100,180,10,21,5,true,10,VERIFIED,EXTRACTED,VERIFIED,
Previous Years QPs/CV/CIV_Odd- Dec-jan 2025.pdf,QPB-21CV52-2025-JAN-SEE,44,45,Transportation Engineering,21CV52,5,CV,,SEE,JAN 2025,100,180,10,24,5,true,10,VERIFIED,EXTRACTED,VERIFIED,
Previous Years QPs/CV/CIV_Odd- Dec-jan 2025.pdf,QPB-21CV53-2025-JAN-SEE,46,47,Design of RC Structural Elements,21CV53,5,CV,,SEE,JAN 2025,100,180,10,14,5,true,10,VERIFIED,EXTRACTED,VERIFIED,
Previous Years QPs/CV/CIV_Odd- Dec-jan 2025.pdf,QPB-21CV54-2025-JAN-SEE,48,49,Geotechnical Engineering,21CV54,5,CV,,SEE,JAN 2025,100,180,10,26,5,true,10,VERIFIED,EXTRACTED,VERIFIED,
Previous Years QPs/CV/CIV_Odd- Dec-jan 2025.pdf,QPB-21CV71-2025-JAN-SEE,50,52,Quantity Survey and Contract Management,21CV71,7,CV,,SEE,JAN 2025,100,180,10,19,5,true,10,VERIFIED,EXTRACTED,VERIFIED,
Previous Years QPs/CV/CIV_Odd- Dec-jan 2025.pdf,QPB-21CV72-2025-JAN-SEE,53,53,Construction Technology for Substructures and Super Structures,21CV72,7,CV,,SEE,JAN 2025,100,180,10,20,5,true,10,VERIFIED,EXTRACTED,VERIFIED,
Previous Years QPs/CV/CIV_Odd- Dec-jan 2025.pdf,QPB-21CV733-2025-JAN-SEE,54,55,Pavement Materials and Construction,21CV733,7,CV,,SEE,JAN 2025,100,180,10,20,5,true,10,VERIFIED,EXTRACTED,VERIFIED,
Previous Years QPs/CV/CIV_Odd- Dec-jan 2025.pdf,QPB-21CV736-2025-JAN-SEE,56,57,"Repair, Retrofitting and Rehabilitation of Structures",21CV736,7,CV,,SEE,JAN 2025,100,180,10,20,5,true,10,VERIFIED,EXTRACTED,VERIFIED,
Previous Years QPs/CV/CIV_Odd- Dec-jan 2025.pdf,QPB-21CV742-2025-JAN-SEE,58,59,Ground Improvement Technique,21CV742,7,CV,,SEE,JAN 2025,100,180,10,20,5,true,10,VERIFIED,EXTRACTED,VERIFIED,
Previous Years QPs/CV/CIV_Odd- Dec-jan 2025.pdf,QPB-21CV743-2025-JAN-SEE,60,61,Pavement Design,21CV743,7,CV,,SEE,JAN 2025,100,180,10,24,5,true,10,VERIFIED,EXTRACTED,VERIFIED,
Previous Years QPs/CV/CIV_Odd- Dec-jan 2025.pdf,QPB-21CV753-2025-JAN-SEE,62,63,Environmental Protection and Management,21CV753,7,CV,,SEE,JAN 2025,100,180,10,20,5,true,10,VERIFIED,EXTRACTED,VERIFIED,
Previous Years QPs/CV/CIV_Odd- Dec-jan 2025.pdf,QPB-21MAT755-2025-JAN-SEE,64,66,Advanced Mathematical Methods,21MAT755,7,CV,,SEE,JAN 2025,100,180,10,25,5,true,10,VERIFIED,EXTRACTED,VERIFIED,
Previous Years QPs/CV/CIV_Odd- Dec-jan 2025.pdf,QPB-18CV32-2025-JAN-SEE,67,69,Strength of Materials,18CV32,3,CV,,SEE,JAN 2025,100,180,10,28,5,true,10,VERIFIED,EXTRACTED,VERIFIED,
Previous Years QPs/CV/CIV_Odd- Dec-jan 2025.pdf,QPB-18CV33-2025-JAN-SEE,70,72,Fluid Mechanics,18CV33,3,CV,,SEE,JAN 2025,100,180,10,30,5,true,10,VERIFIED,EXTRACTED,VERIFIED,
Previous Years QPs/CV/CIV_Odd- Dec-jan 2025.pdf,QPB-18CV52-2025-JAN-SEE,73,75,Analysis of Indeterminate Structures,18CV52,5,CV,,SEE,JAN 2025,100,180,10,10,5,true,10,VERIFIED,EXTRACTED,VERIFIED,
Previous Years QPs/CV/CIV_Odd- Dec-jan 2025.pdf,QPB-18CV53-2025-JAN-SEE,76,77,Design of RC Structural Elements,18CV53,5,CV,,SEE,JAN 2025,100,180,10,17,5,true,10,VERIFIED,EXTRACTED,VERIFIED,
Previous Years QPs/CV/CIV_Odd- Dec-jan 2025.pdf,QPB-18CV54-2025-JAN-SEE,78,80,Basic Geotechnical Engineering,18CV54,5,CV,,SEE,JAN 2025,100,180,10,28,5,true,10,VERIFIED,EXTRACTED,VERIFIED,
Previous Years QPs/CV/CIV_Odd- Dec-jan 2025.pdf,QPB-18CV55-2025-JAN-SEE,81,82,Municipal Waste Water Engineering,18CV55,5,CV,,SEE,JAN 2025,100,180,10,30,5,true,10,VERIFIED,EXTRACTED,VERIFIED,
Previous Years QPs/CV/CIV_Odd- Dec-jan 2025.pdf,QPB-18CV732-2025-JAN-SEE,83,84,Air Pollution and Control,18CV732,7,CV,,SEE,JAN 2025,100,180,10,22,5,true,10,VERIFIED,EXTRACTED,VERIFIED,
Previous Years QPs/CV/CIV_Odd- Dec-jan 2025.pdf,QPB-18CV733-2025-JAN-SEE,85,86,Pavement Materials and Construction,18CV733,7,CV,,SEE,JAN 2025,100,180,10,24,5,true,10,VERIFIED,EXTRACTED,VERIFIED,
Previous Years QPs/CV/CIV_Odd- Dec-jan 2025.pdf,QPB-18CV745-2025-JAN-SEE,87,88,Urban Transport Planning,18CV745,7,CV,,SEE,JAN 2025,100,180,10,20,5,true,10,VERIFIED,EXTRACTED,VERIFIED,
Previous Years QPs/CV/CIV_Odd- Dec-jan 2025.pdf,QPB-18CV753-2025-JAN-SEE,89,90,Environmental Protection and Management,18CV753,7,CV,,SEE,JAN 2025,100,180,10,22,5,true,10,VERIFIED,EXTRACTED,VERIFIED,
Previous Years QPs/CV/CIV_Odd- Dec-jan 2025.pdf,QPB-18MAT31-2025-JAN-SEE,91,93,"Transform Calculus, Fourier Series and Numerical Techniques",18MAT31,3,CV,,SEE,JAN 2025,100,180,10,30,5,true,10,VERIFIED,EXTRACTED,VERIFIED,
Previous Years QPs/CV/CIV_Odd- Dec-jan 2025.pdf,QPB-18MAT753-2025-JAN-SEE,94,97,Advanced Mathematical Methods,18MAT753,7,CV,,SEE,JAN 2025,100,180,10,26,5,true,10,VERIFIED,EXTRACTED,VERIFIED,
Previous Years QPs/CV/CV QP Dec 2024- Jan 2025.pdf,QPB-21CV384-2025-JAN-SEE,3,7,Infrastructure Finance,21CV384,3,CV,2021 Scheme,SEE,JAN 2025,50,60,51,51,0,false,,VERIFIED_SPECIAL_FORMAT,EXTRACTED,VERIFIED_SPECIAL_FORMAT,DUPLICATE_Q:1/2/3/4/5
Previous Years QPs/CV/CV QP Dec 2024- Jan 2025.pdf,QPB-21CV43-2025-JAN-SEE,8,9,Public Health Engineering,21CV43,4,CV,,SEE,JAN 2025,100,180,10,30,5,true,10,VERIFIED,EXTRACTED,VERIFIED,
Previous Years QPs/CV/CV QP Dec 2024- Jan 2025.pdf,QPB-21CV51-2025-JAN-SEE,10,11,Hydrology and Water Resource Engineering,21CV51,5,CV,,SEE,JAN 2025,100,180,10,21,5,true,10,VERIFIED,EXTRACTED,VERIFIED,
Previous Years QPs/CV/CV QP Dec 2024- Jan 2025.pdf,QPB-21CV52-2025-JAN-SEE,12,13,Transportation Engineering,21CV52,5,CV,,SEE,JAN 2025,100,180,10,24,5,true,10,VERIFIED,EXTRACTED,VERIFIED,
Previous Years QPs/CV/CV QP Dec 2024- Jan 2025.pdf,QPB-21CV53-2025-JAN-SEE,14,15,Design of RC Structural Elements,21CV53,5,CV,,SEE,JAN 2025,100,180,10,14,5,true,10,VERIFIED,EXTRACTED,VERIFIED,
Previous Years QPs/CV/CV QP Dec 2024- Jan 2025.pdf,QPB-21CV54-2025-JAN-SEE,16,17,Geotechnical Engineering,21CV54,5,CV,,SEE,JAN 2025,100,180,10,26,5,true,10,VERIFIED,EXTRACTED,VERIFIED,
Previous Years QPs/CV/CV QP Dec 2024- Jan 2025.pdf,QPB-21CIV57-2025-JAN-SEE,18,21,Environmental Studies,21CIV57,5,CV,2021 Scheme,SEE,JAN 2025,50,60,52,52,0,false,,VERIFIED_SPECIAL_FORMAT,EXTRACTED,VERIFIED_SPECIAL_FORMAT,DUPLICATE_Q:1/2/3/4/5
Previous Years QPs/CV/CV QP Dec 2024- Jan 2025.pdf,QPB-21CV646-2025-JAN-SEE,22,23,Alternative Building Materials,21CV646,6,CV,,SEE,JAN 2025,100,180,10,22,5,true,10,VERIFIED,EXTRACTED,VERIFIED,
Previous Years QPs/CV/CV QP Dec 2024- Jan 2025.pdf,QPB-21CV71-2025-JAN-SEE,24,26,Quantity Survey and Contract Management,21CV71,7,CV,,SEE,JAN 2025,100,180,10,19,5,true,10,VERIFIED,EXTRACTED,VERIFIED,
Previous Years QPs/CV/CV QP Dec 2024- Jan 2025.pdf,QPB-21CV72-2025-JAN-SEE,27,27,Construction Technology for Substructures and Super Structures,21CV72,7,CV,,SEE,JAN 2025,100,180,10,20,5,true,10,VERIFIED,EXTRACTED,VERIFIED,
Previous Years QPs/CV/CV QP Dec 2024- Jan 2025.pdf,QPB-21CV731-2025-JAN-SEE,28,29,Advanced Design of RCC and Steel Structures,21CV731,7,CV,,SEE,JAN 2025,100,180,4,4,2,false,,VERIFIED_SPECIAL_FORMAT,EXTRACTED,VERIFIED_SPECIAL_FORMAT,
Previous Years QPs/CV/CV QP Dec 2024- Jan 2025.pdf,QPB-21CV742-2025-JAN-SEE,30,31,Ground Improvement Technique,21CV742,7,CV,,SEE,JAN 2025,100,180,10,20,5,true,10,VERIFIED,EXTRACTED,VERIFIED,
Previous Years QPs/CV/CV QP Dec 2024- Jan 2025.pdf,QPB-BCV301-2025-JAN-SEE,32,34,Strength of Materials,BCV301,3,CV,,SEE,JAN 2025,100,180,10,23,5,true,10,VERIFIED,EXTRACTED,VERIFIED,
Previous Years QPs/CV/CV QP Dec 2024- Jan 2025.pdf,QPB-BCV302-2025-JAN-SEE,35,36,Engineering Survey,BCV302,3,CV,,SEE,JAN 2025,100,180,10,30,5,true,10,VERIFIED,EXTRACTED,VERIFIED,
Previous Years QPs/CV/CV QP Dec 2024- Jan 2025.pdf,QPB-BCV303-2025-JAN-SEE,37,38,Engineering Geology,BCV303,3,CV,,SEE,JAN 2025,100,180,10,29,5,true,10,VERIFIED,EXTRACTED,VERIFIED,
Previous Years QPs/CV/CV QP Dec 2024- Jan 2025.pdf,QPB-BCV304-2025-JAN-SEE,39,40,Water Supply and Wastewater Engineering,BCV304,3,CV,,SEE,JAN 2025,100,180,10,26,5,true,10,VERIFIED,EXTRACTED,VERIFIED,
Previous Years QPs/CV/CV QP Dec 2024- Jan 2025.pdf,QPB-BCV306C-2025-JAN-SEE,41,42,Sustainable Design Concept for Building Services,BCV306C,3,CV,,SEE,JAN 2025,100,180,10,20,5,true,10,VERIFIED,EXTRACTED,VERIFIED,
Previous Years QPs/CV/CV QP Dec 2024- Jan 2025.pdf,QPB-BCV401-2025-JAN-SEE,43,45,Analysis of Structures,BCV401,4,CV,,SEE,JAN 2025,100,180,10,18,5,true,10,VERIFIED,EXTRACTED,VERIFIED,
Previous Years QPs/CV/CV QP Dec 2024- Jan 2025.pdf,QPB-BCV402-2025-JAN-SEE,46,47,Fluid Mechanics and Hydraulics,BCV402,4,CV,,SEE,JAN 2025,100,180,10,27,5,true,10,VERIFIED,EXTRACTED,VERIFIED,
Previous Years QPs/CV/CV QP Dec 2024- Jan 2025.pdf,QPB-BCV403-2025-JAN-SEE,48,49,Transportation Engineering,BCV403,4,CV,,SEE,JAN 2025,100,180,10,20,5,true,10,VERIFIED,EXTRACTED,VERIFIED,
Previous Years QPs/CV/CV QP Dec 2024- Jan 2025.pdf,QPB-BCV456C-2025-JAN-SEE,50,54,Electronic Waste Management - Issues and Challenges,BCV456C,4,CV,,SEE,JAN 2025,50,60,53,53,0,false,,VERIFIED_SPECIAL_FORMAT,EXTRACTED,VERIFIED_SPECIAL_FORMAT,DUPLICATE_Q:1/2/3/4/5
Previous Years QPs/CV/CV QP Dec 2024- Jan 2025.pdf,QPB-BBOK407-2025-JAN-SEE,55,56,Biology for Engineers,BBOK407,4,CV,,SEE,JAN 2025,100,180,10,30,5,true,10,VERIFIED,EXTRACTED,VERIFIED,
Previous Years QPs/CV/CV QP Dec 2024- Jan 2025.pdf,QPB-BUHK408-2025-JAN-SEE,57,60,Universal Human Values,BUHK408,4,CV,2022 Scheme,SEE,JAN 2025,50,60,52,52,0,false,,VERIFIED_SPECIAL_FORMAT,EXTRACTED,VERIFIED_SPECIAL_FORMAT,DUPLICATE_Q:1/2/3/4/5
Previous Years QPs/CV/CV QP Dec 2024- Jan 2025.pdf,QPB-BCV501-2025-JAN-SEE,61,62,Construction Management and Entrepreneurship,BCV501,5,CV,,SEE,JAN 2025,100,180,10,24,5,true,10,VERIFIED,EXTRACTED,VERIFIED,
Previous Years QPs/CV/CV QP Dec 2024- Jan 2025.pdf,QPB-BCV502-2024-JUN-SEE,63,65,Geotechnical Engineering,BCV502,5,CV,,SEE,JUN 2024,100,180,10,30,5,true,10,VERIFIED,EXTRACTED,VERIFIED,
Previous Years QPs/CV/CV QP Dec 2024- Jan 2025.pdf,QPB-BCV503-2025-JAN-SEE,66,67,Concrete Technology,BCV503,5,CV,,SEE,JAN 2025,100,180,10,18,5,true,10,VERIFIED,EXTRACTED,VERIFIED,
Previous Years QPs/CV/CV QP Dec 2024- Jan 2025.pdf,QPB-BCV515C-2025-JAN-SEE,68,69,Solid Waste Management,BCV515C,5,CV,,SEE,JAN 2025,100,180,10,20,5,true,10,VERIFIED,EXTRACTED,VERIFIED,
Previous Years QPs/CV/CV QP Dec 2024- Jan 2025.pdf,QPB-BESK508-2025-JAN-SEE,70,73,Environmental Studies,BESK508,5,CV,2022 Scheme,SEE,JAN 2025,50,60,52,52,0,false,,VERIFIED_SPECIAL_FORMAT,EXTRACTED,VERIFIED_SPECIAL_FORMAT,DUPLICATE_Q:1/2/3/4/5
Previous Years QPs/CV/CV QP Dec 2024- Jan 2025.pdf,QPB-BESK508-2025-JAN-SEE,74,77,Environmental Studies,BESK508,5,CV,2022 Scheme,SEE,JAN 2025,50,60,52,52,0,false,,VERIFIED_SPECIAL_FORMAT,EXTRACTED,VERIFIED_SPECIAL_FORMAT,DUPLICATE_Q:1/2/3/4/5
Previous Years QPs/CV/CV QP Dec 2024- Jan 2025.pdf,QPB-BESK508-2025-JAN-SEE,78,81,Environmental Studies,BESK508,5,CV,2022 Scheme,SEE,JAN 2025,50,60,52,52,0,false,,VERIFIED_SPECIAL_FORMAT,EXTRACTED,VERIFIED_SPECIAL_FORMAT,DUPLICATE_Q:1/2/3/4/5
Previous Years QPs/CV/CV QP Dec 2024- Jan 2025.pdf,QPB-BESK508-2025-JAN-SEE,82,85,Environmental Studies,BESK508,5,CV,2022 Scheme,SEE,JAN 2025,50,60,52,52,0,false,,VERIFIED_SPECIAL_FORMAT,EXTRACTED,VERIFIED_SPECIAL_FORMAT,DUPLICATE_Q:1/2/3/4/5
Previous Years QPs/CV/CV QP Dec 2024- Jan 2025.pdf,QPB-BRMK557-2025-JAN-SEE,86,87,Research Methodology and IPR,BRMK557,5,CV,,SEE,JAN 2025,100,180,10,20,5,true,10,VERIFIED,EXTRACTED,VERIFIED,
Previous Years QPs/CV/CV QP2024.pdf,QPB-18CV32-2024-JUN-SEE,4,5,Strength of Materials,18CV32,3,CV,,SEE,JUN 2024,100,180,10,22,5,true,10,VERIFIED,EXTRACTED,VERIFIED,
Previous Years QPs/CV/CV QP2024.pdf,QPB-18CV35-2024-JUN-SEE,6,8,Basic Surveying,18CV35,3,CV,,SEE,JUN 2024,100,180,10,30,5,true,10,VERIFIED,EXTRACTED,VERIFIED,
Previous Years QPs/CV/CV QP2024.pdf,QPB-18CV43-2024-JUN-SEE,9,10,Applied Hydraulics,18CV43,4,CV,,SEE,JUN 2024,100,180,10,23,5,true,10,VERIFIED,EXTRACTED,VERIFIED,
Previous Years QPs/CV/CV QP2024.pdf,QPB-18CV52-2024-JUN-SEE,11,13,Analysis of Indeterminate Structures,18CV52,5,CV,,SEE,JUN 2024,100,180,10,10,5,true,10,VERIFIED,EXTRACTED,VERIFIED,
Previous Years QPs/CV/CV QP2024.pdf,QPB-18CV54-2024-JUN-SEE,14,15,Basic Geo Technical Engineering,18CV54,5,CV,,SEE,JUN 2024,100,180,10,30,5,true,10,VERIFIED,EXTRACTED,VERIFIED,
Previous Years QPs/CV/CV QP2024.pdf,QPB-18CV55-2024-JUN-SEE,16,17,Muncipal Waste Water Engineering,18CV55,5,CV,,SEE,JUN 2024,100,180,10,20,5,true,10,VERIFIED,EXTRACTED,VERIFIED,
Previous Years QPs/CV/CV QP2024.pdf,QPB-18CV56-2024-JUN-SEE,18,20,Highway Engineering,18CV56,5,CV,,SEE,JUN 2024,100,180,10,27,5,true,10,VERIFIED,EXTRACTED,VERIFIED,
Previous Years QPs/CV/CV QP2024.pdf,QPB-18CV61-2024-JUN-SEE,21,22,Design of Steel Structural Elements,18CV61,6,CV,,SEE,JUN 2024,100,180,10,17,5,true,10,VERIFIED,EXTRACTED,VERIFIED,
Previous Years QPs/CV/CV QP2024.pdf,QPB-18CV62-2024-JUN-SEE,23,24,Applied Geotechnical Engineering,18CV62,6,CV,,SEE,JUN 2024,100,180,10,29,5,true,10,VERIFIED,EXTRACTED,VERIFIED,
Previous Years QPs/CV/CV QP2024.pdf,QPB-18CV63-2024-JUN-SEE,25,26,Hydrology and Irrigation Engineering,18CV63,6,CV,,SEE,JUN 2024,100,180,10,20,5,true,10,VERIFIED,EXTRACTED,VERIFIED,
Previous Years QPs/CV/CV QP2024.pdf,QPB-18CV643-2024-JUN-SEE,27,28,Alternate Building Materials,18CV643,6,CV,,SEE,JUN 2024,100,180,10,21,5,true,10,VERIFIED,EXTRACTED,VERIFIED,
Previous Years QPs/CV/CV QP2024.pdf,QPB-18CV72-2024-JUN-SEE,29,30,Design of RCC and Steel Structures,18CV72,7,CV,,SEE,JUN 2024,100,180,4,4,2,false,,VERIFIED_SPECIAL_FORMAT,EXTRACTED,VERIFIED_SPECIAL_FORMAT,
Previous Years QPs/CV/CV QP2024.pdf,QPB-18CV734-2024-JUN-SEE,31,32,Ground Water Hydraulics,18CV734,7,CV,,SEE,JUN 2024,100,180,10,22,5,true,10,VERIFIED,EXTRACTED,VERIFIED,
Previous Years QPs/CV/CV QP2024.pdf,QPB-18CV745-2024-JUN-SEE,33,34,Urban Transport Planning,18CV745,7,CV,,SEE,JUN 2024,100,180,10,22,5,true,10,VERIFIED,EXTRACTED,VERIFIED,
Previous Years QPs/CV/CV QP2024.pdf,QPB-18CV81-2024-JUN-SEE,35,36,Design of Pre-Stressed Concrete,18CV81,8,CV,,SEE,JUN 2024,100,180,10,19,5,true,10,VERIFIED,EXTRACTED,VERIFIED,
Previous Years QPs/CV/CV QP2024.pdf,QPB-18CV824-2024-JUN-SEE,37,38,Rehabilitation and Retrofitting,18CV824,8,CV,,SEE,JUN 2024,100,180,10,22,5,true,10,VERIFIED,EXTRACTED,VERIFIED,
Previous Years QPs/CV/CV QP2024.pdf,QPB-21CV32-2024-JUN-SEE,39,41,Geodetic Engineering,21CV32,3,CV,,SEE,JUN 2024,100,180,10,30,5,true,10,VERIFIED,EXTRACTED,VERIFIED,
Previous Years QPs/CV/CV QP2024.pdf,QPB-21CV33-2024-JUN-SEE,42,44,Strength of Materials,21CV33,3,CV,,SEE,JUN 2024,100,180,10,27,5,true,10,VERIFIED,EXTRACTED,VERIFIED,
Previous Years QPs/CV/CV QP2024.pdf,QPB-21CV42-2024-JUN-SEE,45,47,Fluid Mechanics and Hydraulics,21CV42,4,CV,,SEE,JUN 2024,100,180,10,30,5,true,10,VERIFIED,EXTRACTED,VERIFIED,
Previous Years QPs/CV/CV QP2024.pdf,QPB-21CV44-2024-JUN-SEE,48,51,Analysis of Structures,21CV44,4,CV,,SEE,JUN 2024,100,180,10,18,5,true,10,VERIFIED,EXTRACTED,VERIFIED,
Previous Years QPs/CV/CV QP2024.pdf,QPB-21CV485-2024-JUN-MODEL,52,57,Green Buildings,21CV485,4,CV,2021 Scheme,MODEL,JUN 2024,50,60,50,50,0,false,,VERIFIED_SPECIAL_FORMAT,EXTRACTED,VERIFIED_SPECIAL_FORMAT,DUPLICATE_Q:1/2/3/4
Previous Years QPs/CV/CV QP2024.pdf,QPB-21CV51-2024-JUN-SEE,58,59,Hydrology and Water Resources Engineering,21CV51,5,CV,,SEE,JUN 2024,100,180,10,30,5,true,10,VERIFIED,EXTRACTED,VERIFIED,
Previous Years QPs/CV/CV QP2024.pdf,QPB-21CV52-2024-JUN-SEE,60,61,Transportation Engineering,21CV52,5,CV,,SEE,JUN 2024,100,180,10,25,5,true,10,VERIFIED,EXTRACTED,VERIFIED,
Previous Years QPs/CV/CV QP2024.pdf,QPB-21CV53-2024-JUN-SEE,62,63,Design of RC Structural Elements,21CV53,5,CV,,SEE,JUN 2024,100,180,10,15,5,true,10,VERIFIED,EXTRACTED,VERIFIED,
Previous Years QPs/CV/CV QP2024.pdf,QPB-21CV54-2024-JUN-SEE,64,65,Geotechnical Engineering,21CV54,5,CV,,SEE,JUN 2024,100,180,10,26,5,true,10,VERIFIED,EXTRACTED,VERIFIED,
Previous Years QPs/CV/CV QP2024.pdf,QPB-21CV61-2024-JUN-SEE,66,67,Construction Management and Entrepreneurship,21CV61,6,CV,,SEE,JUN 2024,100,180,10,25,5,true,10,VERIFIED,EXTRACTED,VERIFIED,
Previous Years QPs/CV/CV QP2024.pdf,QPB-21CV62-2024-JUN-SEE,68,69,Concrete Technology,21CV62,6,CV,,SEE,JUN 2024,100,180,10,28,5,true,10,VERIFIED,EXTRACTED,VERIFIED,
Previous Years QPs/CV/CV QP2024.pdf,QPB-21CV63-2024-JUN-SEE,70,71,Design of Steel Structure,21CV63,6,CV,,SEE,JUN 2024,100,180,10,25,5,true,10,VERIFIED,EXTRACTED,VERIFIED,
Previous Years QPs/CV/CV QP2024.pdf,QPB-21CV646-2024-JUN-SEE,72,72,Alternative Building Materials,21CV646,6,CV,,SEE,JUN 2024,100,180,10,20,5,true,10,VERIFIED,EXTRACTED,VERIFIED,
Previous Years QPs/CV/CV QP2024.pdf,QPB-BESCK104A/BESCKA104-2024-JUN-SEE,73,75,Introduction to Civil Engineering,BESCK104A/BESCKA104,1,CV,,SEE,JUN 2024,100,180,10,20,5,true,10,VERIFIED,EXTRACTED,VERIFIED,
Previous Years QPs/CV/CV QP2024.pdf,QPB-BETCK105B/BETCB105-2024-JUN-SEE,76,76,Green Buildings,BETCK105B/BETCB105,1,CV,,SEE,JUN 2024,100,180,10,20,5,true,10,VERIFIED,EXTRACTED,VERIFIED,
Previous Years QPs/CV/CV QP2024.pdf,QPB-BBOK407-2024-JUN-SEE,77,78,Biology for Engineers,BBOK407,4,CV,,SEE,JUN 2024,100,180,10,20,5,true,10,VERIFIED,EXTRACTED,VERIFIED,
Previous Years QPs/CV/CV QP2024.pdf,QPB-BCIVC103/203-2024-JUN-SEE,79,83,Engineering Mechanics,BCIVC103/203,1,CV,,SEE,JUN 2024,100,180,10,30,5,true,10,VERIFIED,EXTRACTED,VERIFIED,
Previous Years QPs/CV/CV QP2024.pdf,QPB-BCV301-2024-JUN-SEE,84,86,Strength of Materials,BCV301,3,CV,,SEE,JUN 2024,100,180,10,21,5,true,10,VERIFIED,EXTRACTED,VERIFIED,
Previous Years QPs/CV/CV QP2024.pdf,QPB-BCV302-2024-JUN-SEE,87,88,Engineering Survey,BCV302,3,CV,,SEE,JUN 2024,100,180,10,26,5,true,10,VERIFIED,EXTRACTED,VERIFIED,
Previous Years QPs/CV/CV QP2024.pdf,QPB-BCV303-2024-JUN-SEE,89,90,Engineering Geology,BCV303,3,CV,,SEE,JUN 2024,100,180,10,27,5,true,10,VERIFIED,EXTRACTED,VERIFIED,
Previous Years QPs/CV/CV QP2024.pdf,QPB-BCV304-2024-JUN-SEE,91,92,Water Supply and Waste Water Engineering,BCV304,3,CV,,SEE,JUN 2024,100,180,10,20,5,true,10,VERIFIED,EXTRACTED,VERIFIED,
Previous Years QPs/CV/CV QP2024.pdf,QPB-BCV306C-2024-JUN-SEE,93,93,Sustainable Design Concept for Building services,BCV306C,3,CV,,SEE,JUN 2024,100,180,10,20,5,true,10,VERIFIED,EXTRACTED,VERIFIED,
Previous Years QPs/CV/CV QP2024.pdf,QPB-BCV401-2024-JUN-SEE,94,96,Analysis of Structures,BCV401,4,CV,,SEE,JUN 2024,100,180,10,16,5,true,10,VERIFIED,EXTRACTED,VERIFIED,
Previous Years QPs/CV/CV QP2024.pdf,QPB-BCV402-2024-JUN-SEE,97,99,Fluid Mechanics and Hydraulics,BCV402,4,CV,,SEE,JUN 2024,100,180,10,31,5,true,10,VERIFIED,EXTRACTED,VERIFIED,
Previous Years QPs/CV/CV QP2024.pdf,QPB-BCV403-2024-JUN-SEE,100,101,Transportation Engineering,BCV403,4,CV,,SEE,JUN 2024,100,180,10,24,5,true,10,VERIFIED,EXTRACTED,VERIFIED,
Previous Years QPs/CV/CV QP2024.pdf,QPB-BCV405C-2024-JUN-SEE,102,103,Concreting Techniques and Practices,BCV405C,4,CV,,SEE,JUN 2024,100,180,10,26,5,true,10,VERIFIED,EXTRACTED,VERIFIED,
Previous Years QPs/EC/2023 ECE Even sem.pdf,QPB-21BE45-2023-JUN-SEE,3,3,Biology for Engineers,21BE45,4,ECE,2021 Scheme,SEE,JUN 2023,100,180,10,30,5,true,10,VERIFIED,EXTRACTED,VERIFIED,
Previous Years QPs/EC/2023 ECE Even sem.pdf,QPB-21CIP37/21CIP47-2023-JUN-SEE,4,7,CONSTITUTION OF INDIA AND PROFESSIONAL ETHICS,21CIP37/21CIP47,4,ECE,2021 Scheme,SEE,JUN 2023,50,60,52,52,0,false,,VERIFIED_SPECIAL_FORMAT,EXTRACTED,VERIFIED_SPECIAL_FORMAT,DUPLICATE_Q:1/2/3/4/5
Previous Years QPs/EC/2023 ECE Even sem.pdf,QPB-21CIP37/21CIP47-2023-JUN-SEE,8,11,CONSTITUTION OF INDIA AND PROFESSIONAL ETHICS,21CIP37/21CIP47,4,ECE,2021 Scheme,SEE,JUN 2023,50,60,52,52,0,false,,VERIFIED_SPECIAL_FORMAT,EXTRACTED,VERIFIED_SPECIAL_FORMAT,DUPLICATE_Q:1/2/3/4/5
Previous Years QPs/EC/2023 ECE Even sem.pdf,QPB-21CIP37/21CIP47-2023-JUN-SEE,12,15,CONSTITUTION OF INDIA AND PROFESSIONAL ETHICS,21CIP37/21CIP47,4,ECE,2021 Scheme,SEE,JUN 2023,50,60,52,52,0,false,,VERIFIED_SPECIAL_FORMAT,EXTRACTED,VERIFIED_SPECIAL_FORMAT,DUPLICATE_Q:1/2/3/4/5
Previous Years QPs/EC/2023 ECE Even sem.pdf,QPB-21CIP37/21CIP47-2023-JUN-SEE,16,19,CONSTITUTION OF INDIA AND PROFESSIONAL ETHICS,21CIP37/21CIP47,4,ECE,2021 Scheme,SEE,JUN 2023,50,60,52,52,0,false,,VERIFIED_SPECIAL_FORMAT,EXTRACTED,VERIFIED_SPECIAL_FORMAT,DUPLICATE_Q:1/2/3/4/5
Previous Years QPs/EC/2023 ECE Even sem.pdf,QPB-21EC42-2023-JUN-SEE,20,21,Digital Signal Processing,21EC42,4,ECE,2021 Scheme,SEE,JUN 2023,100,180,10,29,5,true,10,VERIFIED,EXTRACTED,VERIFIED,
Previous Years QPs/EC/2023 ECE Even sem.pdf,QPB-21EC43-2023-JUN-SEE,22,24,Circuits and Controls,21EC43,4,ECE,2021 Scheme,SEE,JUN 2023,100,180,10,21,5,true,10,VERIFIED,EXTRACTED,VERIFIED,
Previous Years QPs/EC/2023 ECE Even sem.pdf,QPB-21EC44-2023-JUN-SEE,25,26,Communication Theory,21EC44,4,ECE,2021 Scheme,SEE,JUN 2023,100,180,10,28,5,true,10,VERIFIED,EXTRACTED,VERIFIED,
Previous Years QPs/EC/2023 ECE Even sem.pdf,QPB-21KBK47-2023-JUN-SEE,27,30,Balake Kannada,21KBK47,4,ECE,2021 Scheme,SEE,JUN 2023,50,60,52,52,0,false,,VERIFIED_SPECIAL_FORMAT,EXTRACTED,VERIFIED_SPECIAL_FORMAT,DUPLICATE_Q:1/2/3/4/5
Previous Years QPs/EC/2023 ECE Even sem.pdf,QPB-21KBK47-2023-JUN-SEE,31,34,Balake Kannada,21KBK47,4,ECE,2021 Scheme,SEE,JUN 2023,50,60,51,51,0,false,,VERIFIED_SPECIAL_FORMAT,EXTRACTED,VERIFIED_SPECIAL_FORMAT,DUPLICATE_Q:1/2/3/4/5
Previous Years QPs/EC/2023 ECE Even sem.pdf,QPB-21KBK47-2023-JUN-SEE,35,38,Balake Kannada,21KBK47,4,ECE,2021 Scheme,SEE,JUN 2023,50,60,52,52,0,false,,VERIFIED_SPECIAL_FORMAT,EXTRACTED,VERIFIED_SPECIAL_FORMAT,DUPLICATE_Q:1/2/3/4/5
Previous Years QPs/EC/2023 ECE Even sem.pdf,QPB-21KBK47-2023-JUN-SEE,39,42,Balake Kannada,21KBK47,4,ECE,2021 Scheme,SEE,JUN 2023,50,60,52,52,0,false,,VERIFIED_SPECIAL_FORMAT,EXTRACTED,VERIFIED_SPECIAL_FORMAT,DUPLICATE_Q:1/2/3/4/5
Previous Years QPs/EC/2023 ECE Even sem.pdf,QPB-21KSK47-2023-JUN-SEE,43,48,±ಾ ಾ ಸ ĂĦ ಕ ಕನ Ç ಡ - Samskruthika Kannada,21KSK47,,ECE,2021 Scheme,SEE,JUN 2023,50,60,14,54,0,false,,VERIFIED_SPECIAL_FORMAT,EXTRACTED,VERIFIED_SPECIAL_FORMAT,
Previous Years QPs/EC/2023 ECE Even sem.pdf,QPB-21KSK47-2023-JUN-SEE,49,54,±ಾ ಾ ಸ ĂĦ ಕ ಕನ Ç ಡ - Samskruthika Kannada,21KSK47,4,ECE,2021 Scheme,SEE,JUN 2023,50,60,14,55,0,false,,VERIFIED_SPECIAL_FORMAT,EXTRACTED,VERIFIED_SPECIAL_FORMAT,
Previous Years QPs/EC/2023 ECE Even sem.pdf,QPB-21KSK47-2023-JUN-SEE,55,61,±ಾ ಾ ಸ ĂĦ ಕ ಕನ Ç ಡ - Samskruthika Kannada,21KSK47,,ECE,2021 Scheme,SEE,JUN 2023,50,60,14,56,0,false,,VERIFIED_SPECIAL_FORMAT,EXTRACTED,VERIFIED_SPECIAL_FORMAT,
Previous Years QPs/EC/2023 ECE Even sem.pdf,QPB-21KSK47-2023-JUN-SEE,62,67,±ಾ ಾ ಸ ĂĦ ಕ ಕನ Ç ಡ - Samskruthika Kannada,21KSK47,4,ECE,2021 Scheme,SEE,JUN 2023,50,60,14,57,0,false,,VERIFIED_SPECIAL_FORMAT,EXTRACTED,VERIFIED_SPECIAL_FORMAT,
Previous Years QPs/EC/2023 ECE Even sem.pdf,QPB-21UH49-2023-JUN-SEE,68,71,Universal Human Values,21UH49,4,ECE,2021 Scheme,SEE,JUN 2023,50,60,52,52,0,false,,VERIFIED_SPECIAL_FORMAT,EXTRACTED,VERIFIED_SPECIAL_FORMAT,DUPLICATE_Q:1/2/3/4/5
Previous Years QPs/EC/2023 ECE Even sem.pdf,QPB-21UH49-2023-JUN-SEE,72,75,Universal Human Values,21UH49,4,ECE,2021 Scheme,SEE,JUN 2023,50,60,53,53,0,false,,VERIFIED_SPECIAL_FORMAT,EXTRACTED,VERIFIED_SPECIAL_FORMAT,DUPLICATE_Q:1/2/3/4/5
Previous Years QPs/EC/2023 ECE Even sem.pdf,QPB-21UH49-2023-JUN-SEE,76,79,Universal Human Values,21UH49,4,ECE,2021 Scheme,SEE,JUN 2023,50,60,52,52,0,false,,VERIFIED_SPECIAL_FORMAT,EXTRACTED,VERIFIED_SPECIAL_FORMAT,DUPLICATE_Q:1/2/3/4/5
Previous Years QPs/EC/2023 ECE Even sem.pdf,QPB-21UH49-2023-JUN-SEE,80,83,Universal Human Values,21UH49,4,ECE,2021 Scheme,SEE,JUN 2023,50,60,52,52,0,false,,VERIFIED_SPECIAL_FORMAT,EXTRACTED,VERIFIED_SPECIAL_FORMAT,DUPLICATE_Q:1/2/3/4/5
Previous Years QPs/EC/2023 ECE Even sem.pdf,QPB-18EC61-2023-JUN-SEE,84,85,Digital Communication,18EC61,6,ECE,2018 Scheme,SEE,JUN 2023,100,180,10,27,5,true,10,VERIFIED,EXTRACTED,VERIFIED,
Previous Years QPs/EC/2023 ECE Even sem.pdf,QPB-18EC62-2023-JUN-SEE,86,87,Embedded Systems,18EC62,6,ECE,2018 Scheme,SEE,JUN 2023,100,180,10,30,5,true,10,VERIFIED,EXTRACTED,VERIFIED,
Previous Years QPs/EC/2023 ECE Even sem.pdf,QPB-18EC63-2023-JUN-SEE,88,89,Microwave and Antenna,18EC63,6,ECE,2018 Scheme,SEE,JUN 2023,100,180,10,27,5,true,10,VERIFIED,EXTRACTED,VERIFIED,
Previous Years QPs/EC/2023 ECE Even sem.pdf,QPB-18EC644-2023-JUN-SEE,90,91,Digital System Design Using Verilog,18EC644,6,ECE,2018 Scheme,SEE,JUN 2023,100,180,10,17,5,true,10,VERIFIED,EXTRACTED,VERIFIED,
Previous Years QPs/EC/2023 ECE Even sem.pdf,QPB-18EC81-2023-JUN-SEE,92,93,Wireless and Cellular Communication,18EC81,8,ECE,2018 Scheme,SEE,JUN 2023,100,180,10,26,5,true,10,VERIFIED,EXTRACTED,VERIFIED,
Previous Years QPs/EC/2023 ECE Even sem.pdf,QPB-18EC821-2023-JUN-SEE,94,95,Network Security,18EC821,8,ECE,2018 Scheme,SEE,JUN 2023,100,180,10,23,5,true,10,VERIFIED,EXTRACTED,VERIFIED,
Previous Years QPs/EC/2023 ECE Odd sem.pdf,QPB-18ES51-2023-JAN-SEE,3,4,Technological Innovation Management and Entrepreneurship,18ES51,5,ECE,2018 Scheme,SEE,JAN 2023,100,180,10,30,5,true,10,VERIFIED,EXTRACTED,VERIFIED,
Previous Years QPs/EC/2023 ECE Odd sem.pdf,QPB-18EC52-2023-JAN-SEE,5,6,Digital Signal Processing,18EC52,5,ECE,2018 Scheme,SEE,JAN 2023,100,180,10,28,5,true,10,VERIFIED,EXTRACTED,VERIFIED,
Previous Years QPs/EC/2023 ECE Odd sem.pdf,QPB-18EC53-2023-JAN-SEE,7,8,Principles of Communication Systems,18EC53,5,ECE,2018 Scheme,SEE,JAN 2023,100,180,10,30,5,true,10,VERIFIED,EXTRACTED,VERIFIED,
Previous Years QPs/EC/2023 ECE Odd sem.pdf,QPB-18EC54-2023-JAN-SEE,9,12,Information Theory & Coding,18EC54,5,ECE,2018 Scheme,SEE,JAN 2023,100,180,10,23,5,true,10,VERIFIED,EXTRACTED,VERIFIED,
Previous Years QPs/EC/2023 ECE Odd sem.pdf,QPB-18EC55-2023-JAN-SEE,13,15,Electromagnetic Waves,18EC55,5,ECE,2018 Scheme,SEE,JAN 2023,100,180,10,36,5,true,10,VERIFIED,EXTRACTED,VERIFIED,
Previous Years QPs/EC/2023 ECE Odd sem.pdf,QPB-18EC56-2023-JAN-SEE,16,17,Verilog HDL,18EC56,5,ECE,2018 Scheme,SEE,JAN 2023,100,180,10,30,5,true,10,VERIFIED,EXTRACTED,VERIFIED,
Previous Years QPs/EC/2023 ECE Odd sem.pdf,QPB-18CIV59-2023-JAN-SEE,18,26,Environmental Studies (COMMON TO ALL BRANCHES),18CIV59,5,ECE,2018 Scheme,SEE,JAN 2023,100,120,51,51,0,false,,VERIFIED_SPECIAL_FORMAT,EXTRACTED,VERIFIED_SPECIAL_FORMAT,DUPLICATE_Q:1/2/3/4/5
Previous Years QPs/EC/2023 ECE Odd sem.pdf,QPB-18CIV59-2023-JAN-SEE,27,34,Environmental Studies (COMMON TO ALL BRANCHES),18CIV59,5,ECE,2018 Scheme,SEE,JAN 2023,100,120,51,51,0,false,,VERIFIED_SPECIAL_FORMAT,EXTRACTED,VERIFIED_SPECIAL_FORMAT,DUPLICATE_Q:1/2/3/4/5
Previous Years QPs/EC/2023 ECE Odd sem.pdf,QPB-18CIV59-2023-JAN-SEE,35,42,Environmental Studies (COMMON TO ALL BRANCHES),18CIV59,5,ECE,2018 Scheme,SEE,JAN 2023,100,120,51,51,0,false,,VERIFIED_SPECIAL_FORMAT,EXTRACTED,VERIFIED_SPECIAL_FORMAT,DUPLICATE_Q:1/2/3/4/5
Previous Years QPs/EC/2023 ECE Odd sem.pdf,QPB-18CIV59-2023-JAN-SEE,43,50,Environmental Studies (COMMON TO ALL BRANCHES),18CIV59,5,ECE,2018 Scheme,SEE,JAN 2023,100,120,51,51,0,false,,VERIFIED_SPECIAL_FORMAT,EXTRACTED,VERIFIED_SPECIAL_FORMAT,DUPLICATE_Q:1/2/3/4/5
Previous Years QPs/EC/2023 ECE Odd sem.pdf,QPB-18EC71-2023-JAN-SEE,51,52,Computer Networks,18EC71,7,ECE,2018 Scheme,SEE,JAN 2023,100,180,10,22,5,true,10,VERIFIED,EXTRACTED,VERIFIED,
Previous Years QPs/EC/2023 ECE Odd sem.pdf,QPB-18EC71-2023-JUN-SEE,53,54,Computer Networks,18EC71,7,ECE,2018 Scheme,SEE,JUN 2023,100,180,10,20,5,true,10,VERIFIED,EXTRACTED,VERIFIED,
Previous Years QPs/EC/2023 ECE Odd sem.pdf,QPB-18EC72-2023-JAN-SEE,55,56,VLSI Design,18EC72,7,ECE,2018 Scheme,SEE,JAN 2023,100,180,10,26,5,true,10,VERIFIED,EXTRACTED,VERIFIED,
Previous Years QPs/EC/2023 ECE Odd sem.pdf,QPB-18EC72-2023-JUN-SEE,57,58,VLSI Design,18EC72,7,ECE,2018 Scheme,SEE,JUN 2023,100,180,10,29,5,true,10,VERIFIED,EXTRACTED,VERIFIED,
Previous Years QPs/EC/2023 ECE Odd sem.pdf,QPB-18EC733-2023-JAN-SEE,59,60,Digital Image Processing,18EC733,7,ECE,2018 Scheme,SEE,JAN 2023,100,180,10,29,5,true,10,VERIFIED,EXTRACTED,VERIFIED,
Previous Years QPs/EC/2023 ECE Odd sem.pdf,QPB-18EC733-2023-JUN-SEE,61,62,Digital Image Processing,18EC733,7,ECE,2018 Scheme,SEE,JUN 2023,100,180,10,23,5,true,10,VERIFIED,EXTRACTED,VERIFIED,
Previous Years QPs/EC/2023 ECE Odd sem.pdf,QPB-18EC741-2023-JAN-SEE,63,64,IoT and Wireless Sensor Networks,18EC741,7,ECE,2018 Scheme,SEE,JAN 2023,100,180,10,30,5,true,10,VERIFIED,EXTRACTED,VERIFIED,
Previous Years QPs/EC/2023 ECE Odd sem.pdf,QPB-18EC741-2023-JUN-SEE,65,68,IOT and Wireless Sensor Networks,18EC741,7,ECE,2018 Scheme,SEE,JUN 2023,100,180,10,28,5,true,10,VERIFIED,EXTRACTED,VERIFIED,
Previous Years QPs/EC/2023 ECE Odd sem.pdf,QPB-21EC32-2023-JAN-SEE,69,70,Digital System Design using Verilog,21EC32,3,ECE,2021 Scheme,SEE,JAN 2023,100,180,10,29,5,true,10,VERIFIED,EXTRACTED,VERIFIED,
Previous Years QPs/EC/2023 ECE Odd sem.pdf,QPB-21EC33-2023-JAN-SEE,71,73,Basic Signal Processing,21EC33,3,ECE,2021 Scheme,SEE,JAN 2023,100,180,10,26,5,true,10,VERIFIED,EXTRACTED,VERIFIED,
Previous Years QPs/EC/2023 ECE Odd sem.pdf,QPB-21EC34-2023-JAN-SEE,74,76,Analog Electronic Circuits,21EC34,3,ECE,2021 Scheme,SEE,JAN 2023,100,180,10,23,5,true,10,VERIFIED,EXTRACTED,VERIFIED,
Previous Years QPs/EC/2023 ECE Odd sem.pdf,QPB-21CIP37-2023-JAN-SEE,77,80,CONSTITUTION OF INDIA AND PROFESSIONAL ETHICS,21CIP37,3,ECE,2021 Scheme,SEE,JAN 2023,50,60,52,52,0,false,,VERIFIED_SPECIAL_FORMAT,EXTRACTED,VERIFIED_SPECIAL_FORMAT,DUPLICATE_Q:1/2/3/4/5
Previous Years QPs/EC/2023 ECE Odd sem.pdf,QPB-21CIP37-2023-JAN-SEE,81,84,CONSTITUTION OF INDIA AND PROFESSIONAL ETHICS,21CIP37,3,ECE,2021 Scheme,SEE,JAN 2023,50,60,52,52,0,false,,VERIFIED_SPECIAL_FORMAT,EXTRACTED,VERIFIED_SPECIAL_FORMAT,DUPLICATE_Q:1/2/3/4/5
Previous Years QPs/EC/2023 ECE Odd sem.pdf,QPB-21CIP37-2023-JAN-SEE,85,88,CONSTITUTION OF INDIA AND PROFESSIONAL ETHICS,21CIP37,3,ECE,2021 Scheme,SEE,JAN 2023,50,60,52,52,0,false,,VERIFIED_SPECIAL_FORMAT,EXTRACTED,VERIFIED_SPECIAL_FORMAT,DUPLICATE_Q:1/2/3/4/5
Previous Years QPs/EC/2023 ECE Odd sem.pdf,QPB-21CIP37-2023-JAN-SEE,89,92,CONSTITUTION OF INDIA AND PROFESSIONAL ETHICS,21CIP37,3,ECE,2021 Scheme,SEE,JAN 2023,50,60,52,52,0,false,,VERIFIED_SPECIAL_FORMAT,EXTRACTED,VERIFIED_SPECIAL_FORMAT,DUPLICATE_Q:1/2/3/4/5
Previous Years QPs/EC/2024 ECE Odd sem.pdf,QPB-BEC302-2024-JAN-SEE,3,4,Digital System Design Using Verilog,BEC302,3,ECE,2022 Scheme,SEE,JAN 2024,100,180,10,23,5,true,10,VERIFIED,EXTRACTED,VERIFIED,
Previous Years QPs/EC/2024 ECE Odd sem.pdf,QPB-BEC303-2024-JAN-SEE,5,7,Electronic Principles and Circuits,BEC303,3,ECE,2022 Scheme,SEE,JAN 2024,100,180,10,31,5,true,10,VERIFIED,EXTRACTED,VERIFIED,
Previous Years QPs/EC/2024 ECE Odd sem.pdf,QPB-BEC304-2024-JAN-SEE,8,12,Network Analysis,BEC304,3,ECE,2022 Scheme,SEE,JAN 2024,100,180,10,29,5,true,10,VERIFIED,EXTRACTED,VERIFIED,
Previous Years QPs/EC/2024 ECE Odd sem.pdf,QPB-BMATEC301/BEC/BBM301-2024-JAN-SEE,13,15,AV Mathematics – III for EC/BM Engineering,BMATEC301/BEC/BBM301,3,ECE,2022 Scheme,SEE,JAN 2024,100,180,10,31,5,true,10,VERIFIED,EXTRACTED,VERIFIED,
Previous Years QPs/EC/2024 ECE Odd sem.pdf,QPB-21CIV57-2024-JAN-SEE,16,19,Environmental Studies,21CIV57,5,ECE,2021 Scheme,SEE,JAN 2024,50,60,52,52,0,false,,VERIFIED_SPECIAL_FORMAT,EXTRACTED,VERIFIED_SPECIAL_FORMAT,DUPLICATE_Q:1/2/3/4/5
Previous Years QPs/EC/2024 ECE Odd sem.pdf,QPB-21CIV57-2024-JAN-SEE,20,23,Environmental Studies,21CIV57,5,ECE,2021 Scheme,SEE,JAN 2024,50,60,4,4,0,false,,VERIFIED_SPECIAL_FORMAT,EXTRACTED,VERIFIED_SPECIAL_FORMAT,
Previous Years QPs/EC/2024 ECE Odd sem.pdf,QPB-21CIV57-2024-JAN-SEE,24,27,Environmental Studies,21CIV57,5,ECE,2021 Scheme,SEE,JAN 2024,50,60,4,4,0,false,,VERIFIED_SPECIAL_FORMAT,EXTRACTED,VERIFIED_SPECIAL_FORMAT,
Previous Years QPs/EC/2024 ECE Odd sem.pdf,QPB-21CIV57-2024-JAN-SEE,28,31,Environmental Studies,21CIV57,5,ECE,2021 Scheme,SEE,JAN 2024,50,60,4,4,0,false,,VERIFIED_SPECIAL_FORMAT,EXTRACTED,VERIFIED_SPECIAL_FORMAT,
Previous Years QPs/EC/2024 ECE Odd sem.pdf,QPB-21EC51-2024-JAN-SEE,32,34,Digital Communication,21EC51,5,ECE,2021 Scheme,SEE,JAN 2024,100,180,10,25,5,true,10,VERIFIED,EXTRACTED,VERIFIED,
Previous Years QPs/EC/2024 ECE Odd sem.pdf,QPB-21EC52-2024-JAN-SEE,35,36,Computer Organization and Arm Microcontrollers,21EC52,5,ECE,2021 Scheme,SEE,JAN 2024,100,180,10,28,5,true,10,VERIFIED,EXTRACTED,VERIFIED,
Previous Years QPs/EC/2024 ECE Odd sem.pdf,QPB-21EC53-2024-JAN-SEE,37,38,Computer Communication Networks,21EC53,5,ECE,2021 Scheme,SEE,JAN 2024,100,180,10,24,5,true,10,VERIFIED,EXTRACTED,VERIFIED,
Previous Years QPs/EC/2024 ECE Odd sem.pdf,QPB-21EC54-2024-JAN-SEE,39,40,Electromagnetic Waves,21EC54,5,ECE,2021 Scheme,SEE,JAN 2024,100,180,10,30,5,true,10,VERIFIED,EXTRACTED,VERIFIED,
Previous Years QPs/EC/2024 ECE Odd sem.pdf,QPB-18EC71-2024-JAN-SEE,41,42,Computer Networks,18EC71,7,ECE,2018 Scheme,SEE,JAN 2024,100,180,10,27,5,true,10,VERIFIED,EXTRACTED,VERIFIED,
Previous Years QPs/EC/2024 ECE Odd sem.pdf,QPB-18EC72-2024-JAN-SEE,43,44,VLSI Design,18EC72,7,ECE,2018 Scheme,SEE,JAN 2024,100,180,10,27,5,true,10,VERIFIED,EXTRACTED,VERIFIED,
Previous Years QPs/EC/2024 ECE Odd sem.pdf,QPB-18EC733-2024-JAN-SEE,45,47,Digital Image Processing,18EC733,7,ECE,2018 Scheme,SEE,JAN 2024,100,180,10,27,5,true,10,VERIFIED,EXTRACTED,VERIFIED,
Previous Years QPs/EC/2024 ECE Odd sem.pdf,QPB-18EC741-2024-JAN-SEE,48,49,IOT and Wireless Sensor Networks,18EC741,7,ECE,2018 Scheme,SEE,JAN 2024,100,180,10,20,5,true,10,VERIFIED,EXTRACTED,VERIFIED,
Previous Years QPs/EC/2024 ECE Odd sem.pdf,QPB-18EC743-2024-JAN-SEE,50,51,Multimedia Communication,18EC743,7,ECE,2018 Scheme,SEE,JAN 2024,100,180,10,22,5,true,10,VERIFIED,EXTRACTED,VERIFIED,
Previous Years QPs/EC/EC 2023-24.pdf,QPB-BEC302-2024-JAN-SEE,3,4,Digital System Design Using Verilog,BEC302,3,ECE,,SEE,JAN 2024,100,180,10,22,5,true,10,VERIFIED,EXTRACTED,VERIFIED,
Previous Years QPs/EC/EC 2023-24.pdf,QPB-BEC303-2024-JAN-SEE,5,7,Electronic Principles and Circuits,BEC303,3,ECE,,SEE,JAN 2024,100,180,10,31,5,true,10,VERIFIED,EXTRACTED,VERIFIED,
Previous Years QPs/EC/EC 2023-24.pdf,QPB-BEC304-2024-JAN-SEE,8,12,Network Analysis,BEC304,3,ECE,,SEE,JAN 2024,100,180,10,28,5,true,10,VERIFIED,EXTRACTED,VERIFIED,
Previous Years QPs/EC/EC 2023-24.pdf,QPB-BMATEC301/BEC/BBM301-2024-JAN-SEE,13,15,AV Mathematics – III for EC/BM Engineering,BMATEC301/BEC/BBM301,3,ECE,,SEE,JAN 2024,100,180,10,31,5,true,10,VERIFIED,EXTRACTED,VERIFIED,
Previous Years QPs/EC/EC 2023-24.pdf,QPB-21CIV57-2024-JAN-SEE,16,19,Environmental Studies,21CIV57,5,ECE,2021 Scheme,SEE,JAN 2024,50,60,52,52,0,false,,VERIFIED_SPECIAL_FORMAT,EXTRACTED,VERIFIED_SPECIAL_FORMAT,DUPLICATE_Q:1/2/3/4/5
Previous Years QPs/EC/EC 2023-24.pdf,QPB-21CIV57-2024-JAN-SEE,20,23,Environmental Studies,21CIV57,5,ECE,2021 Scheme,SEE,JAN 2024,50,60,4,4,0,false,,VERIFIED_SPECIAL_FORMAT,EXTRACTED,VERIFIED_SPECIAL_FORMAT,
Previous Years QPs/EC/EC 2023-24.pdf,QPB-21CIV57-2024-JAN-SEE,24,27,Environmental Studies,21CIV57,5,ECE,2021 Scheme,SEE,JAN 2024,50,60,4,4,0,false,,VERIFIED_SPECIAL_FORMAT,EXTRACTED,VERIFIED_SPECIAL_FORMAT,
Previous Years QPs/EC/EC 2023-24.pdf,QPB-21CIV57-2024-JAN-SEE,28,31,Environmental Studies,21CIV57,5,ECE,2021 Scheme,SEE,JAN 2024,50,60,4,4,0,false,,VERIFIED_SPECIAL_FORMAT,EXTRACTED,VERIFIED_SPECIAL_FORMAT,
Previous Years QPs/EC/EC 2023-24.pdf,QPB-21EC51-2024-JAN-SEE,32,34,Digital Communication,21EC51,5,ECE,,SEE,JAN 2024,100,180,10,25,5,true,10,VERIFIED,EXTRACTED,VERIFIED,
Previous Years QPs/EC/EC 2023-24.pdf,QPB-21EC52-2024-JAN-SEE,35,36,Computer Organization and Arm Microcontrollers,21EC52,5,ECE,,SEE,JAN 2024,100,180,10,28,5,true,10,VERIFIED,EXTRACTED,VERIFIED,
Previous Years QPs/EC/EC 2023-24.pdf,QPB-21EC53-2024-JAN-SEE,37,38,Computer Communication Networks,21EC53,5,ECE,,SEE,JAN 2024,100,180,10,24,5,true,10,VERIFIED,EXTRACTED,VERIFIED,
Previous Years QPs/EC/EC 2023-24.pdf,QPB-21EC54-2024-JAN-SEE,39,40,Electromagnetic Waves,21EC54,5,ECE,,SEE,JAN 2024,100,180,10,30,5,true,10,VERIFIED,EXTRACTED,VERIFIED,
Previous Years QPs/EC/EC 2023-24.pdf,QPB-18EC71-2024-JAN-SEE,41,42,Computer Networks,18EC71,7,ECE,,SEE,JAN 2024,100,180,10,27,5,true,10,VERIFIED,EXTRACTED,VERIFIED,
Previous Years QPs/EC/EC 2023-24.pdf,QPB-18EC72-2024-JAN-SEE,43,44,VLSI Design,18EC72,7,ECE,,SEE,JAN 2024,100,180,10,27,5,true,10,VERIFIED,EXTRACTED,VERIFIED,
Previous Years QPs/EC/EC 2023-24.pdf,QPB-18EC733-2024-JAN-SEE,45,47,Digital Image Processing,18EC733,7,ECE,,SEE,JAN 2024,100,180,10,27,5,true,10,VERIFIED,EXTRACTED,VERIFIED,
Previous Years QPs/EC/EC 2023-24.pdf,QPB-18EC741-2024-JAN-SEE,48,49,IOT and Wireless Sensor Networks,18EC741,7,ECE,,SEE,JAN 2024,100,180,10,20,5,true,10,VERIFIED,EXTRACTED,VERIFIED,
Previous Years QPs/EC/EC 2023-24.pdf,QPB-18EC743-2024-JAN-SEE,50,51,Multimedia Communication,18EC743,7,ECE,,SEE,JAN 2024,100,180,10,22,5,true,10,VERIFIED,EXTRACTED,VERIFIED,
Previous Years QPs/EC/EC QP Merged june-july 2024.pdf,QPB-18EC32-2024-JUN-SEE,4,7,Network Theory,18EC32,3,ECE,,SEE,JUN 2024,100,180,10,21,5,true,10,VERIFIED,EXTRACTED,VERIFIED,
Previous Years QPs/EC/EC QP Merged june-july 2024.pdf,QPB-18EC34-2024-JUN-SEE,8,9,Digital System Design,18EC34,3,ECE,,SEE,JUN 2024,100,180,10,28,5,true,10,VERIFIED,EXTRACTED,VERIFIED,
Previous Years QPs/EC/EC QP Merged june-july 2024.pdf,QPB-18EC42-2024-JUN-SEE,10,11,Analog Circuits,18EC42,4,ECE,,SEE,JUN 2024,100,180,10,29,5,true,10,VERIFIED,EXTRACTED,VERIFIED,
Previous Years QPs/EC/EC QP Merged june-july 2024.pdf,QPB-18EC43-2024-JUN-SEE,12,14,Control Systems,18EC43,4,ECE,,SEE,JUN 2024,100,180,10,23,5,true,10,VERIFIED,EXTRACTED,VERIFIED,
Previous Years QPs/EC/EC QP Merged june-july 2024.pdf,QPB-18EC52-2024-JUN-SEE,15,16,Digital Signal Processing,18EC52,5,ECE,,SEE,JUN 2024,100,180,10,27,5,true,10,VERIFIED,EXTRACTED,VERIFIED,
Previous Years QPs/EC/EC QP Merged june-july 2024.pdf,QPB-18EC53-2024-JUN-SEE,17,18,Principles of Communication Systems,18EC53,5,ECE,,SEE,JUN 2024,100,180,10,29,5,true,10,VERIFIED,EXTRACTED,VERIFIED,
Previous Years QPs/EC/EC QP Merged june-july 2024.pdf,QPB-18EC55-2024-JUN-SEE,19,20,Electromagnetic Waves,18EC55,5,ECE,,SEE,JUN 2024,100,180,10,30,5,true,10,VERIFIED,EXTRACTED,VERIFIED,
Previous Years QPs/EC/EC QP Merged june-july 2024.pdf,QPB-18EC731-2024-JUN-SEE,21,22,Real Time Systems,18EC731,7,ECE,,SEE,JUN 2024,100,180,10,25,5,true,10,VERIFIED,EXTRACTED,VERIFIED,
Previous Years QPs/EC/EC QP Merged june-july 2024.pdf,QPB-18EC81-2024-JUN-SEE,23,23,Wireless and Cellular Communication,18EC81,8,ECE,,SEE,JUN 2024,100,180,10,22,5,true,10,VERIFIED,EXTRACTED,VERIFIED,
Previous Years QPs/EC/EC QP Merged june-july 2024.pdf,QPB-18EC821-2024-JUN-SEE,24,25,Network Security,18EC821,8,ECE,,SEE,JUN 2024,100,180,10,26,5,true,10,VERIFIED,EXTRACTED,VERIFIED,
Previous Years QPs/EC/EC QP Merged june-july 2024.pdf,QPB-21ELE13/23-2024-JUN-SEE,26,27,Basic Electrical Engineering,21ELE13/23,1,ECE,,SEE,JUN 2024,100,180,10,30,5,true,10,VERIFIED,EXTRACTED,VERIFIED,
Previous Years QPs/EC/EC QP Merged june-july 2024.pdf,QPB-21ELN14/24-2024-JUN-SEE,28,29,Basic Electronics and Communication Engineering,21ELN14/24,1,ECE,,SEE,JUN 2024,100,180,10,30,5,true,10,VERIFIED,EXTRACTED,VERIFIED,
Previous Years QPs/EC/EC QP Merged june-july 2024.pdf,QPB-21EC32-2024-JUN-SEE,30,31,Digital System Design using Verilog,21EC32,3,ECE,,SEE,JUN 2024,100,180,10,30,5,true,10,VERIFIED,EXTRACTED,VERIFIED,
Previous Years QPs/EC/EC QP Merged june-july 2024.pdf,QPB-21EC33-2024-JUN-SEE,32,33,Basic Signal Processing,21EC33,3,ECE,,SEE,JUN 2024,100,180,10,32,5,true,10,VERIFIED,EXTRACTED,VERIFIED,
Previous Years QPs/EC/EC QP Merged june-july 2024.pdf,QPB-21EC42-2024-JUN-SEE,34,35,Digital Signal Processing,21EC42,4,ECE,,SEE,JUN 2024,100,180,10,25,5,true,10,VERIFIED,EXTRACTED,VERIFIED,
Previous Years QPs/EC/EC QP Merged june-july 2024.pdf,QPB-21EC44-2024-JUN-SEE,36,37,Communication Theory,21EC44,4,ECE,,SEE,JUN 2024,100,180,10,29,5,true,10,VERIFIED,EXTRACTED,VERIFIED,
Previous Years QPs/EC/EC QP Merged june-july 2024.pdf,QPB-21EC51-2024-JUN-SEE,38,39,Digital Communication,21EC51,5,ECE,,SEE,JUN 2024,100,180,10,21,5,true,10,VERIFIED,EXTRACTED,VERIFIED,
Previous Years QPs/EC/EC QP Merged june-july 2024.pdf,QPB-21RMI56-2024-JUN-SEE,40,40,Research Methodology and Intellectual Property Rights,21RMI56,5,ECE,,SEE,JUN 2024,100,180,10,20,5,true,10,VERIFIED,EXTRACTED,VERIFIED,
Previous Years QPs/EC/EC QP Merged june-july 2024.pdf,QPB-21RMI56-2024-JUN-SEE,41,42,Technological Innovation Management & Entrepreneurship,21RMI56,6,ECE,,SEE,JUN 2024,100,180,10,24,5,true,10,VERIFIED,EXTRACTED,VERIFIED,
Previous Years QPs/EC/EC QP Merged june-july 2024.pdf,QPB-21EC62-2024-JUN-SEE,43,44,Microwave Theory and Antennas,21EC62,6,ECE,,SEE,JUN 2024,100,180,10,20,5,true,10,VERIFIED,EXTRACTED,VERIFIED,
Previous Years QPs/EC/EC QP Merged june-july 2024.pdf,QPB-21EC63-2024-JUN-SEE,45,46,VLSI Design and Testing,21EC63,6,ECE,,SEE,JUN 2024,100,180,10,29,5,true,10,VERIFIED,EXTRACTED,VERIFIED,
Previous Years QPs/EC/EC QP Merged june-july 2024.pdf,QPB-21EC642-2024-JUN-SEE,47,48,Cryptography,21EC642,6,ECE,,SEE,JUN 2024,100,180,10,29,5,true,10,VERIFIED,EXTRACTED,VERIFIED,
Previous Years QPs/EC/EC QP Merged june-july 2024.pdf,QPB-BBEE103/203-2024-JUN-SEE,49,50,Basic Electronics for EEE Stream,BBEE103/203,1,ECE,,SEE,JUN 2024,100,180,10,30,5,true,10,VERIFIED,EXTRACTED,VERIFIED,
Previous Years QPs/EC/EC QP Merged june-july 2024.pdf,QPB-BMATEC301/BBM301-2024-JUN-SEE,51,53,AV Mathematics – III for EC/BM Engineering,BMATEC301/BBM301,3,ECE,,SEE,JUN 2024,100,180,10,33,5,true,10,VERIFIED,EXTRACTED,VERIFIED,
Previous Years QPs/EC/EC QP Merged june-july 2024.pdf,QPB-BEC302-2024-JUN-SEE,54,56,Digital System Design using Verilog,BEC302,3,ECE,,SEE,JUN 2024,100,180,10,40,5,true,10,VERIFIED,EXTRACTED,VERIFIED,
Previous Years QPs/EC/EC QP Merged june-july 2024.pdf,QPB-BEC303-2024-JUN-SEE,57,57,Electronic Principles and Circuits,BEC303,3,ECE,,SEE,JUN 2024,100,180,10,20,5,true,10,VERIFIED,EXTRACTED,VERIFIED,
Previous Years QPs/EC/EC QP Merged june-july 2024.pdf,QPB-BEC304-2024-JUN-SEE,58,62,Network Analysis,BEC304,3,ECE,,SEE,JUN 2024,100,180,10,23,5,true,10,VERIFIED,EXTRACTED,VERIFIED,
Previous Years QPs/EC/EC QP Merged june-july 2024.pdf,QPB-BEC306C-2024-JUN-SEE,63,64,Computer Organization and Architecture,BEC306C,3,ECE,,SEE,JUN 2024,100,180,10,26,5,true,10,VERIFIED,EXTRACTED,VERIFIED,
Previous Years QPs/EC/EC QP Merged june-july 2024.pdf,QPB-BEC401-2024-JUN-SEE,65,67,Electromagnetics Theory,BEC401,4,ECE,,SEE,JUN 2024,100,180,10,32,5,true,10,VERIFIED,EXTRACTED,VERIFIED,
Previous Years QPs/EC/EC QP Merged june-july 2024.pdf,QPB-BEC402-2024-JUN-SEE,68,69,Principles of Communication Systems,BEC402,4,ECE,,SEE,JUN 2024,100,180,10,30,5,true,10,VERIFIED,EXTRACTED,VERIFIED,
Previous Years QPs/EC/EC QP Merged june-july 2024.pdf,QPB-BEC403-2024-JUN-SEE,70,74,Control Systems,BEC403,4,ECE,,SEE,JUN 2024,100,180,10,28,5,true,10,VERIFIED,EXTRACTED,VERIFIED,
Previous Years QPs/EC/EC QP Merged june-july 2024.pdf,QPB-BEC405A-2024-JUN-SEE,75,76,Microcontrollers,BEC405A,4,ECE,,SEE,JUN 2024,100,180,10,24,5,true,10,VERIFIED,EXTRACTED,VERIFIED,
Previous Years QPs/EC/EC QP Merged june-july 2024.pdf,QPB-BMATEC301/BBM301-2024-JUN-SEE,77,79,AV Mathematics – III for EC/BM Engineering,BMATEC301/BBM301,3,ECE,,SEE,JUN 2024,100,180,10,33,5,true,10,VERIFIED,EXTRACTED,VERIFIED,
Previous Years QPs/EC/EC QP Merged june-july 2024.pdf,QPB-BBOK407-2024-JUN-SEE,80,81,Biology for Engineers,BBOK407,4,ECE,,SEE,JUN 2024,100,180,10,20,5,true,10,VERIFIED,EXTRACTED,VERIFIED,
Previous Years QPs/EC/EC- Dec-jan 2024.pdf,QPB-21EC33-2025-JAN-SEE,4,6,Basic Signal Processing,21EC33,3,ECE,,SEE,JAN 2025,100,180,10,25,5,true,10,VERIFIED,EXTRACTED,VERIFIED,
Previous Years QPs/EC/EC- Dec-jan 2024.pdf,QPB-21EC42-2025-JAN-SEE,7,8,Digital Signal Processing,21EC42,4,ECE,,SEE,JAN 2025,100,180,10,24,5,true,10,VERIFIED,EXTRACTED,VERIFIED,
Previous Years QPs/EC/EC- Dec-jan 2024.pdf,QPB-21EC43-2025-JAN-SEE,9,12,Circuits and Controls,21EC43,4,ECE,,SEE,JAN 2025,100,180,10,27,5,true,10,VERIFIED,EXTRACTED,VERIFIED,
Previous Years QPs/EC/EC- Dec-jan 2024.pdf,QPB-21EC52-2025-JAN-SEE,13,13,Computer Organization and ARM Microcontrollers,21EC52,5,ECE,,SEE,JAN 2025,100,180,10,23,5,true,10,VERIFIED,EXTRACTED,VERIFIED,
Previous Years QPs/EC/EC- Dec-jan 2024.pdf,QPB-21EC54-2025-JAN-SEE,14,16,Electromagnetic Waves,21EC54,5,ECE,,SEE,JAN 2025,100,180,10,31,5,true,10,VERIFIED,EXTRACTED,VERIFIED,
Previous Years QPs/EC/EC- Dec-jan 2024.pdf,QPB-21EC62-2025-JAN-SEE,17,18,Technological Innovation Management and Entrepreneurship,21EC62,6,ECE,,SEE,JAN 2025,100,180,10,23,5,true,10,VERIFIED,EXTRACTED,VERIFIED,
Previous Years QPs/EC/EC- Dec-jan 2024.pdf,QPB-21EC62-2025-JAN-SEE,19,20,Microwave Theory and Antennas,21EC62,6,ECE,,SEE,JAN 2025,100,180,10,30,5,true,10,VERIFIED,EXTRACTED,VERIFIED,
Previous Years QPs/EC/EC- Dec-jan 2024.pdf,QPB-21EC63-2025-JAN-SEE,21,22,VLSI Design and Testing,21EC63,6,ECE,,SEE,JAN 2025,100,180,10,28,5,true,10,VERIFIED,EXTRACTED,VERIFIED,
Previous Years QPs/EC/EC- Dec-jan 2024.pdf,QPB-21EC642-2025-JAN-SEE,23,24,Cryptography,21EC642,6,ECE,,SEE,JAN 2025,100,180,10,20,5,true,10,VERIFIED,EXTRACTED,VERIFIED,
Previous Years QPs/EC/EC- Dec-jan 2024.pdf,QPB-21EC71-2025-JAN-SEE,25,26,Advanced VLSI,21EC71,7,ECE,,SEE,JAN 2025,100,180,10,23,5,true,10,VERIFIED,EXTRACTED,VERIFIED,
Previous Years QPs/EC/EC- Dec-jan 2024.pdf,QPB-21EC72-2025-JAN-SEE,27,28,Optical and Wireless Communication,21EC72,7,ECE,,SEE,JAN 2025,100,180,10,24,5,true,10,VERIFIED,EXTRACTED,VERIFIED,
Previous Years QPs/EC/EC- Dec-jan 2024.pdf,QPB-21EC732-2025-JAN-SEE,29,30,Digital Image Processing,21EC732,7,ECE,,SEE,JAN 2025,100,180,10,30,5,true,10,VERIFIED,EXTRACTED,VERIFIED,
Previous Years QPs/EC/EC- Dec-jan 2024.pdf,QPB-21EC742-2025-JAN-SEE,31,32,Network Security,21EC742,7,ECE,,SEE,JAN 2025,100,180,10,22,5,true,10,VERIFIED,EXTRACTED,VERIFIED,
Previous Years QPs/EC/EC- Dec-jan 2024.pdf,QPB-BMATEC301/BEC301/BBM301-2025-JAN-SEE,33,35,AV Mathematics III for EC/ BM Engineering,BMATEC301/BEC301/BBM301,3,ECE,,SEE,JAN 2025,100,180,10,31,5,true,10,VERIFIED,EXTRACTED,VERIFIED,
Previous Years QPs/EC/EC- Dec-jan 2024.pdf,QPB-BEC302-2025-JAN-SEE,36,37,Digital System Design using Verilog,BEC302,3,ECE,,SEE,JAN 2025,100,180,10,26,5,true,10,VERIFIED,EXTRACTED,VERIFIED,
Previous Years QPs/EC/EC- Dec-jan 2024.pdf,QPB-BEC303-2025-JAN-SEE,38,39,Electronic Principles and Circuits,BEC303,3,ECE,,SEE,JAN 2025,100,180,10,22,5,true,10,VERIFIED,EXTRACTED,VERIFIED,
Previous Years QPs/EC/EC- Dec-jan 2024.pdf,QPB-BEC304-2025-JAN-SEE,40,44,Network Analysis,BEC304,3,ECE,,SEE,JAN 2025,100,180,10,27,5,true,10,VERIFIED,EXTRACTED,VERIFIED,
Previous Years QPs/EC/EC- Dec-jan 2024.pdf,QPB-BEC306C-2025-JAN-SEE,45,45,Computer Organization and Architecture,BEC306C,3,ECE,,SEE,JAN 2025,100,180,10,24,5,true,10,VERIFIED,EXTRACTED,VERIFIED,
Previous Years QPs/EC/EC- Dec-jan 2024.pdf,QPB-BEC401-2025-JAN-SEE,46,48,Electromagnetic Theory,BEC401,4,ECE,,SEE,JAN 2025,100,180,10,34,5,true,10,VERIFIED,EXTRACTED,VERIFIED,
Previous Years QPs/EC/EC- Dec-jan 2024.pdf,QPB-BEC402-2025-JAN-SEE,49,50,Principles of Communication Systems,BEC402,4,ECE,,SEE,JAN 2025,100,180,10,30,5,true,10,VERIFIED,EXTRACTED,VERIFIED,
Previous Years QPs/EC/EC- Dec-jan 2024.pdf,QPB-BEC403-2025-JAN-SEE,51,54,Control Systems,BEC403,4,ECE,,SEE,JAN 2025,100,180,10,26,5,true,10,VERIFIED,EXTRACTED,VERIFIED,
Previous Years QPs/EC/EC- Dec-jan 2024.pdf,QPB-BEC405A-2025-JAN-SEE,55,56,Microcontrollers,BEC405A,4,ECE,,SEE,JAN 2025,100,180,10,28,5,true,10,VERIFIED,EXTRACTED,VERIFIED,
Previous Years QPs/EC/EC- Dec-jan 2024.pdf,QPB-BBOK407-2025-JAN-SEE,57,58,Biology for Engineers,BBOK407,4,ECE,,SEE,JAN 2025,100,180,10,30,5,true,10,VERIFIED,EXTRACTED,VERIFIED,
Previous Years QPs/EC/EC- Dec-jan 2024.pdf,QPB-BUHK408-2025-JAN-SEE,59,62,Universal Human Values,BUHK408,4,ECE,2022 Scheme,SEE,JAN 2025,50,60,52,52,0,false,,VERIFIED_SPECIAL_FORMAT,EXTRACTED,VERIFIED_SPECIAL_FORMAT,DUPLICATE_Q:1/2/3/4/5
Previous Years QPs/EC/EC- Dec-jan 2024.pdf,QPB-BEC501-2025-JAN-SEE,63,63,Technological Innovation and Management Entrepreneurship,BEC501,5,ECE,,SEE,JAN 2025,100,180,10,20,5,true,10,VERIFIED,EXTRACTED,VERIFIED,
Previous Years QPs/EC/EC- Dec-jan 2024.pdf,QPB-BEC502-2025-JAN-SEE,64,65,Digital Signal Processing,BEC502,5,ECE,,SEE,JAN 2025,100,180,10,33,5,true,10,VERIFIED,EXTRACTED,VERIFIED,
Previous Years QPs/EC/EC- Dec-jan 2024.pdf,QPB-BEC503-2025-JAN-SEE,66,67,Digital Communication,BEC503,5,ECE,,SEE,JAN 2025,100,180,10,26,5,true,10,VERIFIED,EXTRACTED,VERIFIED,
Previous Years QPs/EC/EC- Dec-jan 2024.pdf,QPB-BEC515D-2025-JAN-SEE,68,69,Satellite and Optical Communication,BEC515D,5,ECE,,SEE,JAN 2025,100,180,10,20,5,true,10,VERIFIED,EXTRACTED,VERIFIED,
Previous Years QPs/EC/EC- Dec-jan 2024.pdf,QPB-BESK508-2025-JAN-SEE,70,73,Environmental Studies,BESK508,5,ECE,2022 Scheme,SEE,JAN 2025,50,60,52,52,0,false,,VERIFIED_SPECIAL_FORMAT,EXTRACTED,VERIFIED_SPECIAL_FORMAT,DUPLICATE_Q:1/2/3/4/5
Previous Years QPs/EC/EC- Dec-jan 2024.pdf,QPB-BESK508-2025-JAN-SEE,74,77,Environmental Studies,BESK508,5,ECE,2022 Scheme,SEE,JAN 2025,50,60,52,52,0,false,,VERIFIED_SPECIAL_FORMAT,EXTRACTED,VERIFIED_SPECIAL_FORMAT,DUPLICATE_Q:1/2/3/4/5
Previous Years QPs/EC/EC- Dec-jan 2024.pdf,QPB-BESK508-2025-JAN-SEE,78,81,Environmental Studies,BESK508,5,ECE,2022 Scheme,SEE,JAN 2025,50,60,52,52,0,false,,VERIFIED_SPECIAL_FORMAT,EXTRACTED,VERIFIED_SPECIAL_FORMAT,DUPLICATE_Q:1/2/3/4/5
Previous Years QPs/EC/EC- Dec-jan 2024.pdf,QPB-BESK508-2025-JAN-SEE,82,85,Environmental Studies,BESK508,5,ECE,2022 Scheme,SEE,JAN 2025,50,60,52,52,0,false,,VERIFIED_SPECIAL_FORMAT,EXTRACTED,VERIFIED_SPECIAL_FORMAT,DUPLICATE_Q:1/2/3/4/5
Previous Years QPs/EC/EC- Dec-jan 2024.pdf,QPB-BRMK557-2025-JAN-SEE,86,87,Research Methodology and IPR,BRMK557,5,ECE,,SEE,JAN 2025,100,180,10,20,5,true,10,VERIFIED,EXTRACTED,VERIFIED,
Previous Years QPs/EC/EC_Even.pdf,QPB-BBOK407-2025-JAN-SEE,3,4,Biology for Engineers,BBOK407,4,ECE,,SEE,JAN 2025,100,180,10,30,5,true,10,VERIFIED,EXTRACTED,VERIFIED,
Previous Years QPs/EC/EC_Even.pdf,QPB-BEC401-2025-JAN-SEE,5,7,Electromagnetic Theory,BEC401,4,ECE,,SEE,JAN 2025,100,180,10,34,5,true,10,VERIFIED,EXTRACTED,VERIFIED,
Previous Years QPs/EC/EC_Even.pdf,QPB-BEC402-2025-JAN-SEE,8,9,Principles of Communication Systems,BEC402,4,ECE,,SEE,JAN 2025,100,180,10,30,5,true,10,VERIFIED,EXTRACTED,VERIFIED,
Previous Years QPs/EC/EC_Even.pdf,QPB-BEC403-2025-JAN-SEE,10,13,Control Systems,BEC403,4,ECE,,SEE,JAN 2025,100,180,10,26,5,true,10,VERIFIED,EXTRACTED,VERIFIED,
Previous Years QPs/EC/EC_Even.pdf,QPB-BUHK408-2025-JAN-SEE,14,17,Universal Human Values,BUHK408,4,ECE,2022 Scheme,SEE,JAN 2025,50,60,52,52,0,false,,VERIFIED_SPECIAL_FORMAT,EXTRACTED,VERIFIED_SPECIAL_FORMAT,DUPLICATE_Q:1/2/3/4/5
Previous Years QPs/EC/EC_Even.pdf,QPB-21EC62-2025-JAN-SEE,18,19,Technological Innovation Management and Entrepreneurship,21EC62,6,ECE,,SEE,JAN 2025,100,180,10,23,5,true,10,VERIFIED,EXTRACTED,VERIFIED,
Previous Years QPs/EC/EC_Even.pdf,QPB-21EC62-2025-JAN-SEE,20,21,Microwave Theory and Antennas,21EC62,6,ECE,,SEE,JAN 2025,100,180,10,30,5,true,10,VERIFIED,EXTRACTED,VERIFIED,
Previous Years QPs/EC/EC_Even.pdf,QPB-21EC63-2025-JAN-SEE,22,23,VLSI Design and Testing,21EC63,6,ECE,,SEE,JAN 2025,100,180,10,28,5,true,10,VERIFIED,EXTRACTED,VERIFIED,
Previous Years QPs/EC/EC_Even.pdf,QPB-21EC641-2025-JAN-SEE,24,25,Artificial Neural Networks,21EC641,6,ECE,,SEE,JAN 2025,100,180,10,25,5,true,10,VERIFIED,EXTRACTED,VERIFIED,
Previous Years QPs/EC/EC_Even.pdf,QPB-21EC643-2025-JAN-SEE,26,27,Python Programming,21EC643,6,ECE,,SEE,JAN 2025,100,180,10,30,5,true,10,VERIFIED,EXTRACTED,VERIFIED,
Previous Years QPs/EC/EC_Even.pdf,QPB-21MAT655-2025-JAN-SEE,28,29,Advanced Linear Algebra,21MAT655,6,ECE,,SEE,JAN 2025,100,180,10,28,5,true,10,VERIFIED,EXTRACTED,VERIFIED,
Previous Years QPs/EC/EC_Even.pdf,QPB-18EC42-2025-JAN-SEE,30,31,Analog Circuits,18EC42,4,ECE,,SEE,JAN 2025,100,180,10,24,5,true,10,VERIFIED,EXTRACTED,VERIFIED,
Previous Years QPs/EC/EC_Even.pdf,QPB-18EC43-2025-JAN-SEE,32,35,Control Systems,18EC43,4,ECE,,SEE,JAN 2025,100,180,10,30,5,true,10,VERIFIED,EXTRACTED,VERIFIED,
Previous Years QPs/EC/EC_Even.pdf,QPB-18EC44-2025-JAN-SEE,36,37,Engineering Statistics and Linear Algebra,18EC44,4,ECE,,SEE,JAN 2025,100,180,10,20,5,true,10,VERIFIED,EXTRACTED,VERIFIED,
Previous Years QPs/EC/EC_Even.pdf,QPB-18EC45-2025-JAN-SEE,38,41,Signals and Systems,18EC45,4,ECE,,SEE,JAN 2025,100,180,10,32,5,true,10,VERIFIED,EXTRACTED,VERIFIED,
Previous Years QPs/EC/EC_Even.pdf,QPB-18EC61-2025-JAN-SEE,42,43,Digital Communication,18EC61,6,ECE,,SEE,JAN 2025,100,180,10,24,5,true,10,VERIFIED,EXTRACTED,VERIFIED,
Previous Years QPs/EC/EC_Even.pdf,QPB-18EC62-2025-JAN-SEE,44,45,Embedded Systems,18EC62,6,ECE,,SEE,JAN 2025,100,180,10,28,5,true,10,VERIFIED,EXTRACTED,VERIFIED,
Previous Years QPs/EC/EC_Even.pdf,QPB-18EC63-2025-JAN-SEE,46,47,Microwave and Antenna,18EC63,6,ECE,,SEE,JAN 2025,100,180,10,29,5,true,10,VERIFIED,EXTRACTED,VERIFIED,
Previous Years QPs/EC/EC_Even.pdf,QPB-18EC642-2025-JAN-SEE,48,49,Artificial Neural Networks,18EC642,6,ECE,,SEE,JAN 2025,100,180,10,20,5,true,10,VERIFIED,EXTRACTED,VERIFIED,
Previous Years QPs/EC/EC_Even.pdf,QPB-18EC643-2025-JAN-SEE,50,51,Data Structure using C++,18EC643,6,ECE,,SEE,JAN 2025,100,180,10,27,5,true,10,VERIFIED,EXTRACTED,VERIFIED,
Previous Years QPs/EC/EC_Even.pdf,QPB-18MAT41-2025-JAN-SEE,52,54,"Complex Analysis, Probability and Statistical Methods",18MAT41,4,ECE,,SEE,JAN 2025,100,180,10,30,5,true,10,VERIFIED,EXTRACTED,VERIFIED,
Previous Years QPs/EC/EC_Odd.pdf,QPB-BEC302-2025-JAN-SEE,4,5,Digital System Design using Verilog,BEC302,3,ECE,,SEE,JAN 2025,100,180,10,26,5,true,10,VERIFIED,EXTRACTED,VERIFIED,
Previous Years QPs/EC/EC_Odd.pdf,QPB-BEC303-2025-JAN-SEE,6,7,Electronic Principles and Circuits,BEC303,3,ECE,,SEE,JAN 2025,100,180,10,22,5,true,10,VERIFIED,EXTRACTED,VERIFIED,
Previous Years QPs/EC/EC_Odd.pdf,QPB-BEC304-2025-JAN-SEE,8,12,Network Analysis,BEC304,3,ECE,,SEE,JAN 2025,100,180,10,27,5,true,10,VERIFIED,EXTRACTED,VERIFIED,
Previous Years QPs/EC/EC_Odd.pdf,QPB-BEC501-2025-JAN-SEE,13,13,Technological Innovation and Management Entrepreneurship,BEC501,5,ECE,,SEE,JAN 2025,100,180,10,20,5,true,10,VERIFIED,EXTRACTED,VERIFIED,
Previous Years QPs/EC/EC_Odd.pdf,QPB-BEC502-2025-JAN-SEE,14,15,Digital Signal Processing,BEC502,5,ECE,,SEE,JAN 2025,100,180,10,33,5,true,10,VERIFIED,EXTRACTED,VERIFIED,
Previous Years QPs/EC/EC_Odd.pdf,QPB-BEC503-2025-JAN-SEE,16,17,Digital Communication,BEC503,5,ECE,,SEE,JAN 2025,100,180,10,26,5,true,10,VERIFIED,EXTRACTED,VERIFIED,
Previous Years QPs/EC/EC_Odd.pdf,QPB-BEC515A-2025-JAN-SEE,18,18,Intelligent Systems and Machine Learning Algorithms,BEC515A,5,ECE,,SEE,JAN 2025,100,180,10,21,5,true,10,VERIFIED,EXTRACTED,VERIFIED,
Previous Years QPs/EC/EC_Odd.pdf,QPB-BEC515C-2025-JAN-SEE,19,20,Data Structures using C++,BEC515C,5,ECE,,SEE,JAN 2025,100,180,10,27,5,true,10,VERIFIED,EXTRACTED,VERIFIED,
Previous Years QPs/EC/EC_Odd.pdf,QPB-BEC515D-2025-JAN-SEE,21,22,Satellite and Optical Communication,BEC515D,5,ECE,,SEE,JAN 2025,100,180,10,20,5,true,10,VERIFIED,EXTRACTED,VERIFIED,
Previous Years QPs/EC/EC_Odd.pdf,QPB-BESK508-2025-JAN-SEE,23,26,Environmental Studies,BESK508,5,ECE,2022 Scheme,SEE,JAN 2025,50,60,52,52,0,false,,VERIFIED_SPECIAL_FORMAT,EXTRACTED,VERIFIED_SPECIAL_FORMAT,DUPLICATE_Q:1/2/3/4/5
Previous Years QPs/EC/EC_Odd.pdf,QPB-BESK508-2025-JAN-SEE,27,30,Environmental Studies,BESK508,5,ECE,2022 Scheme,SEE,JAN 2025,50,60,52,52,0,false,,VERIFIED_SPECIAL_FORMAT,EXTRACTED,VERIFIED_SPECIAL_FORMAT,DUPLICATE_Q:1/2/3/4/5
Previous Years QPs/EC/EC_Odd.pdf,QPB-BESK508-2025-JAN-SEE,31,34,Environmental Studies,BESK508,5,ECE,2022 Scheme,SEE,JAN 2025,50,60,52,52,0,false,,VERIFIED_SPECIAL_FORMAT,EXTRACTED,VERIFIED_SPECIAL_FORMAT,DUPLICATE_Q:1/2/3/4/5
Previous Years QPs/EC/EC_Odd.pdf,QPB-BESK508-2025-JAN-SEE,35,38,Environmental Studies,BESK508,5,ECE,2022 Scheme,SEE,JAN 2025,50,60,52,52,0,false,,VERIFIED_SPECIAL_FORMAT,EXTRACTED,VERIFIED_SPECIAL_FORMAT,DUPLICATE_Q:1/2/3/4/5
Previous Years QPs/EC/EC_Odd.pdf,QPB-BMATEC301/BEC301/BBM301-2025-JAN-SEE,39,41,AV Mathematics III for EC/ BM Engineering,BMATEC301/BEC301/BBM301,3,ECE,,SEE,JAN 2025,100,180,10,31,5,true,10,VERIFIED,EXTRACTED,VERIFIED,
Previous Years QPs/EC/EC_Odd.pdf,QPB-BRMK557-2025-JAN-SEE,42,43,Research Methodology and IPR,BRMK557,5,ECE,,SEE,JAN 2025,100,180,10,20,5,true,10,VERIFIED,EXTRACTED,VERIFIED,
Previous Years QPs/EC/EC_Odd.pdf,QPB-21EC51-2025-JAN-SEE,44,46,Digital Communication,21EC51,5,ECE,,SEE,JAN 2025,100,180,10,28,5,true,10,VERIFIED,EXTRACTED,VERIFIED,
Previous Years QPs/EC/EC_Odd.pdf,QPB-21EC52-2025-JAN-SEE,47,47,Computer Organization and ARM Microcontrollers,21EC52,5,ECE,,SEE,JAN 2025,100,180,10,23,5,true,10,VERIFIED,EXTRACTED,VERIFIED,
Previous Years QPs/EC/EC_Odd.pdf,QPB-21EC53-2025-JAN-SEE,48,49,Computer Communication Networks,21EC53,5,ECE,,SEE,JAN 2025,100,180,10,23,5,true,10,VERIFIED,EXTRACTED,VERIFIED,
Previous Years QPs/EC/EC_Odd.pdf,QPB-21EC54-2025-JAN-SEE,50,52,Electromagnetic Waves,21EC54,5,ECE,,SEE,JAN 2025,100,180,10,31,5,true,10,VERIFIED,EXTRACTED,VERIFIED,
Previous Years QPs/EC/EC_Odd.pdf,QPB-21EC71-2025-JAN-SEE,53,54,Advanced VLSI,21EC71,7,ECE,,SEE,JAN 2025,100,180,10,23,5,true,10,VERIFIED,EXTRACTED,VERIFIED,
Previous Years QPs/EC/EC_Odd.pdf,QPB-21EC72-2025-JAN-SEE,55,56,Optical and Wireless Communication,21EC72,7,ECE,,SEE,JAN 2025,100,180,10,24,5,true,10,VERIFIED,EXTRACTED,VERIFIED,
Previous Years QPs/EC/EC_Odd.pdf,QPB-21EC732-2025-JAN-SEE,57,58,Digital Image Processing,21EC732,7,ECE,,SEE,JAN 2025,100,180,10,30,5,true,10,VERIFIED,EXTRACTED,VERIFIED,
Previous Years QPs/EC/EC_Odd.pdf,QPB-21EC733-2025-JAN-SEE,59,60,DSP Algorithms and Architectures,21EC733,7,ECE,,SEE,JAN 2025,100,180,10,23,5,true,10,VERIFIED,EXTRACTED,VERIFIED,
Previous Years QPs/EC/EC_Odd.pdf,QPB-21EC741-2025-JAN-SEE,61,62,IoT and Wireless Sensor Networks,21EC741,7,ECE,,SEE,JAN 2025,100,180,10,26,5,true,10,VERIFIED,EXTRACTED,VERIFIED,
Previous Years QPs/EC/EC_Odd.pdf,QPB-21EC745-2025-JAN-SEE,63,64,Multimedia Communication,21EC745,7,ECE,,SEE,JAN 2025,100,180,10,20,5,true,10,VERIFIED,EXTRACTED,VERIFIED,
Previous Years QPs/EC/EC_Odd.pdf,QPB-21MAT755-2025-JAN-SEE,65,67,Advanced Mathematical Methods,21MAT755,7,ECE,,SEE,JAN 2025,100,180,10,25,5,true,10,VERIFIED,EXTRACTED,VERIFIED,
Previous Years QPs/EC/EC_Odd.pdf,QPB-21RMI56-2025-JAN-SEE,68,69,Research Methodology and Intellectual Property Rights,21RMI56,5,ECE,,SEE,JAN 2025,100,180,10,30,5,true,10,VERIFIED,EXTRACTED,VERIFIED,
Previous Years QPs/EC/EC_Odd.pdf,QPB-18EC32-2025-JAN-SEE,70,73,Network Theory,18EC32,3,ECE,,SEE,JAN 2025,100,180,10,24,5,true,10,VERIFIED,EXTRACTED,VERIFIED,
Previous Years QPs/EC/EC_Odd.pdf,QPB-18EC33-2025-JAN-SEE,74,75,Electronic Devices,18EC33,3,ECE,,SEE,JAN 2025,100,180,10,21,5,true,10,VERIFIED,EXTRACTED,VERIFIED,
Previous Years QPs/EC/EC_Odd.pdf,QPB-18EC34-2025-JAN-SEE,76,77,Digital System Design,18EC34,3,ECE,,SEE,JAN 2025,100,180,10,24,5,true,10,VERIFIED,EXTRACTED,VERIFIED,
Previous Years QPs/EC/EC_Odd.pdf,QPB-18EC52-2025-JAN-SEE,78,79,Digital Signal Processing,18EC52,5,ECE,,SEE,JAN 2025,100,180,10,24,5,true,10,VERIFIED,EXTRACTED,VERIFIED,
Previous Years QPs/EC/EC_Odd.pdf,QPB-18EC53-2025-JAN-SEE,80,82,Principles of Communication Systems,18EC53,5,ECE,,SEE,JAN 2025,100,180,10,29,5,true,10,VERIFIED,EXTRACTED,VERIFIED,
Previous Years QPs/EC/EC_Odd.pdf,QPB-18EC54-2025-JAN-SEE,83,85,Information Theory and Coding,18EC54,5,ECE,,SEE,JAN 2025,100,180,10,27,5,true,10,VERIFIED,EXTRACTED,VERIFIED,
Previous Years QPs/EC/EC_Odd.pdf,QPB-18EC55-2025-JAN-SEE,86,87,Electromagnetic Wave,18EC55,5,ECE,,SEE,JAN 2025,100,180,10,27,5,true,10,VERIFIED,EXTRACTED,VERIFIED,
Previous Years QPs/EC/EC_Odd.pdf,QPB-18MAT31-2025-JAN-SEE,88,90,"Transform Calculus, Fourier Series and Numerical Techniques",18MAT31,3,ECE,,SEE,JAN 2025,100,180,10,30,5,true,10,VERIFIED,EXTRACTED,VERIFIED,
Previous Years QPs/EC/EC_Odd.pdf,QPB-18MAT753-2025-JAN-SEE,91,94,Advanced Mathematical Methods,18MAT753,7,ECE,,SEE,JAN 2025,100,180,10,26,5,true,10,VERIFIED,EXTRACTED,VERIFIED,
Previous Years QPs/EC/Ec Dec-Jan 2024.pdf,QPB-BEC302-2024-JAN-SEE,3,4,Digital System Design Using Verilog,BEC302,3,ECE,,SEE,JAN 2024,100,180,10,22,5,true,10,VERIFIED,EXTRACTED,VERIFIED,
Previous Years QPs/EC/Ec Dec-Jan 2024.pdf,QPB-BEC303-2024-JAN-SEE,5,7,Electronic Principles and Circuits,BEC303,3,ECE,,SEE,JAN 2024,100,180,10,31,5,true,10,VERIFIED,EXTRACTED,VERIFIED,
Previous Years QPs/EC/Ec Dec-Jan 2024.pdf,QPB-BEC304-2024-JAN-SEE,8,12,Network Analysis,BEC304,3,ECE,,SEE,JAN 2024,100,180,10,28,5,true,10,VERIFIED,EXTRACTED,VERIFIED,
Previous Years QPs/EC/Ec Dec-Jan 2024.pdf,QPB-BMATEC301/BEC/BBM301-2024-JAN-SEE,13,15,AV Mathematics – III for EC/BM Engineering,BMATEC301/BEC/BBM301,3,ECE,,SEE,JAN 2024,100,180,10,31,5,true,10,VERIFIED,EXTRACTED,VERIFIED,
Previous Years QPs/EC/Ec Dec-Jan 2024.pdf,QPB-21CIV57-2024-JAN-SEE,16,19,Environmental Studies,21CIV57,5,ECE,2021 Scheme,SEE,JAN 2024,50,60,52,52,0,false,,VERIFIED_SPECIAL_FORMAT,EXTRACTED,VERIFIED_SPECIAL_FORMAT,DUPLICATE_Q:1/2/3/4/5
Previous Years QPs/EC/Ec Dec-Jan 2024.pdf,QPB-21CIV57-2024-JAN-SEE,20,23,Environmental Studies,21CIV57,5,ECE,2021 Scheme,SEE,JAN 2024,50,60,4,4,0,false,,VERIFIED_SPECIAL_FORMAT,EXTRACTED,VERIFIED_SPECIAL_FORMAT,
Previous Years QPs/EC/Ec Dec-Jan 2024.pdf,QPB-21CIV57-2024-JAN-SEE,24,27,Environmental Studies,21CIV57,5,ECE,2021 Scheme,SEE,JAN 2024,50,60,4,4,0,false,,VERIFIED_SPECIAL_FORMAT,EXTRACTED,VERIFIED_SPECIAL_FORMAT,
Previous Years QPs/EC/Ec Dec-Jan 2024.pdf,QPB-21CIV57-2024-JAN-SEE,28,31,Environmental Studies,21CIV57,5,ECE,2021 Scheme,SEE,JAN 2024,50,60,4,4,0,false,,VERIFIED_SPECIAL_FORMAT,EXTRACTED,VERIFIED_SPECIAL_FORMAT,
Previous Years QPs/EC/Ec Dec-Jan 2024.pdf,QPB-21EC51-2024-JAN-SEE,32,34,Digital Communication,21EC51,5,ECE,,SEE,JAN 2024,100,180,10,25,5,true,10,VERIFIED,EXTRACTED,VERIFIED,
Previous Years QPs/EC/Ec Dec-Jan 2024.pdf,QPB-21EC52-2024-JAN-SEE,35,36,Computer Organization and Arm Microcontrollers,21EC52,5,ECE,,SEE,JAN 2024,100,180,10,28,5,true,10,VERIFIED,EXTRACTED,VERIFIED,
Previous Years QPs/EC/Ec Dec-Jan 2024.pdf,QPB-21EC53-2024-JAN-SEE,37,38,Computer Communication Networks,21EC53,5,ECE,,SEE,JAN 2024,100,180,10,24,5,true,10,VERIFIED,EXTRACTED,VERIFIED,
Previous Years QPs/EC/Ec Dec-Jan 2024.pdf,QPB-21EC54-2024-JAN-SEE,39,40,Electromagnetic Waves,21EC54,5,ECE,,SEE,JAN 2024,100,180,10,30,5,true,10,VERIFIED,EXTRACTED,VERIFIED,
Previous Years QPs/EC/Ec Dec-Jan 2024.pdf,QPB-18EC71-2024-JAN-SEE,41,42,Computer Networks,18EC71,7,ECE,,SEE,JAN 2024,100,180,10,27,5,true,10,VERIFIED,EXTRACTED,VERIFIED,
Previous Years QPs/EC/Ec Dec-Jan 2024.pdf,QPB-18EC72-2024-JAN-SEE,43,44,VLSI Design,18EC72,7,ECE,,SEE,JAN 2024,100,180,10,27,5,true,10,VERIFIED,EXTRACTED,VERIFIED,
Previous Years QPs/EC/Ec Dec-Jan 2024.pdf,QPB-18EC733-2024-JAN-SEE,45,47,Digital Image Processing,18EC733,7,ECE,,SEE,JAN 2024,100,180,10,27,5,true,10,VERIFIED,EXTRACTED,VERIFIED,
Previous Years QPs/EC/Ec Dec-Jan 2024.pdf,QPB-18EC741-2024-JAN-SEE,48,49,IOT and Wireless Sensor Networks,18EC741,7,ECE,,SEE,JAN 2024,100,180,10,20,5,true,10,VERIFIED,EXTRACTED,VERIFIED,
Previous Years QPs/EC/Ec Dec-Jan 2024.pdf,QPB-18EC743-2024-JAN-SEE,50,51,Multimedia Communication,18EC743,7,ECE,,SEE,JAN 2024,100,180,10,22,5,true,10,VERIFIED,EXTRACTED,VERIFIED,
Previous Years QPs/IS/2023 ISE Even sem.pdf,QPB-21BE45-2023-JUN-SEE,4,4,Biology for Engineers,21BE45,4,ISE,2021 Scheme,SEE,JUN 2023,100,180,10,30,5,true,10,VERIFIED,EXTRACTED,VERIFIED,
Previous Years QPs/IS/2023 ISE Even sem.pdf,QPB-21CIP37/21CIP47-2023-JUN-SEE,5,8,CONSTITUTION OF INDIA AND PROFESSIONAL ETHICS,21CIP37/21CIP47,4,ISE,2021 Scheme,SEE,JUN 2023,50,60,52,52,0,false,,VERIFIED_SPECIAL_FORMAT,EXTRACTED,VERIFIED_SPECIAL_FORMAT,DUPLICATE_Q:1/2/3/4/5
Previous Years QPs/IS/2023 ISE Even sem.pdf,QPB-21CIP37/21CIP47-2023-JUN-SEE,9,12,CONSTITUTION OF INDIA AND PROFESSIONAL ETHICS,21CIP37/21CIP47,4,ISE,2021 Scheme,SEE,JUN 2023,50,60,52,52,0,false,,VERIFIED_SPECIAL_FORMAT,EXTRACTED,VERIFIED_SPECIAL_FORMAT,DUPLICATE_Q:1/2/3/4/5
Previous Years QPs/IS/2023 ISE Even sem.pdf,QPB-21CIP37/21CIP47-2023-JUN-SEE,13,16,CONSTITUTION OF INDIA AND PROFESSIONAL ETHICS,21CIP37/21CIP47,4,ISE,2021 Scheme,SEE,JUN 2023,50,60,52,52,0,false,,VERIFIED_SPECIAL_FORMAT,EXTRACTED,VERIFIED_SPECIAL_FORMAT,DUPLICATE_Q:1/2/3/4/5
Previous Years QPs/IS/2023 ISE Even sem.pdf,QPB-21CIP37/21CIP47-2023-JUN-SEE,17,20,CONSTITUTION OF INDIA AND PROFESSIONAL ETHICS,21CIP37/21CIP47,4,ISE,2021 Scheme,SEE,JUN 2023,50,60,52,52,0,false,,VERIFIED_SPECIAL_FORMAT,EXTRACTED,VERIFIED_SPECIAL_FORMAT,DUPLICATE_Q:1/2/3/4/5
Previous Years QPs/IS/2023 ISE Even sem.pdf,QPB-21CS42-2023-JUN-SEE,21,22,Design & Analysis of Algorithms,21CS42,4,ISE,2021 Scheme,SEE,JUN 2023,100,180,10,20,5,true,10,VERIFIED,EXTRACTED,VERIFIED,
Previous Years QPs/IS/2023 ISE Even sem.pdf,QPB-21CS43-2023-JUN-SEE,23,23,Microcontroller and Embedded Systems,21CS43,4,ISE,2021 Scheme,SEE,JUN 2023,100,180,10,21,5,true,10,VERIFIED,EXTRACTED,VERIFIED,
Previous Years QPs/IS/2023 ISE Even sem.pdf,QPB-21CS44-2023-JUN-SEE,24,25,Operating System,21CS44,4,ISE,2021 Scheme,SEE,JUN 2023,100,180,10,24,5,true,10,VERIFIED,EXTRACTED,VERIFIED,
Previous Years QPs/IS/2023 ISE Even sem.pdf,QPB-21KBK47-2023-JUN-SEE,26,29,Balake Kannada,21KBK47,4,ISE,2021 Scheme,SEE,JUN 2023,50,60,52,52,0,false,,VERIFIED_SPECIAL_FORMAT,EXTRACTED,VERIFIED_SPECIAL_FORMAT,DUPLICATE_Q:1/2/3/4/5
Previous Years QPs/IS/2023 ISE Even sem.pdf,QPB-21KBK47-2023-JUN-SEE,30,33,Balake Kannada,21KBK47,4,ISE,2021 Scheme,SEE,JUN 2023,50,60,52,52,0,false,,VERIFIED_SPECIAL_FORMAT,EXTRACTED,VERIFIED_SPECIAL_FORMAT,DUPLICATE_Q:1/2/3/4/5
Previous Years QPs/IS/2023 ISE Even sem.pdf,QPB-21KBK47-2023-JUN-SEE,34,37,Balake Kannada,21KBK47,4,ISE,2021 Scheme,SEE,JUN 2023,50,60,52,52,0,false,,VERIFIED_SPECIAL_FORMAT,EXTRACTED,VERIFIED_SPECIAL_FORMAT,DUPLICATE_Q:1/2/3/4/5
Previous Years QPs/IS/2023 ISE Even sem.pdf,QPB-21KBK47-2023-JUN-SEE,38,41,Balake Kannada,21KBK47,4,ISE,2021 Scheme,SEE,JUN 2023,50,60,52,52,0,false,,VERIFIED_SPECIAL_FORMAT,EXTRACTED,VERIFIED_SPECIAL_FORMAT,DUPLICATE_Q:1/2/3/4/5
Previous Years QPs/IS/2023 ISE Even sem.pdf,QPB-21KSK47-2023-JUN-SEE,42,47,±ಾ ಾ ಸ ĂĦ ಕ ಕನ Ç ಡ - Samskruthika Kannada,21KSK47,4,ISE,2021 Scheme,SEE,JUN 2023,50,60,14,54,0,false,,VERIFIED_SPECIAL_FORMAT,EXTRACTED,VERIFIED_SPECIAL_FORMAT,
Previous Years QPs/IS/2023 ISE Even sem.pdf,QPB-21KSK47-2023-JUN-SEE,48,53,±ಾ ಾ ಸ ĂĦ ಕ ಕನ Ç ಡ - Samskruthika Kannada,21KSK47,4,ISE,2021 Scheme,SEE,JUN 2023,50,60,14,55,0,false,,VERIFIED_SPECIAL_FORMAT,EXTRACTED,VERIFIED_SPECIAL_FORMAT,
Previous Years QPs/IS/2023 ISE Even sem.pdf,QPB-21KSK47-2023-JUN-SEE,54,60,±ಾ ಾ ಸ ĂĦ ಕ ಕನ Ç ಡ - Samskruthika Kannada,21KSK47,4,ISE,2021 Scheme,SEE,JUN 2023,50,60,14,56,0,false,,VERIFIED_SPECIAL_FORMAT,EXTRACTED,VERIFIED_SPECIAL_FORMAT,
Previous Years QPs/IS/2023 ISE Even sem.pdf,QPB-21KSK47-2023-JUN-SEE,61,66,±ಾ ಾ ಸ ĂĦ ಕ ಕನ Ç ಡ - Samskruthika Kannada,21KSK47,4,ISE,2021 Scheme,SEE,JUN 2023,50,60,14,57,0,false,,VERIFIED_SPECIAL_FORMAT,EXTRACTED,VERIFIED_SPECIAL_FORMAT,
Previous Years QPs/IS/2023 ISE Even sem.pdf,QPB-21UH49-2023-JUN-SEE,67,70,Universal Human Values,21UH49,4,ISE,2021 Scheme,SEE,JUN 2023,50,60,52,52,0,false,,VERIFIED_SPECIAL_FORMAT,EXTRACTED,VERIFIED_SPECIAL_FORMAT,DUPLICATE_Q:1/2/3/4/5
Previous Years QPs/IS/2023 ISE Even sem.pdf,QPB-21UH49-2023-JUN-SEE,71,74,Universal Human Values,21UH49,4,ISE,2021 Scheme,SEE,JUN 2023,50,60,53,53,0,false,,VERIFIED_SPECIAL_FORMAT,EXTRACTED,VERIFIED_SPECIAL_FORMAT,DUPLICATE_Q:1/2/3/4/5
Previous Years QPs/IS/2023 ISE Even sem.pdf,QPB-21UH49-2023-JUN-SEE,75,78,Universal Human Values,21UH49,4,ISE,2021 Scheme,SEE,JUN 2023,50,60,52,52,0,false,,VERIFIED_SPECIAL_FORMAT,EXTRACTED,VERIFIED_SPECIAL_FORMAT,DUPLICATE_Q:1/2/3/4/5
Previous Years QPs/IS/2023 ISE Even sem.pdf,QPB-21UH49-2023-JUN-SEE,79,82,Universal Human Values,21UH49,4,ISE,2021 Scheme,SEE,JUN 2023,50,60,52,52,0,false,,VERIFIED_SPECIAL_FORMAT,EXTRACTED,VERIFIED_SPECIAL_FORMAT,DUPLICATE_Q:1/2/3/4/5
Previous Years QPs/IS/2023 ISE Even sem.pdf,QPB-18CS61-2023-JUN-SEE,83,84,System Software and Compilers,18CS61,6,ISE,2018 Scheme,SEE,JUN 2023,100,180,10,23,5,true,10,VERIFIED,EXTRACTED,VERIFIED,
Previous Years QPs/IS/2023 ISE Even sem.pdf,QPB-18CS62-2023-JUN-SEE,85,86,Computer Graphics and Visualization,18CS62,6,ISE,2018 Scheme,SEE,JUN 2023,100,180,10,26,5,true,10,VERIFIED,EXTRACTED,VERIFIED,
Previous Years QPs/IS/2023 ISE Even sem.pdf,QPB-18CS63-2023-JUN-SEE,87,87,Web Technology and its Application,18CS63,6,ISE,2018 Scheme,SEE,JUN 2023,100,180,10,20,5,true,10,VERIFIED,EXTRACTED,VERIFIED,
Previous Years QPs/IS/2023 ISE Even sem.pdf,QPB-18CS641-2023-JUN-SEE,88,89,Data Mining and Data Warehousing,18CS641,6,ISE,2018 Scheme,SEE,JUN 2023,100,180,10,21,5,true,10,VERIFIED,EXTRACTED,VERIFIED,
Previous Years QPs/IS/2023 ISE Even sem.pdf,QPB-18CS651-2023-JUN-SEE,90,91,Mobile Application Development,18CS651,6,ISE,2018 Scheme,SEE,JUN 2023,100,180,10,23,5,true,10,VERIFIED,EXTRACTED,VERIFIED,
Previous Years QPs/IS/2023 ISE Even sem.pdf,QPB-18CS653-2023-JUN-SEE,92,93,Programming in Java,18CS653,6,ISE,2018 Scheme,SEE,JUN 2023,100,180,10,30,5,true,10,VERIFIED,EXTRACTED,VERIFIED,
Previous Years QPs/IS/2023 ISE Even sem.pdf,QPB-18CS654-2023-JUN-SEE,94,95,Introduction to Operating System,18CS654,6,ISE,2018 Scheme,SEE,JUN 2023,100,180,10,20,5,true,10,VERIFIED,EXTRACTED,VERIFIED,
Previous Years QPs/IS/2023 ISE Even sem.pdf,QPB-18CS81-2023-JUN-SEE,96,97,Internet of Things,18CS81,8,ISE,2018 Scheme,SEE,JUN 2023,100,180,10,27,5,true,10,VERIFIED,EXTRACTED,VERIFIED,
Previous Years QPs/IS/2023 ISE Even sem.pdf,QPB-18CS822-2023-JUN-SEE,98,99,Storage Area Networks,18CS822,8,ISE,2018 Scheme,SEE,JUN 2023,100,180,10,24,5,true,10,VERIFIED,EXTRACTED,VERIFIED,
Previous Years QPs/IS/2023 ISE Odd sem.pdf,QPB-18CS51-2023-JAN-SEE,3,4,Management and Entrepreneurship for IT Industry,18CS51,5,ISE,2018 Scheme,SEE,JAN 2023,100,180,10,30,5,true,10,VERIFIED,EXTRACTED,VERIFIED,
Previous Years QPs/IS/2023 ISE Odd sem.pdf,QPB-18CS52-2023-JAN-SEE,5,6,Computer Networks and Security,18CS52,5,ISE,2018 Scheme,SEE,JAN 2023,100,180,10,28,5,true,10,VERIFIED,EXTRACTED,VERIFIED,
Previous Years QPs/IS/2023 ISE Odd sem.pdf,QPB-18CS53-2023-JAN-SEE,7,8,Database Management System,18CS53,5,ISE,2018 Scheme,SEE,JAN 2023,100,180,10,28,5,true,10,VERIFIED,EXTRACTED,VERIFIED,
Previous Years QPs/IS/2023 ISE Odd sem.pdf,QPB-18CS54-2023-JAN-SEE,9,10,Automata Theory and Computability,18CS54,5,ISE,2018 Scheme,SEE,JAN 2023,100,180,10,25,5,true,10,VERIFIED,EXTRACTED,VERIFIED,
Previous Years QPs/IS/2023 ISE Odd sem.pdf,QPB-18CS55-2023-JAN-SEE,11,12,Application Development using Python,18CS55,5,ISE,2018 Scheme,SEE,JAN 2023,100,180,10,28,5,true,10,VERIFIED,EXTRACTED,VERIFIED,
Previous Years QPs/IS/2023 ISE Odd sem.pdf,QPB-18CS56-2023-JAN-SEE,13,14,UNIX Programming,18CS56,5,ISE,2018 Scheme,SEE,JAN 2023,100,180,10,27,5,true,10,VERIFIED,EXTRACTED,VERIFIED,
Previous Years QPs/IS/2023 ISE Odd sem.pdf,QPB-18CIV59-2023-JAN-SEE,15,22,Environmental Studies (COMMON TO ALL BRANCHES),18CIV59,5,ISE,2018 Scheme,SEE,JAN 2023,100,120,51,51,0,false,,VERIFIED_SPECIAL_FORMAT,EXTRACTED,VERIFIED_SPECIAL_FORMAT,DUPLICATE_Q:1/2/3/4/5
Previous Years QPs/IS/2023 ISE Odd sem.pdf,QPB-18CIV59-2023-JAN-SEE,23,30,Environmental Studies (COMMON TO ALL BRANCHES),18CIV59,5,ISE,2018 Scheme,SEE,JAN 2023,100,120,51,51,0,false,,VERIFIED_SPECIAL_FORMAT,EXTRACTED,VERIFIED_SPECIAL_FORMAT,DUPLICATE_Q:1/2/3/4/5
Previous Years QPs/IS/2023 ISE Odd sem.pdf,QPB-18CIV59-2023-JAN-SEE,31,38,Environmental Studies (COMMON TO ALL BRANCHES),18CIV59,5,ISE,2018 Scheme,SEE,JAN 2023,100,120,51,51,0,false,,VERIFIED_SPECIAL_FORMAT,EXTRACTED,VERIFIED_SPECIAL_FORMAT,DUPLICATE_Q:1/2/3/4/5
Previous Years QPs/IS/2023 ISE Odd sem.pdf,QPB-18CIV59-2023-JAN-SEE,39,46,Environmental Studies (COMMON TO ALL BRANCHES),18CIV59,5,ISE,2018 Scheme,SEE,JAN 2023,100,120,51,51,0,false,,VERIFIED_SPECIAL_FORMAT,EXTRACTED,VERIFIED_SPECIAL_FORMAT,DUPLICATE_Q:1/2/3/4/5
Previous Years QPs/IS/2023 ISE Odd sem.pdf,QPB-18CS71-2023-JAN-SEE,47,48,Artificial Intelligence and Machine Learning,18CS71,7,ISE,2018 Scheme,SEE,JAN 2023,100,180,10,27,5,true,10,VERIFIED,EXTRACTED,VERIFIED,
Previous Years QPs/IS/2023 ISE Odd sem.pdf,QPB-18CS71-2023-JUN-SEE,49,51,Artificial Intelligence and Machine Learning,18CS71,7,ISE,2018 Scheme,SEE,JUN 2023,100,180,10,28,5,true,10,VERIFIED,EXTRACTED,VERIFIED,
Previous Years QPs/IS/2023 ISE Odd sem.pdf,QPB-18CS72-2023-JAN-SEE,52,52,Big data Analytics,18CS72,7,ISE,2018 Scheme,SEE,JAN 2023,100,180,10,20,5,true,10,VERIFIED,EXTRACTED,VERIFIED,
Previous Years QPs/IS/2023 ISE Odd sem.pdf,QPB-18CS72-2023-JUN-SEE,53,54,Big Data and Analytics,18CS72,7,ISE,2018 Scheme,SEE,JUN 2023,100,180,10,22,5,true,10,VERIFIED,EXTRACTED,VERIFIED,
Previous Years QPs/IS/2023 ISE Odd sem.pdf,QPB-18CS734-2023-JAN-SEE,55,55,User Interface Design,18CS734,7,ISE,2018 Scheme,SEE,JAN 2023,100,180,10,21,5,true,10,VERIFIED,EXTRACTED,VERIFIED,
Previous Years QPs/IS/2023 ISE Odd sem.pdf,QPB-18CS734-2023-JUN-SEE,56,57,User Interface Design,18CS734,7,ISE,2018 Scheme,SEE,JUN 2023,100,180,10,22,5,true,10,VERIFIED,EXTRACTED,VERIFIED,
Previous Years QPs/IS/2023 ISE Odd sem.pdf,QPB-18CS741-2023-JAN-SEE,58,59,Digital Image Processing,18CS741,7,ISE,2018 Scheme,SEE,JAN 2023,100,180,10,23,5,true,10,VERIFIED,EXTRACTED,VERIFIED,
Previous Years QPs/IS/2023 ISE Odd sem.pdf,QPB-18CS741-2023-JUN-SEE,60,61,Digital Image Processing,18CS741,7,ISE,2018 Scheme,SEE,JUN 2023,100,180,10,20,5,true,10,VERIFIED,EXTRACTED,VERIFIED,
Previous Years QPs/IS/2023 ISE Odd sem.pdf,QPB-18CS752-2023-JUN-SEE,62,65,Python Application Programming,18CS752,7,ISE,2018 Scheme,SEE,JUN 2023,100,180,10,27,5,true,10,VERIFIED,EXTRACTED,VERIFIED,
Previous Years QPs/IS/2023 ISE Odd sem.pdf,QPB-21CS32-2023-JAN-SEE,66,67,Data Structures and Applications,21CS32,3,ISE,2021 Scheme,SEE,JAN 2023,100,180,10,29,5,true,10,VERIFIED,EXTRACTED,VERIFIED,
Previous Years QPs/IS/2023 ISE Odd sem.pdf,QPB-21CS33-2023-JAN-SEE,68,69,Analog and Digital Electronics,21CS33,3,ISE,2021 Scheme,SEE,JAN 2023,100,180,10,29,5,true,10,VERIFIED,EXTRACTED,VERIFIED,
Previous Years QPs/IS/2023 ISE Odd sem.pdf,QPB-21CS34-2023-JAN-SEE,70,72,Computer Organization and Architecture,21CS34,3,ISE,2021 Scheme,SEE,JAN 2023,100,180,10,23,5,true,10,VERIFIED,EXTRACTED,VERIFIED,
Previous Years QPs/IS/2023 ISE Odd sem.pdf,QPB-21KBK37-2023-JAN-SEE,73,76,Balake Kannada,21KBK37,3,ISE,2021 Scheme,SEE,JAN 2023,50,60,52,52,0,false,,VERIFIED_SPECIAL_FORMAT,EXTRACTED,VERIFIED_SPECIAL_FORMAT,DUPLICATE_Q:1/2/3/4/5
Previous Years QPs/IS/2023 ISE Odd sem.pdf,QPB-21KBK37-2023-JAN-SEE,77,80,Balake Kannada,21KBK37,3,ISE,2021 Scheme,SEE,JAN 2023,50,60,52,52,0,false,,VERIFIED_SPECIAL_FORMAT,EXTRACTED,VERIFIED_SPECIAL_FORMAT,DUPLICATE_Q:1/2/3/4/5
Previous Years QPs/IS/2023 ISE Odd sem.pdf,QPB-21KBK37-2023-JAN-SEE,81,84,Balake Kannada,21KBK37,3,ISE,2021 Scheme,SEE,JAN 2023,50,60,52,52,0,false,,VERIFIED_SPECIAL_FORMAT,EXTRACTED,VERIFIED_SPECIAL_FORMAT,DUPLICATE_Q:1/2/3/4/5
Previous Years QPs/IS/2023 ISE Odd sem.pdf,QPB-21KBK37-2023-JAN-SEE,85,88,Balake Kannada,21KBK37,3,ISE,2021 Scheme,SEE,JAN 2023,50,60,52,52,0,false,,VERIFIED_SPECIAL_FORMAT,EXTRACTED,VERIFIED_SPECIAL_FORMAT,DUPLICATE_Q:1/2/3/4/5
Previous Years QPs/IS/2023 ISE Odd sem.pdf,QPB-21KSK37-2023-JAN-SEE,89,96,Samskruthika Kannada,21KSK37,3,ISE,2021 Scheme,SEE,JAN 2023,50,60,53,53,0,false,,VERIFIED_SPECIAL_FORMAT,EXTRACTED,VERIFIED_SPECIAL_FORMAT,DUPLICATE_Q:1/2/3/4/8/6/9/23
Previous Years QPs/IS/2023 ISE Odd sem.pdf,QPB-21KSK37-2023-JAN-SEE,97,104,Samskruthika Kannada,21KSK37,3,ISE,2021 Scheme,SEE,JAN 2023,50,60,55,55,0,false,,VERIFIED_SPECIAL_FORMAT,EXTRACTED,VERIFIED_SPECIAL_FORMAT,DUPLICATE_Q:1/2/3/4/8/6/9/23
Previous Years QPs/IS/2023 ISE Odd sem.pdf,QPB-21KSK37-2023-JAN-SEE,105,114,Samskruthika Kannada,21KSK37,3,ISE,2021 Scheme,SEE,JAN 2023,50,60,53,53,0,false,,VERIFIED_SPECIAL_FORMAT,EXTRACTED,VERIFIED_SPECIAL_FORMAT,DUPLICATE_Q:1/2/3/4/8/9/6/23
Previous Years QPs/IS/2023 ISE Odd sem.pdf,QPB-21KSK37-2023-JAN-SEE,115,120,Samskruthika Kannada,21KSK37,3,ISE,2021 Scheme,SEE,JAN 2023,50,60,55,55,0,false,,VERIFIED_SPECIAL_FORMAT,EXTRACTED,VERIFIED_SPECIAL_FORMAT,DUPLICATE_Q:1/2/3/5/8/9/23
Previous Years QPs/IS/2024 ISE Odd sem.pdf,QPB-15MATDIP31-2024-JAN-SEE,3,4,Additional Mathematics – I,15MATDIP31,3,ISE,,SEE,JAN 2024,80,180,10,30,5,false,,VERIFIED_SPECIAL_FORMAT,EXTRACTED,VERIFIED_SPECIAL_FORMAT,
Previous Years QPs/IS/2024 ISE Odd sem.pdf,QPB-BCS301-2024-JAN-SEE,5,8,Mathematics for Computer Science,BCS301,3,ISE,2022 Scheme,SEE,JAN 2024,100,180,10,29,5,true,10,VERIFIED,EXTRACTED,VERIFIED,
Previous Years QPs/IS/2024 ISE Odd sem.pdf,QPB-BCS302-2024-JAN-SEE,9,10,Digital Design and Computer Organization,BCS302,3,ISE,2022 Scheme,SEE,JAN 2024,100,180,10,21,5,true,10,VERIFIED,EXTRACTED,VERIFIED,
Previous Years QPs/IS/2024 ISE Odd sem.pdf,QPB-BCS303-2024-JAN-SEE,11,12,Operating Systems,BCS303,3,ISE,2022 Scheme,SEE,JAN 2024,100,180,10,24,5,true,10,VERIFIED,EXTRACTED,VERIFIED,
Previous Years QPs/IS/2024 ISE Odd sem.pdf,QPB-BCS304-2024-JAN-SEE,13,14,Data Structures and Applications,BCS304,3,ISE,2022 Scheme,SEE,JAN 2024,100,180,10,31,5,true,10,VERIFIED,EXTRACTED,VERIFIED,
Previous Years QPs/IS/2024 ISE Odd sem.pdf,QPB-21CS51-2024-JAN-SEE,15,16,Automata Theory and Compiler Design,21CS51,5,ISE,2021 Scheme,SEE,JAN 2024,100,180,10,24,5,true,10,VERIFIED,EXTRACTED,VERIFIED,
Previous Years QPs/IS/2024 ISE Odd sem.pdf,QPB-21CS52-2024-JAN-SEE,17,18,Computer Networks,21CS52,5,ISE,2021 Scheme,SEE,JAN 2024,100,180,10,22,5,true,10,VERIFIED,EXTRACTED,VERIFIED,
Previous Years QPs/IS/2024 ISE Odd sem.pdf,QPB-21CS53-2024-JAN-SEE,19,20,Database Management Systems,21CS53,5,ISE,2021 Scheme,SEE,JAN 2024,100,180,10,29,5,true,10,VERIFIED,EXTRACTED,VERIFIED,
Previous Years QPs/IS/2024 ISE Odd sem.pdf,QPB-21CS54-2024-JAN-SEE,21,23,Artificial Intelligence and Machine Learning,21CS54,5,ISE,2021 Scheme,SEE,JAN 2024,100,180,10,28,5,true,10,VERIFIED,EXTRACTED,VERIFIED,
Previous Years QPs/IS/2024 ISE Odd sem.pdf,QPB-15IS72-2024-JAN-SEE,24,24,Software Architecture and Design Pattern,15IS72,7,ISE,,SEE,JAN 2024,80,180,10,20,5,false,,VERIFIED_SPECIAL_FORMAT,EXTRACTED,VERIFIED_SPECIAL_FORMAT,
Previous Years QPs/IS/2024 ISE Odd sem.pdf,QPB-18CS71-2024-JAN-SEE,25,26,Artificial Intelligence and Machine Learning,18CS71,7,ISE,2018 Scheme,SEE,JAN 2024,100,180,10,25,5,true,10,VERIFIED,EXTRACTED,VERIFIED,
Previous Years QPs/IS/2024 ISE Odd sem.pdf,QPB-18CS72-2024-JAN-SEE,27,28,Big Data and Analytics,18CS72,7,ISE,2018 Scheme,SEE,JAN 2024,100,180,10,21,5,true,10,VERIFIED,EXTRACTED,VERIFIED,
Previous Years QPs/IS/2024 ISE Odd sem.pdf,QPB-18CS734-2024-JAN-SEE,29,30,User Interface Design,18CS734,7,ISE,2018 Scheme,SEE,JAN 2024,100,180,10,20,5,true,10,VERIFIED,EXTRACTED,VERIFIED,
Previous Years QPs/IS/2024 ISE Odd sem.pdf,QPB-18CS741-2024-JAN-SEE,31,32,Digital Image Processing,18CS741,7,ISE,2018 Scheme,SEE,JAN 2024,100,180,10,29,5,true,10,VERIFIED,EXTRACTED,VERIFIED,
Previous Years QPs/IS/2024 ISE Odd sem.pdf,QPB-18CS745-2024-JAN-SEE,33,33,Robotic Process Automation Design and Development,18CS745,7,ISE,2018 Scheme,SEE,JAN 2024,100,180,10,25,5,true,10,VERIFIED,EXTRACTED,VERIFIED,
Previous Years QPs/IS/2024 ISE Odd sem.pdf,QPB-18CS752-2024-JAN-SEE,34,35,Python Application Programming,18CS752,7,ISE,2018 Scheme,SEE,JAN 2024,100,180,10,27,5,true,10,VERIFIED,EXTRACTED,VERIFIED,
Previous Years QPs/IS/ISE_Even.pdf,QPB-21MAT655-2025-JAN-SEE,4,5,Advanced Linear Algebra,21MAT655,6,ISE,2021 Scheme,SEE,JAN 2025,100,180,10,28,5,true,10,VERIFIED,EXTRACTED,VERIFIED,
Previous Years QPs/IS/ISE_Even.pdf,QPB-BAD402-2025-JAN-SEE,6,8,Artificial Intelligence,BAD402,4,ISE,2022 Scheme,SEE,JAN 2025,100,180,10,20,5,true,10,VERIFIED,EXTRACTED,VERIFIED,
Previous Years QPs/IS/ISE_Even.pdf,QPB-BBOC407-2025-JAN-SEE,9,10,Biology for Engineers (CSE),BBOC407,4,ISE,2022 Scheme,SEE,JAN 2025,100,180,10,30,5,true,10,VERIFIED,EXTRACTED,VERIFIED,
Previous Years QPs/IS/ISE_Even.pdf,QPB-BBOK407-2025-JAN-SEE,11,12,Biology for Engineers,BBOK407,4,ISE,2022 Scheme,SEE,JAN 2025,100,180,10,30,5,true,10,VERIFIED,EXTRACTED,VERIFIED,
Previous Years QPs/IS/ISE_Even.pdf,QPB-BCB402-2025-JAN-SEE,13,14,Financial Management,BCB402,4,ISE,2022 Scheme,SEE,JAN 2025,100,180,10,22,5,true,10,VERIFIED,EXTRACTED,VERIFIED,
Previous Years QPs/IS/ISE_Even.pdf,QPB-BCS401-2025-JAN-SEE,15,17,Analysis and Design of Algorithms,BCS401,4,ISE,2022 Scheme,SEE,JAN 2025,100,180,10,23,5,true,10,VERIFIED,EXTRACTED,VERIFIED,
Previous Years QPs/IS/ISE_Even.pdf,QPB-BCS402-2025-JAN-SEE,18,19,Microcontroller,BCS402,4,ISE,2022 Scheme,SEE,JAN 2025,100,180,10,29,5,true,10,VERIFIED,EXTRACTED,VERIFIED,
Previous Years QPs/IS/ISE_Even.pdf,QPB-BCS403-2025-JAN-SEE,20,22,Database Management System,BCS403,4,ISE,2022 Scheme,SEE,JAN 2025,100,180,10,33,5,true,10,VERIFIED,EXTRACTED,VERIFIED,
Previous Years QPs/IS/ISE_Even.pdf,QPB-BCS405A-2025-JAN-SEE,23,24,Discrete Mathematical Structures,BCS405A,4,ISE,2022 Scheme,SEE,JAN 2025,100,180,10,34,5,true,10,VERIFIED,EXTRACTED,VERIFIED,
Previous Years QPs/IS/ISE_Even.pdf,QPB-BCS456B-2025-JAN-MODEL,25,30,Capacity Planning for IT,BCS456B,4,ISE,,MODEL,JAN 2025,50,60,50,50,0,false,,VERIFIED_SPECIAL_FORMAT,EXTRACTED,VERIFIED_SPECIAL_FORMAT,DUPLICATE_Q:1/2/3/4
Previous Years QPs/IS/ISE_Even.pdf,QPB-BCS456C-2025-JAN-MODEL,31,38,Data Science and Visualization,BCS456C,4,ISE,,MODEL,JAN 2025,50,60,48,48,0,false,,VERIFIED_SPECIAL_FORMAT,EXTRACTED,VERIFIED_SPECIAL_FORMAT,DUPLICATE_Q:1/3/4/5
Previous Years QPs/IS/ISE_Even.pdf,QPB-BIS402-2025-JAN-SEE,39,40,Advance Java,BIS402,4,ISE,2022 Scheme,SEE,JAN 2025,100,180,10,28,5,true,10,VERIFIED,EXTRACTED,VERIFIED,
Previous Years QPs/IS/ISE_Even.pdf,QPB-BUHK408-2025-JAN-SEE,41,44,Universal Human Values,BUHK408,4,ISE,2022 Scheme,SEE,JAN 2025,50,60,52,52,0,false,,VERIFIED_SPECIAL_FORMAT,EXTRACTED,VERIFIED_SPECIAL_FORMAT,DUPLICATE_Q:1/2/3/4/5
Previous Years QPs/IS/ISE_Even.pdf,QPB-21CS61-2025-JAN-SEE,45,45,Software Engineering and Project Management,21CS61,6,ISE,2021 Scheme,SEE,JAN 2025,100,180,10,20,5,true,10,VERIFIED,EXTRACTED,VERIFIED,
Previous Years QPs/IS/ISE_Even.pdf,QPB-21CS62-2025-JAN-SEE,46,47,Full Stack Development,21CS62,6,ISE,2021 Scheme,SEE,JAN 2025,100,180,10,20,5,true,10,VERIFIED,EXTRACTED,VERIFIED,
Previous Years QPs/IS/ISE_Even.pdf,QPB-21CS644-2025-JAN-SEE,48,49,Data Science and Visualization,21CS644,6,ISE,2021 Scheme,SEE,JAN 2025,100,180,10,29,5,true,10,VERIFIED,EXTRACTED,VERIFIED,
Previous Years QPs/IS/ISE_Even.pdf,QPB-21IS643-2025-JAN-SEE,50,51,Data Mining and Data Warehousing,21IS643,6,ISE,2021 Scheme,SEE,JAN 2025,100,180,10,20,5,true,10,VERIFIED,EXTRACTED,VERIFIED,
Previous Years QPs/IS/ISE_Even.pdf,QPB-21MAT655-2025-JAN-SEE,52,53,Advanced Linear Algebra,21MAT655,6,ISE,2021 Scheme,SEE,JAN 2025,100,180,10,28,5,true,10,VERIFIED,EXTRACTED,VERIFIED,
Previous Years QPs/IS/ISE_Even.pdf,QPB-18CS42-2025-JAN-SEE,54,55,Design and Analysis of Algorithm,18CS42,4,ISE,2018 Scheme,SEE,JAN 2025,100,180,10,20,5,true,10,VERIFIED,EXTRACTED,VERIFIED,
Previous Years QPs/IS/ISE_Even.pdf,QPB-18CS43-2025-JAN-SEE,56,57,Operating Systems,18CS43,4,ISE,2018 Scheme,SEE,JAN 2025,100,180,10,24,5,true,10,VERIFIED,EXTRACTED,VERIFIED,
Previous Years QPs/IS/ISE_Even.pdf,QPB-18CS44-2025-JAN-SEE,58,59,Microcontroller and Embedded Systems,18CS44,4,ISE,2018 Scheme,SEE,JAN 2025,100,180,10,27,5,true,10,VERIFIED,EXTRACTED,VERIFIED,
Previous Years QPs/IS/ISE_Even.pdf,QPB-18CS45-2025-JAN-SEE,60,61,Object Oriented Concepts,18CS45,4,ISE,2018 Scheme,SEE,JAN 2025,100,180,10,22,5,true,10,VERIFIED,EXTRACTED,VERIFIED,
Previous Years QPs/IS/ISE_Even.pdf,QPB-18CS46-2025-JAN-SEE,62,63,Data Communication,18CS46,4,ISE,2018 Scheme,SEE,JAN 2025,100,180,10,30,5,true,10,VERIFIED,EXTRACTED,VERIFIED,
Previous Years QPs/IS/ISE_Even.pdf,QPB-18CS61-2025-JAN-SEE,64,65,System Software and Compilers,18CS61,6,ISE,2018 Scheme,SEE,JAN 2025,100,180,10,33,5,true,10,VERIFIED,EXTRACTED,VERIFIED,
Previous Years QPs/IS/ISE_Even.pdf,QPB-18CS62-2025-JAN-SEE,66,67,Computer Graphics and Visualization,18CS62,6,ISE,2018 Scheme,SEE,JAN 2025,100,180,10,21,5,true,10,VERIFIED,EXTRACTED,VERIFIED,
Previous Years QPs/IS/ISE_Even.pdf,QPB-18CS63-2025-JAN-SEE,68,69,Web Technology and its Applications,18CS63,6,ISE,2018 Scheme,SEE,JAN 2025,100,180,10,30,5,true,10,VERIFIED,EXTRACTED,VERIFIED,
Previous Years QPs/IS/ISE_Even.pdf,QPB-18CS641-2025-JAN-SEE,70,71,Data Mining and Data Warehousing,18CS641,6,ISE,2018 Scheme,SEE,JAN 2025,100,180,10,22,5,true,10,VERIFIED,EXTRACTED,VERIFIED,
Previous Years QPs/IS/ISE_Even.pdf,QPB-18CS651-2025-JAN-SEE,72,73,Mobile Application Development,18CS651,6,ISE,2018 Scheme,SEE,JAN 2025,100,180,10,24,5,true,10,VERIFIED,EXTRACTED,VERIFIED,
Previous Years QPs/IS/ISE_Even.pdf,QPB-18CS653-2025-JAN-SEE,74,75,Programming in Java,18CS653,6,ISE,2018 Scheme,SEE,JAN 2025,100,180,10,30,5,true,10,VERIFIED,EXTRACTED,VERIFIED,
Previous Years QPs/IS/ISE_Even.pdf,QPB-18IS61-2025-JAN-SEE,76,77,File Structures,18IS61,6,ISE,2018 Scheme,SEE,JAN 2025,100,180,10,22,5,true,10,VERIFIED,EXTRACTED,VERIFIED,
Previous Years QPs/IS/ISE_Even.pdf,QPB-18IS62-2025-JAN-SEE,78,79,Software Testing,18IS62,6,ISE,2018 Scheme,SEE,JAN 2025,100,180,10,22,5,true,10,VERIFIED,EXTRACTED,VERIFIED,
Previous Years QPs/IS/ISE_Even.pdf,QPB-18MAT41-2025-JAN-SEE,80,82,"Complex Analysis, Probability and Statistical Methods",18MAT41,4,ISE,2018 Scheme,SEE,JAN 2025,100,180,10,30,5,true,10,VERIFIED,EXTRACTED,VERIFIED,
Previous Years QPs/IS/ISE_Odd.pdf,QPB-BAD515B-2025-JAN-SEE,4,5,Data Warehousing,BAD515B,5,ISE,2022 Scheme,SEE,JAN 2025,100,180,10,20,5,true,10,VERIFIED,EXTRACTED,VERIFIED,
Previous Years QPs/IS/ISE_Odd.pdf,QPB-BAI515A-2025-JAN-SEE,6,7,Computer Vision,BAI515A,5,ISE,2022 Scheme,SEE,JAN 2025,100,180,10,21,5,true,10,VERIFIED,EXTRACTED,VERIFIED,
Previous Years QPs/IS/ISE_Odd.pdf,QPB-BCB501-2025-JAN-SEE,8,9,Fundamentals of Management,BCB501,5,ISE,2022 Scheme,SEE,JAN 2025,100,180,10,20,5,true,10,VERIFIED,EXTRACTED,VERIFIED,
Previous Years QPs/IS/ISE_Odd.pdf,QPB-BCB515A-2025-JAN-SEE,10,11,Marketing Research and Marketing Management,BCB515A,5,ISE,,SEE,JAN 2025,100,180,10,28,5,true,10,VERIFIED,EXTRACTED,VERIFIED,
Previous Years QPs/IS/ISE_Odd.pdf,QPB-BDS301-2025-JAN-SEE,12,14,Mathematics – III for Computer Science Stream,BDS301,3,ISE,2022 Scheme,SEE,JAN 2025,100,180,10,29,5,true,10,VERIFIED,EXTRACTED,VERIFIED,
Previous Years QPs/IS/ISE_Odd.pdf,QPB-BCS302-2025-JAN-SEE,15,16,Digital Design and Computer Organization,BCS302,3,ISE,2022 Scheme,SEE,JAN 2025,100,180,10,23,5,true,10,VERIFIED,EXTRACTED,VERIFIED,
Previous Years QPs/IS/ISE_Odd.pdf,QPB-BCS303-2025-JAN-SEE,17,18,Operating Systems,BCS303,3,ISE,2022 Scheme,SEE,JAN 2025,100,180,10,24,5,true,10,VERIFIED,EXTRACTED,VERIFIED,
Previous Years QPs/IS/ISE_Odd.pdf,QPB-BCS304-2025-JAN-SEE,19,20,Data Structures and Applications,BCS304,3,ISE,2022 Scheme,SEE,JAN 2025,100,180,10,29,5,true,10,VERIFIED,EXTRACTED,VERIFIED,
Previous Years QPs/IS/ISE_Odd.pdf,QPB-BCS306A-2025-JAN-SEE,21,22,Object Oriented Programming with JAVA,BCS306A,3,ISE,2022 Scheme,SEE,JAN 2025,100,180,10,24,5,true,10,VERIFIED,EXTRACTED,VERIFIED,
Previous Years QPs/IS/ISE_Odd.pdf,QPB-BCS501-2025-JAN-SEE,23,23,Software Engineering and Project Management,BCS501,5,ISE,2022 Scheme,SEE,JAN 2025,100,180,10,20,5,true,10,VERIFIED,EXTRACTED,VERIFIED,
Previous Years QPs/IS/ISE_Odd.pdf,QPB-BCS502-2025-JAN-SEE,24,25,Computer Networks,BCS502,5,ISE,2022 Scheme,SEE,JAN 2025,100,180,10,26,5,true,10,VERIFIED,EXTRACTED,VERIFIED,
Previous Years QPs/IS/ISE_Odd.pdf,QPB-BCS503-2025-JAN-SEE,26,28,Theory of Computation,BCS503,5,ISE,2022 Scheme,SEE,JAN 2025,100,180,10,30,5,true,10,VERIFIED,EXTRACTED,VERIFIED,
Previous Years QPs/IS/ISE_Odd.pdf,QPB-BCS508-2025-JAN-SEE,29,34,Environmental Studies and E – Waste Management,BCS508,5,ISE,2022 Scheme,SEE,JAN 2025,50,60,51,51,0,false,,VERIFIED_SPECIAL_FORMAT,EXTRACTED,VERIFIED_SPECIAL_FORMAT,DUPLICATE_Q:1/2/3/4/5
Previous Years QPs/IS/ISE_Odd.pdf,QPB-BCS508-2025-JAN-SEE,35,40,Environmental Studies and E – Waste Management,BCS508,5,ISE,2022 Scheme,SEE,JAN 2025,50,60,51,51,0,false,,VERIFIED_SPECIAL_FORMAT,EXTRACTED,VERIFIED_SPECIAL_FORMAT,DUPLICATE_Q:1/2/3/4/5
Previous Years QPs/IS/ISE_Odd.pdf,QPB-BCS508-2025-JAN-SEE,41,46,Environmental Studies and E – Waste Management,BCS508,5,ISE,2022 Scheme,SEE,JAN 2025,50,60,51,51,0,false,,VERIFIED_SPECIAL_FORMAT,EXTRACTED,VERIFIED_SPECIAL_FORMAT,DUPLICATE_Q:1/2/3/4/5
Previous Years QPs/IS/ISE_Odd.pdf,QPB-BCS508-2025-JAN-SEE,47,52,Environmental Studies and E – Waste Management,BCS508,5,ISE,2022 Scheme,SEE,JAN 2025,50,60,51,51,0,false,,VERIFIED_SPECIAL_FORMAT,EXTRACTED,VERIFIED_SPECIAL_FORMAT,DUPLICATE_Q:1/2/3/4/5
Previous Years QPs/IS/ISE_Odd.pdf,QPB-BCS515B-2025-JAN-SEE,53,55,Artificial Intelligence,BCS515B,5,ISE,2022 Scheme,SEE,JAN 2025,100,180,10,30,5,true,10,VERIFIED,EXTRACTED,VERIFIED,
Previous Years QPs/IS/ISE_Odd.pdf,QPB-BESK508-2025-JAN-SEE,56,59,Environmental Studies,BESK508,5,ISE,2022 Scheme,SEE,JAN 2025,50,60,52,52,0,false,,VERIFIED_SPECIAL_FORMAT,EXTRACTED,VERIFIED_SPECIAL_FORMAT,DUPLICATE_Q:1/2/3/4/5
Previous Years QPs/IS/ISE_Odd.pdf,QPB-BESK508-2025-JAN-SEE,60,63,Environmental Studies,BESK508,5,ISE,2022 Scheme,SEE,JAN 2025,50,60,52,52,0,false,,VERIFIED_SPECIAL_FORMAT,EXTRACTED,VERIFIED_SPECIAL_FORMAT,DUPLICATE_Q:1/2/3/4/5
Previous Years QPs/IS/ISE_Odd.pdf,QPB-BESK508-2025-JAN-SEE,64,67,Environmental Studies,BESK508,5,ISE,2022 Scheme,SEE,JAN 2025,50,60,52,52,0,false,,VERIFIED_SPECIAL_FORMAT,EXTRACTED,VERIFIED_SPECIAL_FORMAT,DUPLICATE_Q:1/2/3/4/5
Previous Years QPs/IS/ISE_Odd.pdf,QPB-BESK508-2025-JAN-SEE,68,71,Environmental Studies,BESK508,5,ISE,2022 Scheme,SEE,JAN 2025,50,60,52,52,0,false,,VERIFIED_SPECIAL_FORMAT,EXTRACTED,VERIFIED_SPECIAL_FORMAT,DUPLICATE_Q:1/2/3/4/5
Previous Years QPs/IS/ISE_Odd.pdf,QPB-BMATEC301/BEC301/BBM301-2025-JAN-SEE,72,74,AV Mathematics III for EC/ BM Engineering,BMATEC301/BEC301/BBM301,3,ISE,2022 Scheme,SEE,JAN 2025,100,180,10,30,5,true,10,VERIFIED,EXTRACTED,VERIFIED,
Previous Years QPs/IS/ISE_Odd.pdf,QPB-BRMK557-2025-JAN-SEE,75,76,Research Methodology and IPR,BRMK557,5,ISE,2022 Scheme,SEE,JAN 2025,100,180,10,20,5,true,10,VERIFIED,EXTRACTED,VERIFIED,
Previous Years QPs/IS/ISE_Odd.pdf,QPB-21CS51-2025-JAN-SEE,77,79,Automata Theory and Compiler Design,21CS51,5,ISE,2021 Scheme,SEE,JAN 2025,100,180,10,29,5,true,10,VERIFIED,EXTRACTED,VERIFIED,
Previous Years QPs/IS/ISE_Odd.pdf,QPB-21CS52-2025-JAN-SEE,80,81,Computer Networks,21CS52,5,ISE,2021 Scheme,SEE,JAN 2025,100,180,10,20,5,true,10,VERIFIED,EXTRACTED,VERIFIED,
Previous Years QPs/IS/ISE_Odd.pdf,QPB-21CS53-2025-JAN-SEE,82,83,Database Management Systems,21CS53,5,ISE,2021 Scheme,SEE,JAN 2025,100,180,10,28,5,true,10,VERIFIED,EXTRACTED,VERIFIED,
Previous Years QPs/IS/ISE_Odd.pdf,QPB-21CS71-2025-JAN-SEE,84,85,Big Data Analytics,21CS71,7,ISE,2021 Scheme,SEE,JAN 2025,100,180,10,22,5,true,10,VERIFIED,EXTRACTED,VERIFIED,
Previous Years QPs/IS/ISE_Odd.pdf,QPB-21CS72-2025-JAN-SEE,86,86,Cloud Computing,21CS72,7,ISE,2021 Scheme,SEE,JAN 2025,100,180,10,20,5,true,10,VERIFIED,EXTRACTED,VERIFIED,
Previous Years QPs/IS/ISE_Odd.pdf,QPB-21CS735-2025-JAN-SEE,87,88,Internet of Things,21CS735,7,ISE,2021 Scheme,SEE,JAN 2025,100,180,10,25,5,true,10,VERIFIED,EXTRACTED,VERIFIED,
Previous Years QPs/IS/ISE_Odd.pdf,QPB-21CS741-2025-JAN-SEE,89,90,Software Architecture and Design Patterns,21CS741,7,ISE,2021 Scheme,SEE,JAN 2025,100,180,10,26,5,true,10,VERIFIED,EXTRACTED,VERIFIED,
Previous Years QPs/IS/ISE_Odd.pdf,QPB-21CS743-2025-JAN-SEE,91,92,Deep Learning,21CS743,7,ISE,2021 Scheme,SEE,JAN 2025,100,180,10,20,5,true,10,VERIFIED,EXTRACTED,VERIFIED,
Previous Years QPs/IS/ISE_Odd.pdf,QPB-21CS752-2025-JAN-SEE,93,94,Introduction to AI and ML,21CS752,7,ISE,2021 Scheme,SEE,JAN 2025,100,180,10,24,5,true,10,VERIFIED,EXTRACTED,VERIFIED,
Previous Years QPs/IS/ISE_Odd.pdf,QPB-21IS71-2025-JAN-SEE,95,96,Cryptography and Network Security,21IS71,7,ISE,2021 Scheme,SEE,JAN 2025,100,180,10,23,5,true,10,VERIFIED,EXTRACTED,VERIFIED,
Previous Years QPs/IS/ISE_Odd.pdf,QPB-21MAT755-2025-JAN-SEE,97,99,Advanced Mathematical Methods,21MAT755,7,ISE,2021 Scheme,SEE,JAN 2025,100,180,10,25,5,true,10,VERIFIED,EXTRACTED,VERIFIED,
Previous Years QPs/IS/ISE_Odd.pdf,QPB-21RMI56-2025-JAN-SEE,100,101,Research Methodology and Intellectual Property Rights,21RMI56,5,ISE,2021 Scheme,SEE,JAN 2025,100,180,10,30,5,true,10,VERIFIED,EXTRACTED,VERIFIED,
Previous Years QPs/IS/ISE_Odd.pdf,QPB-18CS32-2025-JAN-SEE,102,103,Data Structures and Applications,18CS32,3,ISE,2018 Scheme,SEE,JAN 2025,100,180,10,30,5,true,10,VERIFIED,EXTRACTED,VERIFIED,
Previous Years QPs/IS/ISE_Odd.pdf,QPB-18CS33-2025-JAN-SEE,104,105,Analog and Digital Electronics,18CS33,3,ISE,2018 Scheme,SEE,JAN 2025,100,180,10,29,5,true,10,VERIFIED,EXTRACTED,VERIFIED,
Previous Years QPs/IS/ISE_Odd.pdf,QPB-18CS34-2025-JAN-SEE,106,107,Computer Organization,18CS34,3,ISE,2018 Scheme,SEE,JAN 2025,100,180,10,30,5,true,10,VERIFIED,EXTRACTED,VERIFIED,
Previous Years QPs/IS/ISE_Odd.pdf,QPB-18CS35-2025-JAN-SEE,108,109,Software Engineering,18CS35,3,ISE,2018 Scheme,SEE,JAN 2025,100,180,10,20,5,true,10,VERIFIED,EXTRACTED,VERIFIED,
Previous Years QPs/IS/ISE_Odd.pdf,QPB-18CS52-2025-JAN-SEE,110,111,Computer Networks and Security,18CS52,5,ISE,2018 Scheme,SEE,JAN 2025,100,180,10,24,5,true,10,VERIFIED,EXTRACTED,VERIFIED,
Previous Years QPs/IS/ISE_Odd.pdf,QPB-18CS53-2025-JAN-SEE,112,113,Database Management Systems,18CS53,5,ISE,2018 Scheme,SEE,JAN 2025,100,180,10,28,5,true,10,VERIFIED,EXTRACTED,VERIFIED,
Previous Years QPs/IS/ISE_Odd.pdf,QPB-18CS54-2025-JAN-SEE,114,115,Automata Theory and Computability,18CS54,5,ISE,2018 Scheme,SEE,JAN 2025,100,180,10,35,5,true,10,VERIFIED,EXTRACTED,VERIFIED,
Previous Years QPs/IS/ISE_Odd.pdf,QPB-18CS55-2025-JAN-SEE,116,117,Application Development using Python,18CS55,5,ISE,2018 Scheme,SEE,JAN 2025,100,180,10,26,5,true,10,VERIFIED,EXTRACTED,VERIFIED,
Previous Years QPs/IS/ISE_Odd.pdf,QPB-18CS734-2025-JAN-SEE,118,118,User Interface Design,18CS734,7,ISE,2018 Scheme,SEE,JAN 2025,100,180,10,20,5,true,10,VERIFIED,EXTRACTED,VERIFIED,
Previous Years QPs/IS/ISE_Odd.pdf,QPB-18CS745-2025-JAN-SEE,119,120,Robotic Process Automation Design and Development,18CS745,7,ISE,2018 Scheme,SEE,JAN 2025,100,180,10,28,5,true,10,VERIFIED,EXTRACTED,VERIFIED,
Previous Years QPs/IS/ISE_Odd.pdf,QPB-18MAT31-2025-JAN-SEE,121,123,"Transform Calculus, Fourier Series and Numerical Techniques",18MAT31,3,ISE,2018 Scheme,SEE,JAN 2025,100,180,10,31,5,true,10,VERIFIED,EXTRACTED,VERIFIED,
Previous Years QPs/IS/ISE_Odd.pdf,QPB-18MAT753-2025-JAN-SEE,124,127,Advanced Mathematical Methods,18MAT753,7,ISE,2018 Scheme,SEE,JAN 2025,100,180,10,25,5,true,10,VERIFIED,EXTRACTED,VERIFIED,
Previous Years QPs/MBA/MBA QP 2023-24.pdf,QPB-22MBA11-2024-JAN-SEE,3,4,Principles of Management and Organizational Behaviour,22MBA11,1,MBA,,SEE,JAN 2024,100,180,8,23,0,false,,VERIFIED_SPECIAL_FORMAT,EXTRACTED,VERIFIED_SPECIAL_FORMAT,
Previous Years QPs/MBA/MBA QP 2023-24.pdf,QPB-22MBA12-2024-JAN-SEE,5,6,Entrepreneurship Development,22MBA12,1,MBA,,SEE,JAN 2024,100,180,8,22,0,false,,VERIFIED_SPECIAL_FORMAT,EXTRACTED,VERIFIED_SPECIAL_FORMAT,
Previous Years QPs/MBA/MBA QP 2023-24.pdf,QPB-22MBA13-2024-JAN-SEE,7,10,Accounting for Managers,22MBA13,1,MBA,,SEE,JAN 2024,100,180,8,22,0,false,,VERIFIED_SPECIAL_FORMAT,EXTRACTED,VERIFIED_SPECIAL_FORMAT,
Previous Years QPs/MBA/MBA QP 2023-24.pdf,QPB-22MBA14-2024-JAN-SEE,11,12,Statistics for Managers,22MBA14,1,MBA,,SEE,JAN 2024,100,180,8,24,0,false,,VERIFIED_SPECIAL_FORMAT,EXTRACTED,VERIFIED_SPECIAL_FORMAT,
Previous Years QPs/MBA/MBA QP 2023-24.pdf,QPB-22MBA15-2024-JAN-SEE,13,14,Marketing Management,22MBA15,1,MBA,,SEE,JAN 2024,100,180,8,25,0,false,,VERIFIED_SPECIAL_FORMAT,EXTRACTED,VERIFIED_SPECIAL_FORMAT,
Previous Years QPs/MBA/MBA QP 2023-24.pdf,QPB-22MBA16-2024-JAN-SEE,15,16,Business Communication,22MBA16,1,MBA,,SEE,JAN 2024,100,180,8,22,0,false,,VERIFIED_SPECIAL_FORMAT,EXTRACTED,VERIFIED_SPECIAL_FORMAT,
Previous Years QPs/MBA/MBA QP 2023-24.pdf,QPB-22MBA401-2024-JUN-SEE,17,18,International Business,22MBA401,4,MBA,,SEE,JUN 2024,100,180,8,24,0,false,,VERIFIED_SPECIAL_FORMAT,EXTRACTED,VERIFIED_SPECIAL_FORMAT,
Previous Years QPs/MBA/MBA Qp- Dec 2024-25.pdf,QPB-MBA101-2025-JAN-SEE,3,4,Management and Organizational Behaviour,MBA101,1,MBA,,SEE,JAN 2025,100,180,8,23,0,false,,VERIFIED_SPECIAL_FORMAT,EXTRACTED,VERIFIED_SPECIAL_FORMAT,
Previous Years QPs/MBA/MBA Qp- Dec 2024-25.pdf,QPB-MBA102-2025-JAN-SEE,5,8,Financial Accounting and Reporting,MBA102,1,MBA,,SEE,JAN 2025,100,180,8,22,0,false,,VERIFIED_SPECIAL_FORMAT,EXTRACTED,VERIFIED_SPECIAL_FORMAT,
Previous Years QPs/MBA/MBA Qp- Dec 2024-25.pdf,QPB-MBA103-2025-JAN-SEE,9,9,Economics for Decision Making,MBA103,1,MBA,,SEE,JAN 2025,100,180,8,23,0,false,,VERIFIED_SPECIAL_FORMAT,EXTRACTED,VERIFIED_SPECIAL_FORMAT,
Previous Years QPs/MBA/MBA Qp- Dec 2024-25.pdf,QPB-MBA104-2025-JAN-SEE,10,12,Business Statistics,MBA104,1,MBA,,SEE,JAN 2025,100,180,8,23,0,false,,VERIFIED_SPECIAL_FORMAT,EXTRACTED,VERIFIED_SPECIAL_FORMAT,
Previous Years QPs/MBA/MBA Qp- Dec 2024-25.pdf,QPB-MBA105-2025-JAN-SEE,13,14,Marketing Management,MBA105,1,MBA,,SEE,JAN 2025,100,180,8,25,0,false,,VERIFIED_SPECIAL_FORMAT,EXTRACTED,VERIFIED_SPECIAL_FORMAT,
Previous Years QPs/MBA/MBA Qp- Dec 2024-25.pdf,QPB-MBA106-2025-JAN-SEE,15,16,Managerial Communication,MBA106,1,MBA,,SEE,JAN 2025,100,180,8,22,0,false,,VERIFIED_SPECIAL_FORMAT,EXTRACTED,VERIFIED_SPECIAL_FORMAT,
Previous Years QPs/MBA/MBA Qp- Dec 2024-25.pdf,QPB-22MBA22-2025-JAN-SEE,17,19,Financial Management,22MBA22,2,MBA,,SEE,JAN 2025,100,180,8,22,0,false,,VERIFIED_SPECIAL_FORMAT,EXTRACTED,VERIFIED_SPECIAL_FORMAT,
Previous Years QPs/MBA/MBA Qp- Dec 2024-25.pdf,QPB-22MBA23-2025-JAN-SEE,20,21,Research Methodology and IPR,22MBA23,2,MBA,,SEE,JAN 2025,100,180,8,24,0,false,,VERIFIED_SPECIAL_FORMAT,EXTRACTED,VERIFIED_SPECIAL_FORMAT,
Previous Years QPs/MBA/MBA Qp- Dec 2024-25.pdf,QPB-22MBA24-2025-JAN-SEE,22,24,Operations Research,22MBA24,2,MBA,,SEE,JAN 2025,100,180,8,23,0,false,,VERIFIED_SPECIAL_FORMAT,EXTRACTED,VERIFIED_SPECIAL_FORMAT,
Previous Years QPs/MBA/MBA Qp- Dec 2024-25.pdf,QPB-22MBA301-2025-JAN-SEE,25,26,Logistics and Supply Chain Management,22MBA301,3,MBA,,SEE,JAN 2025,100,180,8,23,0,false,,VERIFIED_SPECIAL_FORMAT,EXTRACTED,VERIFIED_SPECIAL_FORMAT,
Previous Years QPs/MBA/MBA Qp- Dec 2024-25.pdf,QPB-22MBA302-2025-JAN-SEE,27,28,Information Technology for Managers,22MBA302,3,MBA,,SEE,JAN 2025,100,180,8,23,0,false,,VERIFIED_SPECIAL_FORMAT,EXTRACTED,VERIFIED_SPECIAL_FORMAT,
Previous Years QPs/MBA/MBA Qp- Dec 2024-25.pdf,QPB-22MBAFM303-2025-JAN-SEE,29,31,Strategic Cost Management,22MBAFM303,3,MBA,,SEE,JAN 2025,100,180,8,22,0,false,,VERIFIED_SPECIAL_FORMAT,EXTRACTED,VERIFIED_SPECIAL_FORMAT,
Previous Years QPs/MBA/MBA Qp- Dec 2024-25.pdf,QPB-22MBAHR303-2025-JAN-SEE,32,33,Recruitment and Selection,22MBAHR303,3,MBA,,SEE,JAN 2025,100,180,8,22,0,false,,VERIFIED_SPECIAL_FORMAT,EXTRACTED,VERIFIED_SPECIAL_FORMAT,
Previous Years QPs/MBA/MBA Qp- Dec 2024-25.pdf,QPB-22MBAMM303-2025-JAN-SEE,34,34,Consumer Behaviour,22MBAMM303,3,MBA,,SEE,JAN 2025,100,180,8,23,0,false,,VERIFIED_SPECIAL_FORMAT,EXTRACTED,VERIFIED_SPECIAL_FORMAT,
Previous Years QPs/MBA/MBA Qp- Dec 2024-25.pdf,QPB-22MBAFM304-2025-JAN-SEE,35,36,Security Analysis and Portfolio Management,22MBAFM304,3,MBA,,SEE,JAN 2025,100,180,8,24,0,false,,VERIFIED_SPECIAL_FORMAT,EXTRACTED,VERIFIED_SPECIAL_FORMAT,
Previous Years QPs/MBA/MBA Qp- Dec 2024-25.pdf,QPB-22MBAHR304-2025-JAN-SEE,37,38,Industrial Relations and Legislations,22MBAHR304,3,MBA,,SEE,JAN 2025,100,180,8,25,0,false,,VERIFIED_SPECIAL_FORMAT,EXTRACTED,VERIFIED_SPECIAL_FORMAT,
Previous Years QPs/MBA/MBA Qp- Dec 2024-25.pdf,QPB-22MBAMM304-2025-JAN-SEE,39,40,Sales and Retail Management,22MBAMM304,3,MBA,,SEE,JAN 2025,100,180,8,23,0,false,,VERIFIED_SPECIAL_FORMAT,EXTRACTED,VERIFIED_SPECIAL_FORMAT,
Previous Years QPs/MBA/MBA Qp- Dec 2024-25.pdf,QPB-22MBAHR404-2025-JAN-SEE,41,42,Global HRM,22MBAHR404,4,MBA,,SEE,JAN 2025,100,180,8,23,0,false,,VERIFIED_SPECIAL_FORMAT,EXTRACTED,VERIFIED_SPECIAL_FORMAT,
Previous Years QPs/MCA/2022 MCA Even sem.pdf,QPB-20MCA11-2022-JUN-SEE,3,4,Data Structures with Algorithms,20MCA11,1,MCA,2020 Scheme,SEE,JUN 2022,100,180,10,26,5,true,10,VERIFIED,EXTRACTED,VERIFIED,
Previous Years QPs/MCA/2022 MCA Even sem.pdf,QPB-20MCA12-2022-JUN-SEE,5,5,Operating System with UNIX,20MCA12,1,MCA,2020 Scheme,SEE,JUN 2022,100,180,10,22,5,true,10,VERIFIED,EXTRACTED,VERIFIED,
Previous Years QPs/MCA/2022 MCA Even sem.pdf,QPB-20MCA13-2022-JUN-SEE,6,7,Computer Networks,20MCA13,1,MCA,2020 Scheme,SEE,JUN 2022,100,180,10,24,5,true,10,VERIFIED,EXTRACTED,VERIFIED,
Previous Years QPs/MCA/2022 MCA Even sem.pdf,QPB-20MCA14-2022-JUN-SEE,8,10,Mathematical Foundation for Computer Applications,20MCA14,1,MCA,2020 Scheme,SEE,JUN 2022,100,180,10,29,5,true,10,VERIFIED,EXTRACTED,VERIFIED,
Previous Years QPs/MCA/2022 MCA Even sem.pdf,QPB-20MCA15-2022-JUN-SEE,11,11,Research Methodology and IPR,20MCA15,1,MCA,2020 Scheme,SEE,JUN 2022,100,180,10,20,5,true,10,VERIFIED,EXTRACTED,VERIFIED,
Previous Years QPs/MCA/2022 MCA Even sem.pdf,QPB-20MCA21-2022-JUN-SEE,12,12,Database Management System,20MCA21,2,MCA,2020 Scheme,SEE,JUN 2022,100,180,10,20,5,true,10,VERIFIED,EXTRACTED,VERIFIED,
Previous Years QPs/MCA/2022 MCA Even sem.pdf,QPB-20MCA22-2022-JUN-SEE,13,14,Object Oriented Programming with Java,20MCA22,2,MCA,2020 Scheme,SEE,JUN 2022,100,180,10,20,5,true,10,VERIFIED,EXTRACTED,VERIFIED,
Previous Years QPs/MCA/2022 MCA Even sem.pdf,QPB-20MCA23-2022-JUN-SEE,15,16,WEB Technologies,20MCA23,2,MCA,2020 Scheme,SEE,JUN 2022,100,180,10,25,5,true,10,VERIFIED,EXTRACTED,VERIFIED,
Previous Years QPs/MCA/2022 MCA Even sem.pdf,QPB-20MCA24-2022-JUN-SEE,17,18,Software Engineering,20MCA24,2,MCA,2020 Scheme,SEE,JUN 2022,100,180,10,20,5,true,10,VERIFIED,EXTRACTED,VERIFIED,
Previous Years QPs/MCA/2022 MCA Even sem.pdf,QPB-20MCA251-2022-JUN-SEE,19,19,Cyber Security,20MCA251,2,MCA,2020 Scheme,SEE,JUN 2022,100,180,10,23,5,true,10,VERIFIED,EXTRACTED,VERIFIED,
Previous Years QPs/MCA/2022 MCA Even sem.pdf,QPB-20MCA263-2022-JUN-SEE,20,21,Mobile Applications Development,20MCA263,2,MCA,2020 Scheme,SEE,JUN 2022,100,180,10,26,5,true,10,VERIFIED,EXTRACTED,VERIFIED,
Previous Years QPs/MCA/2022 MCA Even sem.pdf,QPB-20MCA41-2022-JUN-SEE,22,22,Advances in Web Technologies,20MCA41,4,MCA,2020 Scheme,SEE,JUN 2022,100,180,10,24,5,true,10,VERIFIED,EXTRACTED,VERIFIED,
Previous Years QPs/MCA/2022 MCA Even sem.pdf,QPB-20MCA42-2022-JUN-MAKEUP,23,24,Programming using C#,20MCA42,4,MCA,2020 Scheme,MAKEUP,JUN 2022,100,180,10,20,5,false,,VERIFIED_SPECIAL_FORMAT,EXTRACTED,VERIFIED_SPECIAL_FORMAT,
Previous Years QPs/MCA/2022 MCA Even sem.pdf,QPB-18MCA51-2022-JUN-SEE,25,26,Programming using C# .Net,18MCA51,5,MCA,2018 Scheme,SEE,JUN 2022,100,180,10,26,5,true,10,VERIFIED,EXTRACTED,VERIFIED,
Previous Years QPs/MCA/2022 MCA Even sem.pdf,QPB-18MCA52-2022-JUN-SEE,27,28,Mobile Applications,18MCA52,5,MCA,2018 Scheme,SEE,JUN 2022,100,180,10,26,5,true,10,VERIFIED,EXTRACTED,VERIFIED,
Previous Years QPs/MCA/2022 MCA Even sem.pdf,QPB-18MCA53-2022-JUN-SEE,29,30,Machine Learning,18MCA53,5,MCA,2018 Scheme,SEE,JUN 2022,100,180,10,30,5,true,10,VERIFIED,EXTRACTED,VERIFIED,
Previous Years QPs/MCA/2023 MCA Even sem.pdf,QPB-22MCA21-2023-JUN-SEE,3,3,Database Management System,22MCA21,2,MCA,2022 Scheme,SEE,JUN 2023,100,180,10,21,5,true,10,VERIFIED,EXTRACTED,VERIFIED,
Previous Years QPs/MCA/2023 MCA Even sem.pdf,QPB-22MCA22-2023-JUN-SEE,4,5,Object Oriented Programming Using Java,22MCA22,2,MCA,2022 Scheme,SEE,JUN 2023,100,180,10,20,5,true,10,VERIFIED,EXTRACTED,VERIFIED,
Previous Years QPs/MCA/2023 MCA Even sem.pdf,QPB-22MCA23-2023-JUN-SEE,6,7,Software Engineering,22MCA23,2,MCA,2022 Scheme,SEE,JUN 2023,100,180,10,21,5,true,10,VERIFIED,EXTRACTED,VERIFIED,
Previous Years QPs/MCA/2023 MCA Even sem.pdf,QPB-22MCA24-2023-JUN-SEE,8,9,Web Technologies,22MCA24,2,MCA,2022 Scheme,SEE,JUN 2023,100,180,10,24,5,true,10,VERIFIED,EXTRACTED,VERIFIED,
Previous Years QPs/MCA/2023 MCA Even sem.pdf,QPB-22MCA261-2023-JUN-SEE,10,11,Cryptography and Network Security,22MCA261,2,MCA,2022 Scheme,SEE,JUN 2023,100,180,10,20,5,true,10,VERIFIED,EXTRACTED,VERIFIED,
Previous Years QPs/MCA/2023 MCA Even sem.pdf,QPB-20MCA41-2023-JUN-SEE,12,13,Advances in Web Technologies,20MCA41,4,MCA,2020 Scheme,SEE,JUN 2023,100,180,10,27,5,true,10,VERIFIED,EXTRACTED,VERIFIED,
Previous Years QPs/MCA/2023 MCA Even sem.pdf,QPB-20MCA42-2023-JUN-SEE,14,15,Programming using C#,20MCA42,4,MCA,2020 Scheme,SEE,JUN 2023,100,180,10,21,5,true,10,VERIFIED,EXTRACTED,VERIFIED,
Previous Years QPs/MCA/2023 MCA Odd sem.pdf,QPB-20MCA31-2023-JAN-SEE,3,4,Data Analytics using Python,20MCA31,3,MCA,2020 Scheme,SEE,JAN 2023,100,180,10,22,5,true,10,VERIFIED,EXTRACTED,VERIFIED,
Previous Years QPs/MCA/2023 MCA Odd sem.pdf,QPB-20MCA32-2023-JAN-SEE,5,6,Internet of Things,20MCA32,3,MCA,2020 Scheme,SEE,JAN 2023,100,180,10,28,5,true,10,VERIFIED,EXTRACTED,VERIFIED,
Previous Years QPs/MCA/2023 MCA Odd sem.pdf,QPB-20MCA33-2023-JAN-SEE,7,8,Advances in Java,20MCA33,3,MCA,2020 Scheme,SEE,JAN 2023,100,180,10,22,5,true,10,VERIFIED,EXTRACTED,VERIFIED,
Previous Years QPs/MCA/2023 MCA Odd sem.pdf,QPB-20MCA344-2023-JAN-SEE,9,10,Software Testing,20MCA344,3,MCA,2020 Scheme,SEE,JAN 2023,100,180,10,26,5,true,10,VERIFIED,EXTRACTED,VERIFIED,
Previous Years QPs/MCA/2023 MCA Odd sem.pdf,QPB-20MCA354-2023-JAN-SEE,11,11,Software Project Management,20MCA354,3,MCA,2020 Scheme,SEE,JAN 2023,100,180,10,21,5,true,10,VERIFIED,EXTRACTED,VERIFIED,
Previous Years QPs/MCA/2023 MCA Odd sem.pdf,QPB-22MCA11-2023-JAN-SEE,12,14,Mathematical Foundation for Computer Applications,22MCA11,1,MCA,2022 Scheme,SEE,JAN 2023,100,180,10,31,5,true,10,VERIFIED,EXTRACTED,VERIFIED,
Previous Years QPs/MCA/2023 MCA Odd sem.pdf,QPB-22MCA12-2023-JAN-SEE,15,16,Operating System Concepts,22MCA12,1,MCA,2022 Scheme,SEE,JAN 2023,100,180,10,20,5,true,10,VERIFIED,EXTRACTED,VERIFIED,
Previous Years QPs/MCA/2023 MCA Odd sem.pdf,QPB-22MCA13-2023-JAN-SEE,17,18,Data Structures,22MCA13,1,MCA,2022 Scheme,SEE,JAN 2023,100,180,10,25,5,true,10,VERIFIED,EXTRACTED,VERIFIED,
Previous Years QPs/MCA/2023 MCA Odd sem.pdf,QPB-22MCA14-2023-JAN-SEE,19,20,Computer Networks,22MCA14,1,MCA,2022 Scheme,SEE,JAN 2023,100,180,10,25,5,true,10,VERIFIED,EXTRACTED,VERIFIED,
Previous Years QPs/MCA/2023 MCA Odd sem.pdf,QPB-22MCA15-2023-JAN-SEE,21,23,Design and Analysis of Algorithms,22MCA15,1,MCA,2022 Scheme,SEE,JAN 2023,100,180,10,21,5,true,10,VERIFIED,EXTRACTED,VERIFIED,
Previous Years QPs/MCA/2023 MCA Odd sem.pdf,QPB-22RMI18-2023-JAN-SEE,24,24,Research Methodology and IPR,22RMI18,1,MCA,2022 Scheme,SEE,JAN 2023,100,180,10,20,5,true,10,VERIFIED,EXTRACTED,VERIFIED,
Previous Years QPs/MCA/MCA QP Dec-2024-Jan 2025.pdf,QPB-MMC101-2025-JAN-SEE,3,4,Programming and Problem Solving in C,MMC101,1,MCA,,SEE,JAN 2025,100,180,10,25,5,true,10,VERIFIED,EXTRACTED,VERIFIED,
Previous Years QPs/MCA/MCA QP Dec-2024-Jan 2025.pdf,QPB-MMC102-2025-JAN-SEE,5,6,Discrete Mathematics and Graph Theory,MMC102,1,MCA,,SEE,JAN 2025,100,180,10,26,5,true,10,VERIFIED,EXTRACTED,VERIFIED,
Previous Years QPs/MCA/MCA QP Dec-2024-Jan 2025.pdf,QPB-MMC103-2025-JAN-SEE,7,8,Database Management Systems (DBMS),MMC103,1,MCA,,SEE,JAN 2025,100,180,10,23,5,true,10,VERIFIED,EXTRACTED,VERIFIED,
Previous Years QPs/MCA/MCA QP Dec-2024-Jan 2025.pdf,QPB-MMC104-2025-JAN-SEE,9,10,Operating System,MMC104,1,MCA,,SEE,JAN 2025,100,180,10,21,5,true,10,VERIFIED,EXTRACTED,VERIFIED,
Previous Years QPs/MCA/MCA QP Dec-2024-Jan 2025.pdf,QPB-MMC105-2025-JAN-SEE,11,12,Web Technologies,MMC105,1,MCA,,SEE,JAN 2025,100,180,10,20,5,true,10,VERIFIED,EXTRACTED,VERIFIED,
Previous Years QPs/MCA/MCA QP Dec-2024-Jan 2025.pdf,QPB-22MCA21-2025-JAN-SEE,13,14,Database Management System,22MCA21,2,MCA,,SEE,JAN 2025,100,180,10,25,5,true,10,VERIFIED,EXTRACTED,VERIFIED,
Previous Years QPs/MCA/MCA QP Dec-2024-Jan 2025.pdf,QPB-22MCA22-2025-JAN-SEE,15,15,Object Oriented Programming using Java,22MCA22,2,MCA,,SEE,JAN 2025,100,180,10,21,5,true,10,VERIFIED,EXTRACTED,VERIFIED,
Previous Years QPs/MCA/MCA QP Dec-2024-Jan 2025.pdf,QPB-22MCA24-2025-JAN-SEE,16,17,Web Technologies,22MCA24,2,MCA,,SEE,JAN 2025,100,180,10,20,5,true,10,VERIFIED,EXTRACTED,VERIFIED,
Previous Years QPs/MCA/MCA QP Dec-2024-Jan 2025.pdf,QPB-22MCA252-2025-JAN-SEE,18,19,Data Mining and Business Intelligence,22MCA252,2,MCA,,SEE,JAN 2025,100,180,10,20,5,true,10,VERIFIED,EXTRACTED,VERIFIED,
Previous Years QPs/MCA/MCA QP Dec-2024-Jan 2025.pdf,QPB-22MCA262-2025-JAN-SEE,20,21,Artificial Intelligence,22MCA262,2,MCA,,SEE,JAN 2025,100,180,10,24,5,true,10,VERIFIED,EXTRACTED,VERIFIED,
Previous Years QPs/MCA/MCA QP Dec-2024-Jan 2025.pdf,QPB-22MCA31-2025-JAN-SEE,22,23,Data Analytics using Python,22MCA31,3,MCA,,SEE,JAN 2025,100,180,10,20,5,true,10,VERIFIED,EXTRACTED,VERIFIED,
Previous Years QPs/MCA/MCA QP Dec-2024-Jan 2025.pdf,QPB-22MCA32-2025-JAN-SEE,24,25,Internet of Things,22MCA32,3,MCA,,SEE,JAN 2025,100,180,10,27,5,true,10,VERIFIED,EXTRACTED,VERIFIED,
Previous Years QPs/MCA/MCA QP Dec-2024-Jan 2025.pdf,QPB-22MCA332-2025-JAN-SEE,26,26,Cloud Computing,22MCA332,3,MCA,,SEE,JAN 2025,100,180,10,22,5,true,10,VERIFIED,EXTRACTED,VERIFIED,
Previous Years QPs/MCA/MCA QP Dec-2024-Jan 2025.pdf,QPB-22MCA342-2025-JAN-SEE,27,28,Introduction to Dot-Net Framework for application Development,22MCA342,3,MCA,,SEE,JAN 2025,100,180,10,20,5,true,10,VERIFIED,EXTRACTED,VERIFIED,
Previous Years QPs/MCA/MCA QP-2024.pdf,QPB-22MCA11-2024-JAN-SEE,3,6,Mathematical Foundation for Computer Applications,22MCA11,1,MCA,,SEE,JAN 2024,100,180,10,29,5,true,10,VERIFIED,EXTRACTED,VERIFIED,
Previous Years QPs/MCA/MCA QP-2024.pdf,QPB-22MCA12-2024-JAN-SEE,7,8,Operating System Concepts,22MCA12,1,MCA,,SEE,JAN 2024,100,180,10,20,5,true,10,VERIFIED,EXTRACTED,VERIFIED,
Previous Years QPs/MCA/MCA QP-2024.pdf,QPB-22MCA13-2024-JAN-SEE,9,10,Data Structures with Algorithms,22MCA13,1,MCA,,SEE,JAN 2024,100,180,10,24,5,true,10,VERIFIED,EXTRACTED,VERIFIED,
Previous Years QPs/MCA/MCA QP-2024.pdf,QPB-22MCA14-2024-JAN-SEE,11,12,Computer Networks,22MCA14,1,MCA,,SEE,JAN 2024,100,180,10,25,5,true,10,VERIFIED,EXTRACTED,VERIFIED,
Previous Years QPs/MCA/MCA QP-2024.pdf,QPB-22MCA15-2024-JAN-SEE,13,14,Design and Analysis of Algorithm,22MCA15,1,MCA,,SEE,JAN 2024,100,180,10,20,5,true,10,VERIFIED,EXTRACTED,VERIFIED,
Previous Years QPs/MCA/MCA QP-2024.pdf,QPB-22RMI18-2024-JAN-SEE,15,15,Research Methodology and IPR,22RMI18,1,MCA,,SEE,JAN 2024,100,180,10,21,5,true,10,VERIFIED,EXTRACTED,VERIFIED,
Previous Years QPs/ME/2023 ME Even sem.pdf,QPB-21BE45-2023-JUN-SEE,4,4,Biology for Engineers,21BE45,4,ME,2021 Scheme,SEE,JUN 2023,100,180,10,30,5,true,10,VERIFIED,EXTRACTED,VERIFIED,
Previous Years QPs/ME/2023 ME Even sem.pdf,QPB-21CIP37/21CIP47-2023-JUN-SEE,5,8,CONSTITUTION OF INDIA AND PROFESSIONAL ETHICS,21CIP37/21CIP47,4,ME,2021 Scheme,SEE,JUN 2023,50,60,52,52,0,false,,VERIFIED_SPECIAL_FORMAT,EXTRACTED,VERIFIED_SPECIAL_FORMAT,DUPLICATE_Q:1/2/3/4/5
Previous Years QPs/ME/2023 ME Even sem.pdf,QPB-21CIP37/21CIP47-2023-JUN-SEE,9,12,CONSTITUTION OF INDIA AND PROFESSIONAL ETHICS,21CIP37/21CIP47,4,ME,2021 Scheme,SEE,JUN 2023,50,60,52,52,0,false,,VERIFIED_SPECIAL_FORMAT,EXTRACTED,VERIFIED_SPECIAL_FORMAT,DUPLICATE_Q:1/2/3/4/5
Previous Years QPs/ME/2023 ME Even sem.pdf,QPB-21CIP37/21CIP47-2023-JUN-SEE,13,16,CONSTITUTION OF INDIA AND PROFESSIONAL ETHICS,21CIP37/21CIP47,4,ME,2021 Scheme,SEE,JUN 2023,50,60,52,52,0,false,,VERIFIED_SPECIAL_FORMAT,EXTRACTED,VERIFIED_SPECIAL_FORMAT,DUPLICATE_Q:1/2/3/4/5
Previous Years QPs/ME/2023 ME Even sem.pdf,QPB-21CIP37/21CIP47-2023-JUN-SEE,17,20,CONSTITUTION OF INDIA AND PROFESSIONAL ETHICS,21CIP37/21CIP47,4,ME,2021 Scheme,SEE,JUN 2023,50,60,52,52,0,false,,VERIFIED_SPECIAL_FORMAT,EXTRACTED,VERIFIED_SPECIAL_FORMAT,DUPLICATE_Q:1/2/3/4/5
Previous Years QPs/ME/2023 ME Even sem.pdf,QPB-21KBK47-2023-JUN-SEE,21,24,Balake Kannada,21KBK47,4,ME,2021 Scheme,SEE,JUN 2023,50,60,52,52,0,false,,VERIFIED_SPECIAL_FORMAT,EXTRACTED,VERIFIED_SPECIAL_FORMAT,DUPLICATE_Q:1/2/3/4/5
Previous Years QPs/ME/2023 ME Even sem.pdf,QPB-21KBK47-2023-JUN-SEE,25,28,Balake Kannada,21KBK47,4,ME,2021 Scheme,SEE,JUN 2023,50,60,52,52,0,false,,VERIFIED_SPECIAL_FORMAT,EXTRACTED,VERIFIED_SPECIAL_FORMAT,DUPLICATE_Q:1/2/3/4/5
Previous Years QPs/ME/2023 ME Even sem.pdf,QPB-21KBK47-2023-JUN-SEE,29,32,Balake Kannada,21KBK47,4,ME,2021 Scheme,SEE,JUN 2023,50,60,52,52,0,false,,VERIFIED_SPECIAL_FORMAT,EXTRACTED,VERIFIED_SPECIAL_FORMAT,DUPLICATE_Q:1/2/3/4/5
Previous Years QPs/ME/2023 ME Even sem.pdf,QPB-21KBK47-2023-JUN-SEE,33,36,Balake Kannada,21KBK47,4,ME,2021 Scheme,SEE,JUN 2023,50,60,52,52,0,false,,VERIFIED_SPECIAL_FORMAT,EXTRACTED,VERIFIED_SPECIAL_FORMAT,DUPLICATE_Q:1/2/3/4/5
Previous Years QPs/ME/2023 ME Even sem.pdf,QPB-21KSK47-2023-JUN-SEE,37,42,±ಾ ಾ ಸ ĂĦ ಕ ಕನ Ç ಡ - Samskruthika Kannada,21KSK47,4,ME,2021 Scheme,SEE,JUN 2023,50,60,14,54,0,false,,VERIFIED_SPECIAL_FORMAT,EXTRACTED,VERIFIED_SPECIAL_FORMAT,
Previous Years QPs/ME/2023 ME Even sem.pdf,QPB-21KSK47-2023-JUN-SEE,43,48,±ಾ ಾ ಸ ĂĦ ಕ ಕನ Ç ಡ - Samskruthika Kannada,21KSK47,4,ME,2021 Scheme,SEE,JUN 2023,50,60,14,55,0,false,,VERIFIED_SPECIAL_FORMAT,EXTRACTED,VERIFIED_SPECIAL_FORMAT,
Previous Years QPs/ME/2023 ME Even sem.pdf,QPB-21KSK47-2023-JUN-SEE,49,55,±ಾ ಾ ಸ ĂĦ ಕ ಕನ Ç ಡ - Samskruthika Kannada,21KSK47,4,ME,2021 Scheme,SEE,JUN 2023,50,60,14,56,0,false,,VERIFIED_SPECIAL_FORMAT,EXTRACTED,VERIFIED_SPECIAL_FORMAT,
Previous Years QPs/ME/2023 ME Even sem.pdf,QPB-21KSK47-2023-JUN-SEE,56,61,±ಾ ಾ ಸ ĂĦ ಕ ಕನ Ç ಡ - Samskruthika Kannada,21KSK47,4,ME,2021 Scheme,SEE,JUN 2023,50,60,14,57,0,false,,VERIFIED_SPECIAL_FORMAT,EXTRACTED,VERIFIED_SPECIAL_FORMAT,
Previous Years QPs/ME/2023 ME Even sem.pdf,QPB-21ME42-2023-JUN-SEE,62,63,Machining Science and Jigs & Fixtures,21ME42,4,ME,2021 Scheme,SEE,JUN 2023,100,180,10,28,5,true,10,VERIFIED,EXTRACTED,VERIFIED,
Previous Years QPs/ME/2023 ME Even sem.pdf,QPB-21ME43-2023-JUN-SEE,64,65,Fluid Mechanics,21ME43,4,ME,2021 Scheme,SEE,JUN 2023,100,180,10,23,5,true,10,VERIFIED,EXTRACTED,VERIFIED,
Previous Years QPs/ME/2023 ME Even sem.pdf,QPB-21ME44-2023-JUN-SEE,66,68,Mechanics and Materials,21ME44,4,ME,2021 Scheme,SEE,JUN 2023,100,180,10,25,5,true,10,VERIFIED,EXTRACTED,VERIFIED,
Previous Years QPs/ME/2023 ME Even sem.pdf,QPB-21UH49-2023-JUN-SEE,69,72,Universal Human Values,21UH49,4,ME,2021 Scheme,SEE,JUN 2023,50,60,52,52,0,false,,VERIFIED_SPECIAL_FORMAT,EXTRACTED,VERIFIED_SPECIAL_FORMAT,DUPLICATE_Q:1/2/3/4/5
Previous Years QPs/ME/2023 ME Even sem.pdf,QPB-21UH49-2023-JUN-SEE,73,76,Universal Human Values,21UH49,4,ME,2021 Scheme,SEE,JUN 2023,50,60,53,53,0,false,,VERIFIED_SPECIAL_FORMAT,EXTRACTED,VERIFIED_SPECIAL_FORMAT,DUPLICATE_Q:1/2/3/4/5
Previous Years QPs/ME/2023 ME Even sem.pdf,QPB-21UH49-2023-JUN-SEE,77,80,Universal Human Values,21UH49,4,ME,2021 Scheme,SEE,JUN 2023,50,60,52,52,0,false,,VERIFIED_SPECIAL_FORMAT,EXTRACTED,VERIFIED_SPECIAL_FORMAT,DUPLICATE_Q:1/2/3/4/5
Previous Years QPs/ME/2023 ME Even sem.pdf,QPB-21UH49-2023-JUN-SEE,81,84,Universal Human Values,21UH49,4,ME,2021 Scheme,SEE,JUN 2023,50,60,52,52,0,false,,VERIFIED_SPECIAL_FORMAT,EXTRACTED,VERIFIED_SPECIAL_FORMAT,DUPLICATE_Q:1/2/3/4/5
Previous Years QPs/ME/2023 ME Even sem.pdf,QPB-18ME61-2023-JUN-SEE,85,87,Finite Element Methods,18ME61,6,ME,2018 Scheme,SEE,JUN 2023,100,180,10,20,5,true,10,VERIFIED,EXTRACTED,VERIFIED,
Previous Years QPs/ME/2023 ME Even sem.pdf,QPB-18ME62-2023-JUN-SEE,88,90,Design of Machine Elements – II,18ME62,6,ME,2018 Scheme,SEE,JUN 2023,100,180,10,17,5,true,10,VERIFIED,EXTRACTED,VERIFIED,
Previous Years QPs/ME/2023 ME Even sem.pdf,QPB-18ME63-2023-JUN-SEE,91,92,Heat Transfer,18ME63,6,ME,2018 Scheme,SEE,JUN 2023,100,180,10,23,5,true,10,VERIFIED,EXTRACTED,VERIFIED,
Previous Years QPs/ME/2023 ME Even sem.pdf,QPB-18ME641-2023-JUN-SEE,93,94,Non - Traditional Machining,18ME641,6,ME,2018 Scheme,SEE,JUN 2023,100,180,10,24,5,true,10,VERIFIED,EXTRACTED,VERIFIED,
Previous Years QPs/ME/2023 ME Even sem.pdf,QPB-18ME645-2023-JUN-SEE,95,96,Composite Materials Technology,18ME645,6,ME,2018 Scheme,SEE,JUN 2023,100,180,10,23,5,true,10,VERIFIED,EXTRACTED,VERIFIED,
Previous Years QPs/ME/2023 ME Even sem.pdf,QPB-18ME651-2023-JUN-SEE,97,98,Non-Conventional Energy Sources,18ME651,6,ME,2018 Scheme,SEE,JUN 2023,100,180,10,27,5,true,10,VERIFIED,EXTRACTED,VERIFIED,
Previous Years QPs/ME/2023 ME Even sem.pdf,QPB-18ME81-2023-JUN-SEE,99,100,Energy Engineering,18ME81,8,ME,2018 Scheme,SEE,JUN 2023,100,180,10,20,5,true,10,VERIFIED,EXTRACTED,VERIFIED,
Previous Years QPs/ME/2023 ME Even sem.pdf,QPB-18ME824-2023-JUN-SEE,101,101,Automobile Engineering,18ME824,8,ME,2018 Scheme,SEE,JUN 2023,100,180,10,20,5,true,10,VERIFIED,EXTRACTED,VERIFIED,
Previous Years QPs/ME/2023 ME Odd sem.pdf,QPB-18ME51-2023-JAN-SEE,3,4,Management and Economics,18ME51,5,ME,2018 Scheme,SEE,JAN 2023,100,180,10,22,5,true,10,VERIFIED,EXTRACTED,VERIFIED,
Previous Years QPs/ME/2023 ME Odd sem.pdf,QPB-18ME52-2023-JAN-SEE,5,7,Design of Machine Elements – I,18ME52,5,ME,2018 Scheme,SEE,JAN 2023,100,180,10,20,5,true,10,VERIFIED,EXTRACTED,VERIFIED,
Previous Years QPs/ME/2023 ME Odd sem.pdf,QPB-18ME53-2023-JAN-SEE,8,9,Dynamics of Machines,18ME53,5,ME,2018 Scheme,SEE,JAN 2023,100,180,10,17,5,true,10,VERIFIED,EXTRACTED,VERIFIED,
Previous Years QPs/ME/2023 ME Odd sem.pdf,QPB-18ME54-2023-JAN-SEE,10,12,Turbomachines,18ME54,5,ME,2018 Scheme,SEE,JAN 2023,100,180,10,24,5,true,10,VERIFIED,EXTRACTED,VERIFIED,
Previous Years QPs/ME/2023 ME Odd sem.pdf,QPB-18ME55-2023-JAN-SEE,13,14,Fluid Power Engineering,18ME55,5,ME,2018 Scheme,SEE,JAN 2023,100,180,10,27,5,true,10,VERIFIED,EXTRACTED,VERIFIED,
Previous Years QPs/ME/2023 ME Odd sem.pdf,QPB-18ME56-2023-JAN-SEE,15,16,Operations Management,18ME56,5,ME,2018 Scheme,SEE,JAN 2023,100,180,10,20,5,true,10,VERIFIED,EXTRACTED,VERIFIED,
Previous Years QPs/ME/2023 ME Odd sem.pdf,QPB-18CIV59-2023-JAN-SEE,17,24,Environmental Studies (COMMON TO ALL BRANCHES),18CIV59,5,ME,2018 Scheme,SEE,JAN 2023,100,120,51,51,0,false,,VERIFIED_SPECIAL_FORMAT,EXTRACTED,VERIFIED_SPECIAL_FORMAT,DUPLICATE_Q:1/2/3/4/5
Previous Years QPs/ME/2023 ME Odd sem.pdf,QPB-18CIV59-2023-JAN-SEE,25,32,Environmental Studies (COMMON TO ALL BRANCHES),18CIV59,5,ME,2018 Scheme,SEE,JAN 2023,100,120,51,51,0,false,,VERIFIED_SPECIAL_FORMAT,EXTRACTED,VERIFIED_SPECIAL_FORMAT,DUPLICATE_Q:1/2/3/4/5
Previous Years QPs/ME/2023 ME Odd sem.pdf,QPB-18CIV59-2023-JAN-SEE,33,40,Environmental Studies (COMMON TO ALL BRANCHES),18CIV59,5,ME,2018 Scheme,SEE,JAN 2023,100,120,51,51,0,false,,VERIFIED_SPECIAL_FORMAT,EXTRACTED,VERIFIED_SPECIAL_FORMAT,DUPLICATE_Q:1/2/3/4/5
Previous Years QPs/ME/2023 ME Odd sem.pdf,QPB-18CIV59-2023-JAN-SEE,41,48,Environmental Studies (COMMON TO ALL BRANCHES),18CIV59,5,ME,2018 Scheme,SEE,JAN 2023,100,120,51,51,0,false,,VERIFIED_SPECIAL_FORMAT,EXTRACTED,VERIFIED_SPECIAL_FORMAT,DUPLICATE_Q:1/2/3/4/5
Previous Years QPs/ME/2023 ME Odd sem.pdf,QPB-18ME71-2023-JAN-SEE,49,51,Control Engineering,18ME71,7,ME,2018 Scheme,SEE,JAN 2023,100,180,10,18,5,true,10,VERIFIED,EXTRACTED,VERIFIED,
Previous Years QPs/ME/2023 ME Odd sem.pdf,QPB-18ME71-2023-JUN-SEE,52,54,Control Engineering,18ME71,7,ME,2018 Scheme,SEE,JUN 2023,100,180,10,26,5,true,10,VERIFIED,EXTRACTED,VERIFIED,
Previous Years QPs/ME/2023 ME Odd sem.pdf,QPB-18ME72-2023-JAN-SEE,55,56,Computer Aided Design and Manufacturing,18ME72,7,ME,2018 Scheme,SEE,JAN 2023,100,180,10,20,5,true,10,VERIFIED,EXTRACTED,VERIFIED,
Previous Years QPs/ME/2023 ME Odd sem.pdf,QPB-18ME734-2023-JAN-SEE,57,57,Total Quality Management,18ME734,7,ME,2018 Scheme,SEE,JAN 2023,100,180,10,20,5,true,10,VERIFIED,EXTRACTED,VERIFIED,
Previous Years QPs/ME/2023 ME Odd sem.pdf,QPB-18ME734-2023-JUN-SEE,58,58,Total Quality Management,18ME734,7,ME,2018 Scheme,SEE,JUN 2023,100,180,10,25,5,true,10,VERIFIED,EXTRACTED,VERIFIED,
Previous Years QPs/ME/2023 ME Odd sem.pdf,QPB-18ME744-2023-JAN-SEE,59,60,Mechatronics,18ME744,7,ME,2018 Scheme,SEE,JAN 2023,100,180,10,26,5,true,10,VERIFIED,EXTRACTED,VERIFIED,
Previous Years QPs/ME/2023 ME Odd sem.pdf,QPB-18ME744-2023-JUN-SEE,61,62,Mechatronics,18ME744,7,ME,2018 Scheme,SEE,JUN 2023,100,180,10,30,5,true,10,VERIFIED,EXTRACTED,VERIFIED,
Previous Years QPs/ME/2023 ME Odd sem.pdf,QPB-18ME751-2023-JUN-SEE,63,65,Energy and Environment,18ME751,7,ME,2018 Scheme,SEE,JUN 2023,100,180,10,20,5,true,10,VERIFIED,EXTRACTED,VERIFIED,
Previous Years QPs/ME/2023 ME Odd sem.pdf,QPB-21ME32-2023-JAN-SEE,66,66,"Metal Casting, Forming And Joining Processes",21ME32,3,ME,2021 Scheme,SEE,JAN 2023,100,180,10,20,5,true,10,VERIFIED,EXTRACTED,VERIFIED,
Previous Years QPs/ME/2023 ME Odd sem.pdf,QPB-21ME33-2023-JAN-SEE,67,68,Material Science and Engineering,21ME33,3,ME,2021 Scheme,SEE,JAN 2023,100,180,10,28,5,true,10,VERIFIED,EXTRACTED,VERIFIED,
Previous Years QPs/ME/2023 ME Odd sem.pdf,QPB-21ME34-2023-JAN-SEE,69,70,Thermodynamics,21ME34,3,ME,2021 Scheme,SEE,JAN 2023,100,180,10,23,5,true,10,VERIFIED,EXTRACTED,VERIFIED,
Previous Years QPs/ME/2023 ME Odd sem.pdf,QPB-21KBK37-2023-JAN-SEE,71,74,Balake Kannada,21KBK37,3,ME,2021 Scheme,SEE,JAN 2023,50,60,52,52,0,false,,VERIFIED_SPECIAL_FORMAT,EXTRACTED,VERIFIED_SPECIAL_FORMAT,DUPLICATE_Q:1/2/3/4/5
Previous Years QPs/ME/2023 ME Odd sem.pdf,QPB-21KBK37-2023-JAN-SEE,75,78,Balake Kannada,21KBK37,3,ME,2021 Scheme,SEE,JAN 2023,50,60,52,52,0,false,,VERIFIED_SPECIAL_FORMAT,EXTRACTED,VERIFIED_SPECIAL_FORMAT,DUPLICATE_Q:1/2/3/4/5
Previous Years QPs/ME/2023 ME Odd sem.pdf,QPB-21KBK37-2023-JAN-SEE,79,82,Balake Kannada,21KBK37,3,ME,2021 Scheme,SEE,JAN 2023,50,60,52,52,0,false,,VERIFIED_SPECIAL_FORMAT,EXTRACTED,VERIFIED_SPECIAL_FORMAT,DUPLICATE_Q:1/2/3/4/5
Previous Years QPs/ME/2023 ME Odd sem.pdf,QPB-21KBK37-2023-JAN-SEE,83,86,Balake Kannada,21KBK37,3,ME,2021 Scheme,SEE,JAN 2023,50,60,52,52,0,false,,VERIFIED_SPECIAL_FORMAT,EXTRACTED,VERIFIED_SPECIAL_FORMAT,DUPLICATE_Q:1/2/3/4/5
Previous Years QPs/ME/2023 ME Odd sem.pdf,QPB-21KSK37-2023-JAN-SEE,87,94,Samskruthika Kannada,21KSK37,3,ME,2021 Scheme,SEE,JAN 2023,50,60,53,53,0,false,,VERIFIED_SPECIAL_FORMAT,EXTRACTED,VERIFIED_SPECIAL_FORMAT,DUPLICATE_Q:1/2/3/4/8/6/9/23
Previous Years QPs/ME/2023 ME Odd sem.pdf,QPB-21KSK37-2023-JAN-SEE,95,100,Samskruthika Kannada,21KSK37,3,ME,2021 Scheme,SEE,JAN 2023,50,60,55,55,0,false,,VERIFIED_SPECIAL_FORMAT,EXTRACTED,VERIFIED_SPECIAL_FORMAT,DUPLICATE_Q:1/2/3/4/8/6/9/23
Previous Years QPs/ME/2023 ME Odd sem.pdf,QPB-21KSK37-2023-JAN-SEE,101,110,Samskruthika Kannada,21KSK37,3,ME,2021 Scheme,SEE,JAN 2023,50,60,53,53,0,false,,VERIFIED_SPECIAL_FORMAT,EXTRACTED,VERIFIED_SPECIAL_FORMAT,DUPLICATE_Q:1/2/3/4/8/9/6/23
Previous Years QPs/ME/2023 ME Odd sem.pdf,QPB-21KSK37-2023-JAN-SEE,111,116,Samskruthika Kannada,21KSK37,3,ME,2021 Scheme,SEE,JAN 2023,50,60,55,55,0,false,,VERIFIED_SPECIAL_FORMAT,EXTRACTED,VERIFIED_SPECIAL_FORMAT,DUPLICATE_Q:1/2/3/5/8/9/23
Previous Years QPs/ME/2024 ME Odd sem.pdf,QPB-BME301-2024-JAN-SEE,3,5,Mechanics of Materials,BME301,3,ME,2022 Scheme,SEE,JAN 2024,100,180,10,24,5,true,10,VERIFIED,EXTRACTED,VERIFIED,
Previous Years QPs/ME/2024 ME Odd sem.pdf,QPB-BME302-2024-JAN-SEE,6,6,Manufacturing Process,BME302,3,ME,2022 Scheme,SEE,JAN 2024,100,180,10,20,5,true,10,VERIFIED,EXTRACTED,VERIFIED,
Previous Years QPs/ME/2024 ME Odd sem.pdf,QPB-BME303-2024-JAN-SEE,7,8,Material Science and Engineering,BME303,3,ME,2022 Scheme,SEE,JAN 2024,100,180,10,21,5,true,10,VERIFIED,EXTRACTED,VERIFIED,
Previous Years QPs/ME/2024 ME Odd sem.pdf,QPB-BME304-2024-JAN-SEE,9,10,Basic Thermodynamics,BME304,3,ME,2022 Scheme,SEE,JAN 2024,100,180,10,26,5,true,10,VERIFIED,EXTRACTED,VERIFIED,
Previous Years QPs/ME/2024 ME Odd sem.pdf,QPB-21ME51-2024-JAN-SEE,11,13,Theory of Machines,21ME51,5,ME,2021 Scheme,SEE,JAN 2024,100,180,10,27,5,true,10,VERIFIED,EXTRACTED,VERIFIED,
Previous Years QPs/ME/2024 ME Odd sem.pdf,QPB-21ME52-2024-JAN-SEE,14,16,Thermo-Fluids Engineering,21ME52,5,ME,2021 Scheme,SEE,JAN 2024,100,180,10,28,5,true,10,VERIFIED,EXTRACTED,VERIFIED,
Previous Years QPs/ME/2024 ME Odd sem.pdf,QPB-21ME53-2024-JAN-SEE,17,19,Finite Elements Analysis,21ME53,5,ME,2021 Scheme,SEE,JAN 2024,100,180,10,16,5,true,10,VERIFIED,EXTRACTED,VERIFIED,
Previous Years QPs/ME/2024 ME Odd sem.pdf,QPB-21ME54-2024-JAN-SEE,20,20,Modern Mobility and Automotive Mechanics,21ME54,5,ME,2021 Scheme,SEE,JAN 2024,100,180,10,20,5,true,10,VERIFIED,EXTRACTED,VERIFIED,
Previous Years QPs/ME/2024 ME Odd sem.pdf,QPB-18ME71-2024-JAN-SEE,21,23,Control Engineering,18ME71,7,ME,2018 Scheme,SEE,JAN 2024,100,180,10,17,5,true,10,VERIFIED,EXTRACTED,VERIFIED,
Previous Years QPs/ME/2024 ME Odd sem.pdf,QPB-18ME72-2024-JAN-SEE,24,25,Computer Aided Design and Manufacturing,18ME72,7,ME,2018 Scheme,SEE,JAN 2024,100,180,10,26,5,true,10,VERIFIED,EXTRACTED,VERIFIED,
Previous Years QPs/ME/2024 ME Odd sem.pdf,QPB-18ME734-2024-JAN-SEE,26,26,Total Quality Management,18ME734,7,ME,2018 Scheme,SEE,JAN 2024,100,180,10,20,5,true,10,VERIFIED,EXTRACTED,VERIFIED,
Previous Years QPs/ME/2024 ME Odd sem.pdf,QPB-18ME744-2024-JAN-SEE,27,28,Mechatronics,18ME744,7,ME,2018 Scheme,SEE,JAN 2024,100,180,10,23,5,true,10,VERIFIED,EXTRACTED,VERIFIED,
Previous Years QPs/ME/2024 ME Odd sem.pdf,QPB-18ME751-2024-JAN-SEE,29,30,Energy and Environment,18ME751,7,ME,2018 Scheme,SEE,JAN 2024,100,180,10,25,5,true,10,VERIFIED,EXTRACTED,VERIFIED,
